2026-02-17T09:13:26.383+05:30  INFO 11624 --- [main] c.m.FreelancingServiceApplication        : Starting FreelancingServiceApplication using Java 17.0.12 with PID 11624 (C:\Users\ACER\git\repository2\Freelancing_Service\target\classes started by ACER in C:\Users\ACER\git\repository2\Freelancing_Service)
2026-02-17T09:13:26.396+05:30 DEBUG 11624 --- [main] c.m.FreelancingServiceApplication        : Running with Spring Boot v3.5.9, Spring v6.2.15
2026-02-17T09:13:26.398+05:30  INFO 11624 --- [main] c.m.FreelancingServiceApplication        : The following 1 profile is active: "dev"
2026-02-17T09:13:30.054+05:30  INFO 11624 --- [main] .s.d.r.c.RepositoryConfigurationDelegate : Bootstrapping Spring Data JPA repositories in DEFAULT mode.
2026-02-17T09:13:30.257+05:30  INFO 11624 --- [main] .s.d.r.c.RepositoryConfigurationDelegate : Finished Spring Data repository scanning in 181 ms. Found 9 JPA repository interfaces.
2026-02-17T09:13:31.539+05:30  INFO 11624 --- [main] o.s.b.w.embedded.tomcat.TomcatWebServer  : Tomcat initialized with port 10000 (http)
2026-02-17T09:13:31.570+05:30  INFO 11624 --- [main] o.apache.catalina.core.StandardService   : Starting service [Tomcat]
2026-02-17T09:13:31.571+05:30  INFO 11624 --- [main] o.apache.catalina.core.StandardEngine    : Starting Servlet engine: [Apache Tomcat/10.1.50]
2026-02-17T09:13:31.717+05:30  INFO 11624 --- [main] o.a.c.c.C.[Tomcat].[localhost].[/]       : Initializing Spring embedded WebApplicationContext
2026-02-17T09:13:31.719+05:30  INFO 11624 --- [main] w.s.c.ServletWebServerApplicationContext : Root WebApplicationContext: initialization completed in 5195 ms
2026-02-17T09:13:32.298+05:30  INFO 11624 --- [main] o.hibernate.jpa.internal.util.LogHelper  : HHH000204: Processing PersistenceUnitInfo [name: default]
2026-02-17T09:13:32.457+05:30  INFO 11624 --- [main] org.hibernate.Version                    : HHH000412: Hibernate ORM core version 6.6.39.Final
2026-02-17T09:13:32.580+05:30  INFO 11624 --- [main] o.h.c.internal.RegionFactoryInitiator    : HHH000026: Second-level cache disabled
2026-02-17T09:13:33.233+05:30  INFO 11624 --- [main] o.s.o.j.p.SpringPersistenceUnitInfo      : No LoadTimeWeaver setup: ignoring JPA class transformer
2026-02-17T09:13:33.325+05:30  INFO 11624 --- [main] com.zaxxer.hikari.HikariDataSource       : HikariPool-1 - Starting...
2026-02-17T09:13:33.942+05:30  INFO 11624 --- [main] com.zaxxer.hikari.pool.HikariPool        : HikariPool-1 - Added connection com.mysql.cj.jdbc.ConnectionImpl@4db16677
2026-02-17T09:13:33.948+05:30  INFO 11624 --- [main] com.zaxxer.hikari.HikariDataSource       : HikariPool-1 - Start completed.
2026-02-17T09:13:34.107+05:30  WARN 11624 --- [main] org.hibernate.orm.deprecation            : HHH90000025: MySQLDialect does not need to be specified explicitly using 'hibernate.dialect' (remove the property setting and it will be selected by default)
2026-02-17T09:13:34.159+05:30  INFO 11624 --- [main] org.hibernate.orm.connections.pooling    : HHH10001005: Database info:
	Database JDBC URL [Connecting through datasource 'HikariDataSource (HikariPool-1)']
	Database driver: undefined/unknown
	Database version: 8.0.44
	Autocommit mode: undefined/unknown
	Isolation level: undefined/unknown
	Minimum pool size: undefined/unknown
	Maximum pool size: undefined/unknown
2026-02-17T09:13:36.294+05:30  INFO 11624 --- [main] o.h.e.t.j.p.i.JtaPlatformInitiator       : HHH000489: No JTA platform available (set 'hibernate.transaction.jta.platform' to enable JTA platform integration)
2026-02-17T09:13:36.751+05:30  INFO 11624 --- [main] j.LocalContainerEntityManagerFactoryBean : Initialized JPA EntityManagerFactory for persistence unit 'default'
2026-02-17T09:13:37.243+05:30  INFO 11624 --- [main] o.s.d.j.r.query.QueryEnhancerFactory     : Hibernate is in classpath; If applicable, HQL parser will be used.
2026-02-17T09:13:38.292+05:30 DEBUG 11624 --- [main] o.s.w.f.ServerHttpObservationFilter      : Filter 'webMvcObservationFilter' configured for use
2026-02-17T09:13:38.293+05:30 DEBUG 11624 --- [main] c.m.security.RateLimitingFilter          : Filter 'rateLimitingFilter' configured for use
2026-02-17T09:13:38.295+05:30 DEBUG 11624 --- [main] o.springframework.web.filter.CorsFilter  : Filter 'corsFilter' configured for use
2026-02-17T09:13:38.296+05:30 DEBUG 11624 --- [main] com.marketplace.security.JwtFilter       : Filter 'jwtFilter' configured for use
2026-02-17T09:13:40.232+05:30  WARN 11624 --- [main] JpaBaseConfiguration$JpaWebConfiguration : spring.jpa.open-in-view is enabled by default. Therefore, database queries may be performed during view rendering. Explicitly configure spring.jpa.open-in-view to disable this warning
2026-02-17T09:13:40.480+05:30 DEBUG 11624 --- [main] s.w.s.m.m.a.RequestMappingHandlerMapping : 58 mappings in 'requestMappingHandlerMapping'
2026-02-17T09:13:40.713+05:30 DEBUG 11624 --- [main] o.s.w.s.handler.SimpleUrlHandlerMapping  : Patterns [/webjars/**, /**, /uploads/**] in 'resourceHandlerMapping'
2026-02-17T09:13:41.031+05:30  INFO 11624 --- [main] o.s.b.a.e.web.EndpointLinksResolver      : Exposing 6 endpoints beneath base path '/actuator'
2026-02-17T09:13:41.132+05:30  INFO 11624 --- [main] r$InitializeUserDetailsManagerConfigurer : Global AuthenticationManager configured with UserDetailsService bean with name customUserDetailsService
2026-02-17T09:13:41.392+05:30 DEBUG 11624 --- [main] o.s.s.web.DefaultSecurityFilterChain     : Will secure any request with filters: DisableEncodeUrlFilter, WebAsyncManagerIntegrationFilter, SecurityContextHolderFilter, HeaderWriterFilter, CorsFilter, LogoutFilter, RateLimitingFilter, JwtFilter, RequestCacheAwareFilter, SecurityContextHolderAwareRequestFilter, AnonymousAuthenticationFilter, SessionManagementFilter, ExceptionTranslationFilter, AuthorizationFilter
2026-02-17T09:13:41.600+05:30 DEBUG 11624 --- [main] s.w.s.m.m.a.RequestMappingHandlerAdapter : ControllerAdvice beans: 0 @ModelAttribute, 0 @InitBinder, 1 RequestBodyAdvice, 1 ResponseBodyAdvice
2026-02-17T09:13:41.744+05:30 DEBUG 11624 --- [main] .m.m.a.ExceptionHandlerExceptionResolver : ControllerAdvice beans: 1 @ExceptionHandler, 1 ResponseBodyAdvice
2026-02-17T09:13:41.948+05:30  WARN 11624 --- [main] i.m.c.i.b.cache.CaffeineCacheMetrics     : The cache 'rate-limit-buckets' is not recording statistics. No meters except 'cache.size' will be registered. Call 'Caffeine#recordStats()' prior to building the cache for metrics to be recorded.
2026-02-17T09:13:42.285+05:30  INFO 11624 --- [main] o.s.b.w.embedded.tomcat.TomcatWebServer  : Tomcat started on port 10000 (http) with context path '/'
2026-02-17T09:13:42.325+05:30  INFO 11624 --- [main] c.m.FreelancingServiceApplication        : Started FreelancingServiceApplication in 17.307 seconds (process running for 19.252)
2026-02-17T09:13:42.508+05:30 DEBUG 11624 --- [main] org.hibernate.SQL                        : 
    select
        u1_0.id 
    from
        users u1_0 
    where
        u1_0.email=? 
    limit
        ?
2026-02-17T09:13:42.556+05:30 DEBUG 11624 --- [main] org.hibernate.SQL                        : 
    select
        u1_0.id 
    from
        users u1_0 
    where
        u1_0.email=? 
    limit
        ?
2026-02-17T09:13:42.561+05:30 DEBUG 11624 --- [main] org.hibernate.SQL                        : 
    select
        u1_0.id 
    from
        users u1_0 
    where
        u1_0.email=? 
    limit
        ?
2026-02-17T09:13:43.091+05:30  INFO 11624 --- [RMI TCP Connection(4)-127.0.0.1] o.a.c.c.C.[Tomcat].[localhost].[/]       : Initializing Spring DispatcherServlet 'dispatcherServlet'
2026-02-17T09:13:43.091+05:30  INFO 11624 --- [RMI TCP Connection(4)-127.0.0.1] o.s.web.servlet.DispatcherServlet        : Initializing Servlet 'dispatcherServlet'
2026-02-17T09:13:43.092+05:30 DEBUG 11624 --- [RMI TCP Connection(4)-127.0.0.1] o.s.web.servlet.DispatcherServlet        : Detected StandardServletMultipartResolver
2026-02-17T09:13:43.093+05:30 DEBUG 11624 --- [RMI TCP Connection(4)-127.0.0.1] o.s.web.servlet.DispatcherServlet        : Detected AcceptHeaderLocaleResolver
2026-02-17T09:13:43.094+05:30 DEBUG 11624 --- [RMI TCP Connection(4)-127.0.0.1] o.s.web.servlet.DispatcherServlet        : Detected FixedThemeResolver
2026-02-17T09:13:43.098+05:30 DEBUG 11624 --- [RMI TCP Connection(4)-127.0.0.1] o.s.web.servlet.DispatcherServlet        : Detected org.springframework.web.servlet.view.DefaultRequestToViewNameTranslator@4f488f4c
2026-02-17T09:13:43.100+05:30 DEBUG 11624 --- [RMI TCP Connection(4)-127.0.0.1] o.s.web.servlet.DispatcherServlet        : Detected org.springframework.web.servlet.support.SessionFlashMapManager@4790479a
2026-02-17T09:13:43.101+05:30 DEBUG 11624 --- [RMI TCP Connection(4)-127.0.0.1] o.s.web.servlet.DispatcherServlet        : enableLoggingRequestDetails='false': request parameters and headers will be masked to prevent unsafe logging of potentially sensitive data
2026-02-17T09:13:43.101+05:30  INFO 11624 --- [RMI TCP Connection(4)-127.0.0.1] o.s.web.servlet.DispatcherServlet        : Completed initialization in 9 ms
2026-02-17T09:19:18.161+05:30 DEBUG 11624 --- [http-nio-10000-exec-1] o.s.security.web.FilterChainProxy        : Securing OPTIONS /api/auth/login
2026-02-17T09:19:18.284+05:30 DEBUG 11624 --- [http-nio-10000-exec-2] o.s.security.web.FilterChainProxy        : Securing POST /api/auth/login
2026-02-17T09:19:18.342+05:30 DEBUG 11624 --- [http-nio-10000-exec-2] o.s.s.w.a.AnonymousAuthenticationFilter  : Set SecurityContextHolder to anonymous SecurityContext
2026-02-17T09:19:18.360+05:30 DEBUG 11624 --- [http-nio-10000-exec-2] o.s.security.web.FilterChainProxy        : Secured POST /api/auth/login
2026-02-17T09:19:18.367+05:30 DEBUG 11624 --- [http-nio-10000-exec-2] o.s.web.servlet.DispatcherServlet        : POST "/api/auth/login", parameters={}
2026-02-17T09:19:18.372+05:30 DEBUG 11624 --- [http-nio-10000-exec-2] s.w.s.m.m.a.RequestMappingHandlerMapping : Mapped to com.marketplace.auth.AuthController#login(AuthRequest)
2026-02-17T09:19:18.528+05:30 DEBUG 11624 --- [http-nio-10000-exec-2] m.m.a.RequestResponseBodyMethodProcessor : Read "application/json;charset=UTF-8" to [com.marketplace.auth.AuthRequest@4ecc7949]
2026-02-17T09:19:18.866+05:30 DEBUG 11624 --- [http-nio-10000-exec-2] org.hibernate.SQL                        : 
    select
        u1_0.id,
        u1_0.bio,
        u1_0.completed_jobs,
        u1_0.country,
        u1_0.created_at,
        u1_0.email,
        u1_0.email_verification_token,
        u1_0.email_verification_token_expiry,
        u1_0.email_verified,
        u1_0.hourly_rate,
        u1_0.name,
        u1_0.password,
        u1_0.phone,
        u1_0.profile_picture,
        u1_0.rating,
        u1_0.role,
        u1_0.skills 
    from
        users u1_0 
    where
        u1_0.email=?
2026-02-17T09:19:19.275+05:30 DEBUG 11624 --- [http-nio-10000-exec-2] org.hibernate.SQL                        : 
    delete rt1_0 
    from
        refersh_token rt1_0 
    where
        rt1_0.user_id=?
2026-02-17T09:19:19.385+05:30 DEBUG 11624 --- [http-nio-10000-exec-2] org.hibernate.SQL                        : 
    insert 
    into
        refersh_token
        (expiry_date, token, user_id) 
    values
        (?, ?, ?)
2026-02-17T09:19:19.462+05:30 DEBUG 11624 --- [http-nio-10000-exec-2] o.s.w.s.m.m.a.HttpEntityMethodProcessor  : Using 'application/json', given [application/json, text/plain, */*] and supported [application/json, application/*+json, application/yaml]
2026-02-17T09:19:19.465+05:30 DEBUG 11624 --- [http-nio-10000-exec-2] o.s.w.s.m.m.a.HttpEntityMethodProcessor  : Writing [com.marketplace.auth.AuthResponse@4c236bfc]
2026-02-17T09:19:19.489+05:30 DEBUG 11624 --- [http-nio-10000-exec-2] o.s.web.servlet.DispatcherServlet        : Completed 200 OK
2026-02-17T09:19:19.523+05:30 DEBUG 11624 --- [http-nio-10000-exec-3] o.s.security.web.FilterChainProxy        : Securing OPTIONS /api/profile/me
2026-02-17T09:19:19.539+05:30 DEBUG 11624 --- [http-nio-10000-exec-6] o.s.security.web.FilterChainProxy        : Securing GET /api/profile/me
2026-02-17T09:19:19.595+05:30 DEBUG 11624 --- [http-nio-10000-exec-6] org.hibernate.SQL                        : 
    select
        u1_0.id,
        u1_0.bio,
        u1_0.completed_jobs,
        u1_0.country,
        u1_0.created_at,
        u1_0.email,
        u1_0.email_verification_token,
        u1_0.email_verification_token_expiry,
        u1_0.email_verified,
        u1_0.hourly_rate,
        u1_0.name,
        u1_0.password,
        u1_0.phone,
        u1_0.profile_picture,
        u1_0.rating,
        u1_0.role,
        u1_0.skills 
    from
        users u1_0 
    where
        u1_0.email=?
2026-02-17T09:19:19.613+05:30 DEBUG 11624 --- [http-nio-10000-exec-6] o.s.security.web.FilterChainProxy        : Secured GET /api/profile/me
2026-02-17T09:19:19.616+05:30 DEBUG 11624 --- [http-nio-10000-exec-6] o.s.web.servlet.DispatcherServlet        : GET "/api/profile/me", parameters={}
2026-02-17T09:19:19.618+05:30 DEBUG 11624 --- [http-nio-10000-exec-6] s.w.s.m.m.a.RequestMappingHandlerMapping : Mapped to com.marketplace.profile.ProfileController#getMyProfile()
2026-02-17T09:19:19.624+05:30 DEBUG 11624 --- [http-nio-10000-exec-6] org.hibernate.SQL                        : 
    select
        u1_0.id,
        u1_0.bio,
        u1_0.completed_jobs,
        u1_0.country,
        u1_0.created_at,
        u1_0.email,
        u1_0.email_verification_token,
        u1_0.email_verification_token_expiry,
        u1_0.email_verified,
        u1_0.hourly_rate,
        u1_0.name,
        u1_0.password,
        u1_0.phone,
        u1_0.profile_picture,
        u1_0.rating,
        u1_0.role,
        u1_0.skills 
    from
        users u1_0 
    where
        u1_0.email=?
2026-02-17T09:19:19.632+05:30 DEBUG 11624 --- [http-nio-10000-exec-6] o.s.w.s.m.m.a.HttpEntityMethodProcessor  : Using 'application/json', given [application/json, text/plain, */*] and supported [application/json, application/*+json, application/yaml]
2026-02-17T09:19:19.634+05:30 DEBUG 11624 --- [http-nio-10000-exec-6] o.s.w.s.m.m.a.HttpEntityMethodProcessor  : Writing [{skills=null, createdAt=2026-01-14T09:27:52.371122, profilePicture=null, role=CLIENT, name=John Clie (truncated)...]
2026-02-17T09:19:19.642+05:30 DEBUG 11624 --- [http-nio-10000-exec-6] o.s.web.servlet.DispatcherServlet        : Completed 200 OK
2026-02-17T09:19:19.862+05:30 DEBUG 11624 --- [http-nio-10000-exec-4] o.s.security.web.FilterChainProxy        : Securing OPTIONS /api/jobs/my-jobs
2026-02-17T09:19:19.871+05:30 DEBUG 11624 --- [http-nio-10000-exec-5] o.s.security.web.FilterChainProxy        : Securing OPTIONS /api/jobs/my-jobs
2026-02-17T09:19:19.873+05:30 DEBUG 11624 --- [http-nio-10000-exec-7] o.s.security.web.FilterChainProxy        : Securing GET /api/jobs/my-jobs
2026-02-17T09:19:19.883+05:30 DEBUG 11624 --- [http-nio-10000-exec-7] org.hibernate.SQL                        : 
    select
        u1_0.id,
        u1_0.bio,
        u1_0.completed_jobs,
        u1_0.country,
        u1_0.created_at,
        u1_0.email,
        u1_0.email_verification_token,
        u1_0.email_verification_token_expiry,
        u1_0.email_verified,
        u1_0.hourly_rate,
        u1_0.name,
        u1_0.password,
        u1_0.phone,
        u1_0.profile_picture,
        u1_0.rating,
        u1_0.role,
        u1_0.skills 
    from
        users u1_0 
    where
        u1_0.email=?
2026-02-17T09:19:19.893+05:30 DEBUG 11624 --- [http-nio-10000-exec-7] o.s.security.web.FilterChainProxy        : Secured GET /api/jobs/my-jobs
2026-02-17T09:19:19.893+05:30 DEBUG 11624 --- [http-nio-10000-exec-7] o.s.web.servlet.DispatcherServlet        : GET "/api/jobs/my-jobs", parameters={}
2026-02-17T09:19:19.895+05:30 DEBUG 11624 --- [http-nio-10000-exec-7] s.w.s.m.m.a.RequestMappingHandlerMapping : Mapped to com.marketplace.job.JobController#getMyJobs()
2026-02-17T09:19:19.900+05:30 DEBUG 11624 --- [http-nio-10000-exec-7] org.hibernate.SQL                        : 
    select
        u1_0.id,
        u1_0.bio,
        u1_0.completed_jobs,
        u1_0.country,
        u1_0.created_at,
        u1_0.email,
        u1_0.email_verification_token,
        u1_0.email_verification_token_expiry,
        u1_0.email_verified,
        u1_0.hourly_rate,
        u1_0.name,
        u1_0.password,
        u1_0.phone,
        u1_0.profile_picture,
        u1_0.rating,
        u1_0.role,
        u1_0.skills 
    from
        users u1_0 
    where
        u1_0.email=?
2026-02-17T09:19:19.935+05:30 DEBUG 11624 --- [http-nio-10000-exec-7] org.hibernate.SQL                        : 
    select
        j1_0.id,
        j1_0.freelancer_id,
        j1_0.budget,
        j1_0.client_id,
        j1_0.created_at,
        j1_0.deadline,
        j1_0.description,
        j1_0.estimated_duration,
        j1_0.skills_required,
        j1_0.status,
        j1_0.title,
        j1_0.type 
    from
        jobs j1_0 
    where
        j1_0.client_id=?
2026-02-17T09:19:19.971+05:30 DEBUG 11624 --- [http-nio-10000-exec-7] org.hibernate.SQL                        : 
    select
        c1_0.id,
        c1_0.amount_in_escrow,
        c1_0.amount_paid_to_freelancer,
        c1_0.cancellation_reason,
        c1_0.cancelled_at,
        c1_0.client_id,
        c1_0.client_rating,
        c1_0.client_review,
        c1_0.completed_at,
        c1_0.created_at,
        c1_0.deadline,
        c1_0.description,
        c1_0.due_date,
        c1_0.end_date,
        c1_0.escrow_funded,
        c1_0.escrow_funded_at,
        c1_0.freelancer_id,
        c1_0.freelancer_earnings,
        c1_0.freelancer_rating,
        c1_0.freelancer_review,
        c1_0.job_id,
        c1_0.platform_fee,
        c1_0.proposal_id,
        p1_0.id,
        p1_0.client_message,
        p1_0.cover_letter,
        p1_0.estimated_days,
        p1_0.freelancer_id,
        p1_0.job_id,
        p1_0.proposed_price,
        p1_0.responded_at,
        p1_0.status,
        p1_0.submitted_at,
        c1_0.protection_period,
        c1_0.start_date,
        c1_0.status,
        c1_0.title,
        c1_0.total_amount 
    from
        contracts c1_0 
    join
        proposals p1_0 
            on p1_0.id=c1_0.proposal_id 
    where
        c1_0.job_id=?
2026-02-17T09:19:19.984+05:30 DEBUG 11624 --- [http-nio-10000-exec-7] org.hibernate.SQL                        : 
    select
        c1_0.id,
        c1_0.amount_in_escrow,
        c1_0.amount_paid_to_freelancer,
        c1_0.cancellation_reason,
        c1_0.cancelled_at,
        c1_0.client_id,
        c1_0.client_rating,
        c1_0.client_review,
        c1_0.completed_at,
        c1_0.created_at,
        c1_0.deadline,
        c1_0.description,
        c1_0.due_date,
        c1_0.end_date,
        c1_0.escrow_funded,
        c1_0.escrow_funded_at,
        c1_0.freelancer_id,
        c1_0.freelancer_earnings,
        c1_0.freelancer_rating,
        c1_0.freelancer_review,
        c1_0.job_id,
        c1_0.platform_fee,
        c1_0.proposal_id,
        p1_0.id,
        p1_0.client_message,
        p1_0.cover_letter,
        p1_0.estimated_days,
        p1_0.freelancer_id,
        p1_0.job_id,
        p1_0.proposed_price,
        p1_0.responded_at,
        p1_0.status,
        p1_0.submitted_at,
        c1_0.protection_period,
        c1_0.start_date,
        c1_0.status,
        c1_0.title,
        c1_0.total_amount 
    from
        contracts c1_0 
    join
        proposals p1_0 
            on p1_0.id=c1_0.proposal_id 
    where
        c1_0.job_id=?
2026-02-17T09:19:19.988+05:30 DEBUG 11624 --- [http-nio-10000-exec-7] org.hibernate.SQL                        : 
    select
        c1_0.id,
        c1_0.amount_in_escrow,
        c1_0.amount_paid_to_freelancer,
        c1_0.cancellation_reason,
        c1_0.cancelled_at,
        c1_0.client_id,
        c1_0.client_rating,
        c1_0.client_review,
        c1_0.completed_at,
        c1_0.created_at,
        c1_0.deadline,
        c1_0.description,
        c1_0.due_date,
        c1_0.end_date,
        c1_0.escrow_funded,
        c1_0.escrow_funded_at,
        c1_0.freelancer_id,
        c1_0.freelancer_earnings,
        c1_0.freelancer_rating,
        c1_0.freelancer_review,
        c1_0.job_id,
        c1_0.platform_fee,
        c1_0.proposal_id,
        p1_0.id,
        p1_0.client_message,
        p1_0.cover_letter,
        p1_0.estimated_days,
        p1_0.freelancer_id,
        p1_0.job_id,
        p1_0.proposed_price,
        p1_0.responded_at,
        p1_0.status,
        p1_0.submitted_at,
        c1_0.protection_period,
        c1_0.start_date,
        c1_0.status,
        c1_0.title,
        c1_0.total_amount 
    from
        contracts c1_0 
    join
        proposals p1_0 
            on p1_0.id=c1_0.proposal_id 
    where
        c1_0.job_id=?
2026-02-17T09:19:19.996+05:30 DEBUG 11624 --- [http-nio-10000-exec-7] o.s.w.s.m.m.a.HttpEntityMethodProcessor  : Using 'application/json', given [application/json, text/plain, */*] and supported [application/json, application/*+json, application/yaml]
2026-02-17T09:19:19.998+05:30 DEBUG 11624 --- [http-nio-10000-exec-7] o.s.w.s.m.m.a.HttpEntityMethodProcessor  : Writing [[com.marketplace.job.JobResponseDTO@12c1a007, com.marketplace.job.JobResponseDTO@536aa825, com.marke (truncated)...]
2026-02-17T09:19:20.008+05:30 DEBUG 11624 --- [http-nio-10000-exec-7] o.s.web.servlet.DispatcherServlet        : Completed 200 OK
2026-02-17T09:19:20.011+05:30 DEBUG 11624 --- [http-nio-10000-exec-8] o.s.security.web.FilterChainProxy        : Securing GET /api/jobs/my-jobs
2026-02-17T09:19:20.022+05:30 DEBUG 11624 --- [http-nio-10000-exec-8] org.hibernate.SQL                        : 
    select
        u1_0.id,
        u1_0.bio,
        u1_0.completed_jobs,
        u1_0.country,
        u1_0.created_at,
        u1_0.email,
        u1_0.email_verification_token,
        u1_0.email_verification_token_expiry,
        u1_0.email_verified,
        u1_0.hourly_rate,
        u1_0.name,
        u1_0.password,
        u1_0.phone,
        u1_0.profile_picture,
        u1_0.rating,
        u1_0.role,
        u1_0.skills 
    from
        users u1_0 
    where
        u1_0.email=?
2026-02-17T09:19:20.033+05:30 DEBUG 11624 --- [http-nio-10000-exec-8] o.s.security.web.FilterChainProxy        : Secured GET /api/jobs/my-jobs
2026-02-17T09:19:20.034+05:30 DEBUG 11624 --- [http-nio-10000-exec-8] o.s.web.servlet.DispatcherServlet        : GET "/api/jobs/my-jobs", parameters={}
2026-02-17T09:19:20.036+05:30 DEBUG 11624 --- [http-nio-10000-exec-8] s.w.s.m.m.a.RequestMappingHandlerMapping : Mapped to com.marketplace.job.JobController#getMyJobs()
2026-02-17T09:19:20.040+05:30 DEBUG 11624 --- [http-nio-10000-exec-8] org.hibernate.SQL                        : 
    select
        u1_0.id,
        u1_0.bio,
        u1_0.completed_jobs,
        u1_0.country,
        u1_0.created_at,
        u1_0.email,
        u1_0.email_verification_token,
        u1_0.email_verification_token_expiry,
        u1_0.email_verified,
        u1_0.hourly_rate,
        u1_0.name,
        u1_0.password,
        u1_0.phone,
        u1_0.profile_picture,
        u1_0.rating,
        u1_0.role,
        u1_0.skills 
    from
        users u1_0 
    where
        u1_0.email=?
2026-02-17T09:19:20.047+05:30 DEBUG 11624 --- [http-nio-10000-exec-8] org.hibernate.SQL                        : 
    select
        j1_0.id,
        j1_0.freelancer_id,
        j1_0.budget,
        j1_0.client_id,
        j1_0.created_at,
        j1_0.deadline,
        j1_0.description,
        j1_0.estimated_duration,
        j1_0.skills_required,
        j1_0.status,
        j1_0.title,
        j1_0.type 
    from
        jobs j1_0 
    where
        j1_0.client_id=?
2026-02-17T09:19:20.051+05:30 DEBUG 11624 --- [http-nio-10000-exec-8] org.hibernate.SQL                        : 
    select
        c1_0.id,
        c1_0.amount_in_escrow,
        c1_0.amount_paid_to_freelancer,
        c1_0.cancellation_reason,
        c1_0.cancelled_at,
        c1_0.client_id,
        c1_0.client_rating,
        c1_0.client_review,
        c1_0.completed_at,
        c1_0.created_at,
        c1_0.deadline,
        c1_0.description,
        c1_0.due_date,
        c1_0.end_date,
        c1_0.escrow_funded,
        c1_0.escrow_funded_at,
        c1_0.freelancer_id,
        c1_0.freelancer_earnings,
        c1_0.freelancer_rating,
        c1_0.freelancer_review,
        c1_0.job_id,
        c1_0.platform_fee,
        c1_0.proposal_id,
        p1_0.id,
        p1_0.client_message,
        p1_0.cover_letter,
        p1_0.estimated_days,
        p1_0.freelancer_id,
        p1_0.job_id,
        p1_0.proposed_price,
        p1_0.responded_at,
        p1_0.status,
        p1_0.submitted_at,
        c1_0.protection_period,
        c1_0.start_date,
        c1_0.status,
        c1_0.title,
        c1_0.total_amount 
    from
        contracts c1_0 
    join
        proposals p1_0 
            on p1_0.id=c1_0.proposal_id 
    where
        c1_0.job_id=?
2026-02-17T09:19:20.056+05:30 DEBUG 11624 --- [http-nio-10000-exec-8] org.hibernate.SQL                        : 
    select
        c1_0.id,
        c1_0.amount_in_escrow,
        c1_0.amount_paid_to_freelancer,
        c1_0.cancellation_reason,
        c1_0.cancelled_at,
        c1_0.client_id,
        c1_0.client_rating,
        c1_0.client_review,
        c1_0.completed_at,
        c1_0.created_at,
        c1_0.deadline,
        c1_0.description,
        c1_0.due_date,
        c1_0.end_date,
        c1_0.escrow_funded,
        c1_0.escrow_funded_at,
        c1_0.freelancer_id,
        c1_0.freelancer_earnings,
        c1_0.freelancer_rating,
        c1_0.freelancer_review,
        c1_0.job_id,
        c1_0.platform_fee,
        c1_0.proposal_id,
        p1_0.id,
        p1_0.client_message,
        p1_0.cover_letter,
        p1_0.estimated_days,
        p1_0.freelancer_id,
        p1_0.job_id,
        p1_0.proposed_price,
        p1_0.responded_at,
        p1_0.status,
        p1_0.submitted_at,
        c1_0.protection_period,
        c1_0.start_date,
        c1_0.status,
        c1_0.title,
        c1_0.total_amount 
    from
        contracts c1_0 
    join
        proposals p1_0 
            on p1_0.id=c1_0.proposal_id 
    where
        c1_0.job_id=?
2026-02-17T09:19:20.060+05:30 DEBUG 11624 --- [http-nio-10000-exec-8] org.hibernate.SQL                        : 
    select
        c1_0.id,
        c1_0.amount_in_escrow,
        c1_0.amount_paid_to_freelancer,
        c1_0.cancellation_reason,
        c1_0.cancelled_at,
        c1_0.client_id,
        c1_0.client_rating,
        c1_0.client_review,
        c1_0.completed_at,
        c1_0.created_at,
        c1_0.deadline,
        c1_0.description,
        c1_0.due_date,
        c1_0.end_date,
        c1_0.escrow_funded,
        c1_0.escrow_funded_at,
        c1_0.freelancer_id,
        c1_0.freelancer_earnings,
        c1_0.freelancer_rating,
        c1_0.freelancer_review,
        c1_0.job_id,
        c1_0.platform_fee,
        c1_0.proposal_id,
        p1_0.id,
        p1_0.client_message,
        p1_0.cover_letter,
        p1_0.estimated_days,
        p1_0.freelancer_id,
        p1_0.job_id,
        p1_0.proposed_price,
        p1_0.responded_at,
        p1_0.status,
        p1_0.submitted_at,
        c1_0.protection_period,
        c1_0.start_date,
        c1_0.status,
        c1_0.title,
        c1_0.total_amount 
    from
        contracts c1_0 
    join
        proposals p1_0 
            on p1_0.id=c1_0.proposal_id 
    where
        c1_0.job_id=?
2026-02-17T09:19:20.070+05:30 DEBUG 11624 --- [http-nio-10000-exec-8] o.s.w.s.m.m.a.HttpEntityMethodProcessor  : Using 'application/json', given [application/json, text/plain, */*] and supported [application/json, application/*+json, application/yaml]
2026-02-17T09:19:20.070+05:30 DEBUG 11624 --- [http-nio-10000-exec-8] o.s.w.s.m.m.a.HttpEntityMethodProcessor  : Writing [[com.marketplace.job.JobResponseDTO@106f7a2a, com.marketplace.job.JobResponseDTO@147678b6, com.marke (truncated)...]
2026-02-17T09:19:20.073+05:30 DEBUG 11624 --- [http-nio-10000-exec-8] o.s.web.servlet.DispatcherServlet        : Completed 200 OK
2026-02-17T09:19:29.333+05:30 DEBUG 11624 --- [http-nio-10000-exec-10] o.s.security.web.FilterChainProxy        : Securing OPTIONS /api/proposals/job/6
2026-02-17T09:19:29.334+05:30 DEBUG 11624 --- [http-nio-10000-exec-9] o.s.security.web.FilterChainProxy        : Securing OPTIONS /api/jobs/6
2026-02-17T09:19:29.336+05:30 DEBUG 11624 --- [http-nio-10000-exec-2] o.s.security.web.FilterChainProxy        : Securing OPTIONS /api/proposals/job/6
2026-02-17T09:19:29.336+05:30 DEBUG 11624 --- [http-nio-10000-exec-1] o.s.security.web.FilterChainProxy        : Securing OPTIONS /api/jobs/6
2026-02-17T09:19:29.350+05:30 DEBUG 11624 --- [http-nio-10000-exec-6] o.s.security.web.FilterChainProxy        : Securing GET /api/jobs/6
2026-02-17T09:19:29.350+05:30 DEBUG 11624 --- [http-nio-10000-exec-3] o.s.security.web.FilterChainProxy        : Securing GET /api/proposals/job/6
2026-02-17T09:19:29.356+05:30 DEBUG 11624 --- [http-nio-10000-exec-6] o.s.s.w.a.AnonymousAuthenticationFilter  : Set SecurityContextHolder to anonymous SecurityContext
2026-02-17T09:19:29.361+05:30 DEBUG 11624 --- [http-nio-10000-exec-6] o.s.security.web.FilterChainProxy        : Secured GET /api/jobs/6
2026-02-17T09:19:29.362+05:30 DEBUG 11624 --- [http-nio-10000-exec-6] o.s.web.servlet.DispatcherServlet        : GET "/api/jobs/6", parameters={}
2026-02-17T09:19:29.363+05:30 DEBUG 11624 --- [http-nio-10000-exec-6] s.w.s.m.m.a.RequestMappingHandlerMapping : Mapped to com.marketplace.job.JobController#getJobById(Long)
2026-02-17T09:19:29.364+05:30 DEBUG 11624 --- [http-nio-10000-exec-3] org.hibernate.SQL                        : 
    select
        u1_0.id,
        u1_0.bio,
        u1_0.completed_jobs,
        u1_0.country,
        u1_0.created_at,
        u1_0.email,
        u1_0.email_verification_token,
        u1_0.email_verification_token_expiry,
        u1_0.email_verified,
        u1_0.hourly_rate,
        u1_0.name,
        u1_0.password,
        u1_0.phone,
        u1_0.profile_picture,
        u1_0.rating,
        u1_0.role,
        u1_0.skills 
    from
        users u1_0 
    where
        u1_0.email=?
2026-02-17T09:19:29.374+05:30 DEBUG 11624 --- [http-nio-10000-exec-6] org.hibernate.SQL                        : 
    select
        j1_0.id,
        j1_0.freelancer_id,
        j1_0.budget,
        j1_0.client_id,
        j1_0.created_at,
        j1_0.deadline,
        j1_0.description,
        j1_0.estimated_duration,
        j1_0.skills_required,
        j1_0.status,
        j1_0.title,
        j1_0.type 
    from
        jobs j1_0 
    where
        j1_0.id=?
2026-02-17T09:19:29.375+05:30 DEBUG 11624 --- [http-nio-10000-exec-3] o.s.security.web.FilterChainProxy        : Secured GET /api/proposals/job/6
2026-02-17T09:19:29.376+05:30 DEBUG 11624 --- [http-nio-10000-exec-3] o.s.web.servlet.DispatcherServlet        : GET "/api/proposals/job/6", parameters={}
2026-02-17T09:19:29.377+05:30 DEBUG 11624 --- [http-nio-10000-exec-3] s.w.s.m.m.a.RequestMappingHandlerMapping : Mapped to com.marketplace.proposal.ProposalController#getProposalsForJob(Long)
2026-02-17T09:19:29.382+05:30 DEBUG 11624 --- [http-nio-10000-exec-3] org.hibernate.SQL                        : 
    select
        u1_0.id,
        u1_0.bio,
        u1_0.completed_jobs,
        u1_0.country,
        u1_0.created_at,
        u1_0.email,
        u1_0.email_verification_token,
        u1_0.email_verification_token_expiry,
        u1_0.email_verified,
        u1_0.hourly_rate,
        u1_0.name,
        u1_0.password,
        u1_0.phone,
        u1_0.profile_picture,
        u1_0.rating,
        u1_0.role,
        u1_0.skills 
    from
        users u1_0 
    where
        u1_0.email=?
2026-02-17T09:19:29.382+05:30 DEBUG 11624 --- [http-nio-10000-exec-6] org.hibernate.SQL                        : 
    select
        c1_0.id,
        c1_0.amount_in_escrow,
        c1_0.amount_paid_to_freelancer,
        c1_0.cancellation_reason,
        c1_0.cancelled_at,
        c1_0.client_id,
        c1_0.client_rating,
        c1_0.client_review,
        c1_0.completed_at,
        c1_0.created_at,
        c1_0.deadline,
        c1_0.description,
        c1_0.due_date,
        c1_0.end_date,
        c1_0.escrow_funded,
        c1_0.escrow_funded_at,
        c1_0.freelancer_id,
        c1_0.freelancer_earnings,
        c1_0.freelancer_rating,
        c1_0.freelancer_review,
        c1_0.job_id,
        c1_0.platform_fee,
        c1_0.proposal_id,
        p1_0.id,
        p1_0.client_message,
        p1_0.cover_letter,
        p1_0.estimated_days,
        p1_0.freelancer_id,
        p1_0.job_id,
        p1_0.proposed_price,
        p1_0.responded_at,
        p1_0.status,
        p1_0.submitted_at,
        c1_0.protection_period,
        c1_0.start_date,
        c1_0.status,
        c1_0.title,
        c1_0.total_amount 
    from
        contracts c1_0 
    join
        proposals p1_0 
            on p1_0.id=c1_0.proposal_id 
    where
        c1_0.job_id=?
2026-02-17T09:19:29.387+05:30 DEBUG 11624 --- [http-nio-10000-exec-3] org.hibernate.SQL                        : 
    select
        u1_0.id,
        u1_0.bio,
        u1_0.completed_jobs,
        u1_0.country,
        u1_0.created_at,
        u1_0.email,
        u1_0.email_verification_token,
        u1_0.email_verification_token_expiry,
        u1_0.email_verified,
        u1_0.hourly_rate,
        u1_0.name,
        u1_0.password,
        u1_0.phone,
        u1_0.profile_picture,
        u1_0.rating,
        u1_0.role,
        u1_0.skills 
    from
        users u1_0 
    where
        u1_0.email=?
2026-02-17T09:19:29.392+05:30 DEBUG 11624 --- [http-nio-10000-exec-3] org.hibernate.SQL                        : 
    select
        j1_0.id,
        j1_0.freelancer_id,
        j1_0.budget,
        j1_0.client_id,
        j1_0.created_at,
        j1_0.deadline,
        j1_0.description,
        j1_0.estimated_duration,
        j1_0.skills_required,
        j1_0.status,
        j1_0.title,
        j1_0.type 
    from
        jobs j1_0 
    where
        j1_0.id=?
2026-02-17T09:19:29.393+05:30 DEBUG 11624 --- [http-nio-10000-exec-6] org.hibernate.SQL                        : 
    select
        u1_0.id,
        u1_0.bio,
        u1_0.completed_jobs,
        u1_0.country,
        u1_0.created_at,
        u1_0.email,
        u1_0.email_verification_token,
        u1_0.email_verification_token_expiry,
        u1_0.email_verified,
        u1_0.hourly_rate,
        u1_0.name,
        u1_0.password,
        u1_0.phone,
        u1_0.profile_picture,
        u1_0.rating,
        u1_0.role,
        u1_0.skills 
    from
        users u1_0 
    where
        u1_0.id=?
2026-02-17T09:19:29.397+05:30 DEBUG 11624 --- [http-nio-10000-exec-3] org.hibernate.SQL                        : 
    select
        c1_0.id,
        c1_0.amount_in_escrow,
        c1_0.amount_paid_to_freelancer,
        c1_0.cancellation_reason,
        c1_0.cancelled_at,
        c1_0.client_id,
        c1_0.client_rating,
        c1_0.client_review,
        c1_0.completed_at,
        c1_0.created_at,
        c1_0.deadline,
        c1_0.description,
        c1_0.due_date,
        c1_0.end_date,
        c1_0.escrow_funded,
        c1_0.escrow_funded_at,
        c1_0.freelancer_id,
        c1_0.freelancer_earnings,
        c1_0.freelancer_rating,
        c1_0.freelancer_review,
        c1_0.job_id,
        c1_0.platform_fee,
        c1_0.proposal_id,
        p1_0.id,
        p1_0.client_message,
        p1_0.cover_letter,
        p1_0.estimated_days,
        p1_0.freelancer_id,
        p1_0.job_id,
        p1_0.proposed_price,
        p1_0.responded_at,
        p1_0.status,
        p1_0.submitted_at,
        c1_0.protection_period,
        c1_0.start_date,
        c1_0.status,
        c1_0.title,
        c1_0.total_amount 
    from
        contracts c1_0 
    join
        proposals p1_0 
            on p1_0.id=c1_0.proposal_id 
    where
        c1_0.job_id=?
2026-02-17T09:19:29.405+05:30 DEBUG 11624 --- [http-nio-10000-exec-3] org.hibernate.SQL                        : 
    select
        p1_0.id,
        p1_0.client_message,
        p1_0.cover_letter,
        p1_0.estimated_days,
        p1_0.freelancer_id,
        p1_0.job_id,
        p1_0.proposed_price,
        p1_0.responded_at,
        p1_0.status,
        p1_0.submitted_at 
    from
        proposals p1_0 
    where
        p1_0.job_id=?
2026-02-17T09:19:29.410+05:30 DEBUG 11624 --- [http-nio-10000-exec-6] o.s.w.s.m.m.a.HttpEntityMethodProcessor  : Using 'application/json', given [application/json, text/plain, */*] and supported [application/json, application/*+json, application/yaml]
2026-02-17T09:19:29.410+05:30 DEBUG 11624 --- [http-nio-10000-exec-6] o.s.w.s.m.m.a.HttpEntityMethodProcessor  : Writing [com.marketplace.job.JobResponseDTO@1053ba6]
2026-02-17T09:19:29.411+05:30 DEBUG 11624 --- [http-nio-10000-exec-3] org.hibernate.SQL                        : 
    select
        u1_0.id,
        u1_0.bio,
        u1_0.completed_jobs,
        u1_0.country,
        u1_0.created_at,
        u1_0.email,
        u1_0.email_verification_token,
        u1_0.email_verification_token_expiry,
        u1_0.email_verified,
        u1_0.hourly_rate,
        u1_0.name,
        u1_0.password,
        u1_0.phone,
        u1_0.profile_picture,
        u1_0.rating,
        u1_0.role,
        u1_0.skills 
    from
        users u1_0 
    where
        u1_0.id=?
2026-02-17T09:19:29.413+05:30 DEBUG 11624 --- [http-nio-10000-exec-6] o.s.web.servlet.DispatcherServlet        : Completed 200 OK
2026-02-17T09:19:29.415+05:30 DEBUG 11624 --- [http-nio-10000-exec-4] o.s.security.web.FilterChainProxy        : Securing GET /api/jobs/6
2026-02-17T09:19:29.418+05:30 DEBUG 11624 --- [http-nio-10000-exec-4] o.s.s.w.a.AnonymousAuthenticationFilter  : Set SecurityContextHolder to anonymous SecurityContext
2026-02-17T09:19:29.420+05:30 DEBUG 11624 --- [http-nio-10000-exec-3] o.s.w.s.m.m.a.HttpEntityMethodProcessor  : Using 'application/json', given [application/json, text/plain, */*] and supported [application/json, application/*+json, application/yaml]
2026-02-17T09:19:29.421+05:30 DEBUG 11624 --- [http-nio-10000-exec-3] o.s.w.s.m.m.a.HttpEntityMethodProcessor  : Writing [[com.marketplace.proposal.ProposalResponseDTO@1c129979]]
2026-02-17T09:19:29.421+05:30 DEBUG 11624 --- [http-nio-10000-exec-4] o.s.security.web.FilterChainProxy        : Secured GET /api/jobs/6
2026-02-17T09:19:29.422+05:30 DEBUG 11624 --- [http-nio-10000-exec-4] o.s.web.servlet.DispatcherServlet        : GET "/api/jobs/6", parameters={}
2026-02-17T09:19:29.424+05:30 DEBUG 11624 --- [http-nio-10000-exec-4] s.w.s.m.m.a.RequestMappingHandlerMapping : Mapped to com.marketplace.job.JobController#getJobById(Long)
2026-02-17T09:19:29.429+05:30 DEBUG 11624 --- [http-nio-10000-exec-3] o.s.web.servlet.DispatcherServlet        : Completed 200 OK
2026-02-17T09:19:29.432+05:30 DEBUG 11624 --- [http-nio-10000-exec-4] org.hibernate.SQL                        : 
    select
        j1_0.id,
        j1_0.freelancer_id,
        j1_0.budget,
        j1_0.client_id,
        j1_0.created_at,
        j1_0.deadline,
        j1_0.description,
        j1_0.estimated_duration,
        j1_0.skills_required,
        j1_0.status,
        j1_0.title,
        j1_0.type 
    from
        jobs j1_0 
    where
        j1_0.id=?
2026-02-17T09:19:29.434+05:30 DEBUG 11624 --- [http-nio-10000-exec-5] o.s.security.web.FilterChainProxy        : Securing GET /api/proposals/job/6
2026-02-17T09:19:29.437+05:30 DEBUG 11624 --- [http-nio-10000-exec-4] org.hibernate.SQL                        : 
    select
        c1_0.id,
        c1_0.amount_in_escrow,
        c1_0.amount_paid_to_freelancer,
        c1_0.cancellation_reason,
        c1_0.cancelled_at,
        c1_0.client_id,
        c1_0.client_rating,
        c1_0.client_review,
        c1_0.completed_at,
        c1_0.created_at,
        c1_0.deadline,
        c1_0.description,
        c1_0.due_date,
        c1_0.end_date,
        c1_0.escrow_funded,
        c1_0.escrow_funded_at,
        c1_0.freelancer_id,
        c1_0.freelancer_earnings,
        c1_0.freelancer_rating,
        c1_0.freelancer_review,
        c1_0.job_id,
        c1_0.platform_fee,
        c1_0.proposal_id,
        p1_0.id,
        p1_0.client_message,
        p1_0.cover_letter,
        p1_0.estimated_days,
        p1_0.freelancer_id,
        p1_0.job_id,
        p1_0.proposed_price,
        p1_0.responded_at,
        p1_0.status,
        p1_0.submitted_at,
        c1_0.protection_period,
        c1_0.start_date,
        c1_0.status,
        c1_0.title,
        c1_0.total_amount 
    from
        contracts c1_0 
    join
        proposals p1_0 
            on p1_0.id=c1_0.proposal_id 
    where
        c1_0.job_id=?
2026-02-17T09:19:29.446+05:30 DEBUG 11624 --- [http-nio-10000-exec-4] org.hibernate.SQL                        : 
    select
        u1_0.id,
        u1_0.bio,
        u1_0.completed_jobs,
        u1_0.country,
        u1_0.created_at,
        u1_0.email,
        u1_0.email_verification_token,
        u1_0.email_verification_token_expiry,
        u1_0.email_verified,
        u1_0.hourly_rate,
        u1_0.name,
        u1_0.password,
        u1_0.phone,
        u1_0.profile_picture,
        u1_0.rating,
        u1_0.role,
        u1_0.skills 
    from
        users u1_0 
    where
        u1_0.id=?
2026-02-17T09:19:29.447+05:30 DEBUG 11624 --- [http-nio-10000-exec-5] org.hibernate.SQL                        : 
    select
        u1_0.id,
        u1_0.bio,
        u1_0.completed_jobs,
        u1_0.country,
        u1_0.created_at,
        u1_0.email,
        u1_0.email_verification_token,
        u1_0.email_verification_token_expiry,
        u1_0.email_verified,
        u1_0.hourly_rate,
        u1_0.name,
        u1_0.password,
        u1_0.phone,
        u1_0.profile_picture,
        u1_0.rating,
        u1_0.role,
        u1_0.skills 
    from
        users u1_0 
    where
        u1_0.email=?
2026-02-17T09:19:29.453+05:30 DEBUG 11624 --- [http-nio-10000-exec-4] o.s.w.s.m.m.a.HttpEntityMethodProcessor  : Using 'application/json', given [application/json, text/plain, */*] and supported [application/json, application/*+json, application/yaml]
2026-02-17T09:19:29.453+05:30 DEBUG 11624 --- [http-nio-10000-exec-4] o.s.w.s.m.m.a.HttpEntityMethodProcessor  : Writing [com.marketplace.job.JobResponseDTO@2c385745]
2026-02-17T09:19:29.456+05:30 DEBUG 11624 --- [http-nio-10000-exec-4] o.s.web.servlet.DispatcherServlet        : Completed 200 OK
2026-02-17T09:19:29.457+05:30 DEBUG 11624 --- [http-nio-10000-exec-5] o.s.security.web.FilterChainProxy        : Secured GET /api/proposals/job/6
2026-02-17T09:19:29.459+05:30 DEBUG 11624 --- [http-nio-10000-exec-5] o.s.web.servlet.DispatcherServlet        : GET "/api/proposals/job/6", parameters={}
2026-02-17T09:19:29.460+05:30 DEBUG 11624 --- [http-nio-10000-exec-5] s.w.s.m.m.a.RequestMappingHandlerMapping : Mapped to com.marketplace.proposal.ProposalController#getProposalsForJob(Long)
2026-02-17T09:19:29.463+05:30 DEBUG 11624 --- [http-nio-10000-exec-5] org.hibernate.SQL                        : 
    select
        u1_0.id,
        u1_0.bio,
        u1_0.completed_jobs,
        u1_0.country,
        u1_0.created_at,
        u1_0.email,
        u1_0.email_verification_token,
        u1_0.email_verification_token_expiry,
        u1_0.email_verified,
        u1_0.hourly_rate,
        u1_0.name,
        u1_0.password,
        u1_0.phone,
        u1_0.profile_picture,
        u1_0.rating,
        u1_0.role,
        u1_0.skills 
    from
        users u1_0 
    where
        u1_0.email=?
2026-02-17T09:19:29.471+05:30 DEBUG 11624 --- [http-nio-10000-exec-5] org.hibernate.SQL                        : 
    select
        u1_0.id,
        u1_0.bio,
        u1_0.completed_jobs,
        u1_0.country,
        u1_0.created_at,
        u1_0.email,
        u1_0.email_verification_token,
        u1_0.email_verification_token_expiry,
        u1_0.email_verified,
        u1_0.hourly_rate,
        u1_0.name,
        u1_0.password,
        u1_0.phone,
        u1_0.profile_picture,
        u1_0.rating,
        u1_0.role,
        u1_0.skills 
    from
        users u1_0 
    where
        u1_0.email=?
2026-02-17T09:19:29.477+05:30 DEBUG 11624 --- [http-nio-10000-exec-5] org.hibernate.SQL                        : 
    select
        j1_0.id,
        j1_0.freelancer_id,
        j1_0.budget,
        j1_0.client_id,
        j1_0.created_at,
        j1_0.deadline,
        j1_0.description,
        j1_0.estimated_duration,
        j1_0.skills_required,
        j1_0.status,
        j1_0.title,
        j1_0.type 
    from
        jobs j1_0 
    where
        j1_0.id=?
2026-02-17T09:19:29.480+05:30 DEBUG 11624 --- [http-nio-10000-exec-5] org.hibernate.SQL                        : 
    select
        c1_0.id,
        c1_0.amount_in_escrow,
        c1_0.amount_paid_to_freelancer,
        c1_0.cancellation_reason,
        c1_0.cancelled_at,
        c1_0.client_id,
        c1_0.client_rating,
        c1_0.client_review,
        c1_0.completed_at,
        c1_0.created_at,
        c1_0.deadline,
        c1_0.description,
        c1_0.due_date,
        c1_0.end_date,
        c1_0.escrow_funded,
        c1_0.escrow_funded_at,
        c1_0.freelancer_id,
        c1_0.freelancer_earnings,
        c1_0.freelancer_rating,
        c1_0.freelancer_review,
        c1_0.job_id,
        c1_0.platform_fee,
        c1_0.proposal_id,
        p1_0.id,
        p1_0.client_message,
        p1_0.cover_letter,
        p1_0.estimated_days,
        p1_0.freelancer_id,
        p1_0.job_id,
        p1_0.proposed_price,
        p1_0.responded_at,
        p1_0.status,
        p1_0.submitted_at,
        c1_0.protection_period,
        c1_0.start_date,
        c1_0.status,
        c1_0.title,
        c1_0.total_amount 
    from
        contracts c1_0 
    join
        proposals p1_0 
            on p1_0.id=c1_0.proposal_id 
    where
        c1_0.job_id=?
2026-02-17T09:19:29.491+05:30 DEBUG 11624 --- [http-nio-10000-exec-5] org.hibernate.SQL                        : 
    select
        p1_0.id,
        p1_0.client_message,
        p1_0.cover_letter,
        p1_0.estimated_days,
        p1_0.freelancer_id,
        p1_0.job_id,
        p1_0.proposed_price,
        p1_0.responded_at,
        p1_0.status,
        p1_0.submitted_at 
    from
        proposals p1_0 
    where
        p1_0.job_id=?
2026-02-17T09:19:29.496+05:30 DEBUG 11624 --- [http-nio-10000-exec-5] org.hibernate.SQL                        : 
    select
        u1_0.id,
        u1_0.bio,
        u1_0.completed_jobs,
        u1_0.country,
        u1_0.created_at,
        u1_0.email,
        u1_0.email_verification_token,
        u1_0.email_verification_token_expiry,
        u1_0.email_verified,
        u1_0.hourly_rate,
        u1_0.name,
        u1_0.password,
        u1_0.phone,
        u1_0.profile_picture,
        u1_0.rating,
        u1_0.role,
        u1_0.skills 
    from
        users u1_0 
    where
        u1_0.id=?
2026-02-17T09:19:29.505+05:30 DEBUG 11624 --- [http-nio-10000-exec-5] o.s.w.s.m.m.a.HttpEntityMethodProcessor  : Using 'application/json', given [application/json, text/plain, */*] and supported [application/json, application/*+json, application/yaml]
2026-02-17T09:19:29.506+05:30 DEBUG 11624 --- [http-nio-10000-exec-5] o.s.w.s.m.m.a.HttpEntityMethodProcessor  : Writing [[com.marketplace.proposal.ProposalResponseDTO@3f855ce1]]
2026-02-17T09:19:29.513+05:30 DEBUG 11624 --- [http-nio-10000-exec-5] o.s.web.servlet.DispatcherServlet        : Completed 200 OK
2026-02-17T09:19:35.541+05:30 DEBUG 11624 --- [http-nio-10000-exec-7] o.s.security.web.FilterChainProxy        : Securing GET /api/jobs/my-jobs
2026-02-17T09:19:35.550+05:30 DEBUG 11624 --- [http-nio-10000-exec-7] org.hibernate.SQL                        : 
    select
        u1_0.id,
        u1_0.bio,
        u1_0.completed_jobs,
        u1_0.country,
        u1_0.created_at,
        u1_0.email,
        u1_0.email_verification_token,
        u1_0.email_verification_token_expiry,
        u1_0.email_verified,
        u1_0.hourly_rate,
        u1_0.name,
        u1_0.password,
        u1_0.phone,
        u1_0.profile_picture,
        u1_0.rating,
        u1_0.role,
        u1_0.skills 
    from
        users u1_0 
    where
        u1_0.email=?
2026-02-17T09:19:35.561+05:30 DEBUG 11624 --- [http-nio-10000-exec-7] o.s.security.web.FilterChainProxy        : Secured GET /api/jobs/my-jobs
2026-02-17T09:19:35.562+05:30 DEBUG 11624 --- [http-nio-10000-exec-7] o.s.web.servlet.DispatcherServlet        : GET "/api/jobs/my-jobs", parameters={}
2026-02-17T09:19:35.563+05:30 DEBUG 11624 --- [http-nio-10000-exec-7] s.w.s.m.m.a.RequestMappingHandlerMapping : Mapped to com.marketplace.job.JobController#getMyJobs()
2026-02-17T09:19:35.568+05:30 DEBUG 11624 --- [http-nio-10000-exec-7] org.hibernate.SQL                        : 
    select
        u1_0.id,
        u1_0.bio,
        u1_0.completed_jobs,
        u1_0.country,
        u1_0.created_at,
        u1_0.email,
        u1_0.email_verification_token,
        u1_0.email_verification_token_expiry,
        u1_0.email_verified,
        u1_0.hourly_rate,
        u1_0.name,
        u1_0.password,
        u1_0.phone,
        u1_0.profile_picture,
        u1_0.rating,
        u1_0.role,
        u1_0.skills 
    from
        users u1_0 
    where
        u1_0.email=?
2026-02-17T09:19:35.579+05:30 DEBUG 11624 --- [http-nio-10000-exec-7] org.hibernate.SQL                        : 
    select
        j1_0.id,
        j1_0.freelancer_id,
        j1_0.budget,
        j1_0.client_id,
        j1_0.created_at,
        j1_0.deadline,
        j1_0.description,
        j1_0.estimated_duration,
        j1_0.skills_required,
        j1_0.status,
        j1_0.title,
        j1_0.type 
    from
        jobs j1_0 
    where
        j1_0.client_id=?
2026-02-17T09:19:35.582+05:30 DEBUG 11624 --- [http-nio-10000-exec-7] org.hibernate.SQL                        : 
    select
        c1_0.id,
        c1_0.amount_in_escrow,
        c1_0.amount_paid_to_freelancer,
        c1_0.cancellation_reason,
        c1_0.cancelled_at,
        c1_0.client_id,
        c1_0.client_rating,
        c1_0.client_review,
        c1_0.completed_at,
        c1_0.created_at,
        c1_0.deadline,
        c1_0.description,
        c1_0.due_date,
        c1_0.end_date,
        c1_0.escrow_funded,
        c1_0.escrow_funded_at,
        c1_0.freelancer_id,
        c1_0.freelancer_earnings,
        c1_0.freelancer_rating,
        c1_0.freelancer_review,
        c1_0.job_id,
        c1_0.platform_fee,
        c1_0.proposal_id,
        p1_0.id,
        p1_0.client_message,
        p1_0.cover_letter,
        p1_0.estimated_days,
        p1_0.freelancer_id,
        p1_0.job_id,
        p1_0.proposed_price,
        p1_0.responded_at,
        p1_0.status,
        p1_0.submitted_at,
        c1_0.protection_period,
        c1_0.start_date,
        c1_0.status,
        c1_0.title,
        c1_0.total_amount 
    from
        contracts c1_0 
    join
        proposals p1_0 
            on p1_0.id=c1_0.proposal_id 
    where
        c1_0.job_id=?
2026-02-17T09:19:35.587+05:30 DEBUG 11624 --- [http-nio-10000-exec-7] org.hibernate.SQL                        : 
    select
        c1_0.id,
        c1_0.amount_in_escrow,
        c1_0.amount_paid_to_freelancer,
        c1_0.cancellation_reason,
        c1_0.cancelled_at,
        c1_0.client_id,
        c1_0.client_rating,
        c1_0.client_review,
        c1_0.completed_at,
        c1_0.created_at,
        c1_0.deadline,
        c1_0.description,
        c1_0.due_date,
        c1_0.end_date,
        c1_0.escrow_funded,
        c1_0.escrow_funded_at,
        c1_0.freelancer_id,
        c1_0.freelancer_earnings,
        c1_0.freelancer_rating,
        c1_0.freelancer_review,
        c1_0.job_id,
        c1_0.platform_fee,
        c1_0.proposal_id,
        p1_0.id,
        p1_0.client_message,
        p1_0.cover_letter,
        p1_0.estimated_days,
        p1_0.freelancer_id,
        p1_0.job_id,
        p1_0.proposed_price,
        p1_0.responded_at,
        p1_0.status,
        p1_0.submitted_at,
        c1_0.protection_period,
        c1_0.start_date,
        c1_0.status,
        c1_0.title,
        c1_0.total_amount 
    from
        contracts c1_0 
    join
        proposals p1_0 
            on p1_0.id=c1_0.proposal_id 
    where
        c1_0.job_id=?
2026-02-17T09:19:35.591+05:30 DEBUG 11624 --- [http-nio-10000-exec-7] org.hibernate.SQL                        : 
    select
        c1_0.id,
        c1_0.amount_in_escrow,
        c1_0.amount_paid_to_freelancer,
        c1_0.cancellation_reason,
        c1_0.cancelled_at,
        c1_0.client_id,
        c1_0.client_rating,
        c1_0.client_review,
        c1_0.completed_at,
        c1_0.created_at,
        c1_0.deadline,
        c1_0.description,
        c1_0.due_date,
        c1_0.end_date,
        c1_0.escrow_funded,
        c1_0.escrow_funded_at,
        c1_0.freelancer_id,
        c1_0.freelancer_earnings,
        c1_0.freelancer_rating,
        c1_0.freelancer_review,
        c1_0.job_id,
        c1_0.platform_fee,
        c1_0.proposal_id,
        p1_0.id,
        p1_0.client_message,
        p1_0.cover_letter,
        p1_0.estimated_days,
        p1_0.freelancer_id,
        p1_0.job_id,
        p1_0.proposed_price,
        p1_0.responded_at,
        p1_0.status,
        p1_0.submitted_at,
        c1_0.protection_period,
        c1_0.start_date,
        c1_0.status,
        c1_0.title,
        c1_0.total_amount 
    from
        contracts c1_0 
    join
        proposals p1_0 
            on p1_0.id=c1_0.proposal_id 
    where
        c1_0.job_id=?
2026-02-17T09:19:35.600+05:30 DEBUG 11624 --- [http-nio-10000-exec-7] o.s.w.s.m.m.a.HttpEntityMethodProcessor  : Using 'application/json', given [application/json, text/plain, */*] and supported [application/json, application/*+json, application/yaml]
2026-02-17T09:19:35.600+05:30 DEBUG 11624 --- [http-nio-10000-exec-7] o.s.w.s.m.m.a.HttpEntityMethodProcessor  : Writing [[com.marketplace.job.JobResponseDTO@3f33d6db, com.marketplace.job.JobResponseDTO@5627866f, com.marke (truncated)...]
2026-02-17T09:19:35.603+05:30 DEBUG 11624 --- [http-nio-10000-exec-7] o.s.web.servlet.DispatcherServlet        : Completed 200 OK
2026-02-17T09:19:35.606+05:30 DEBUG 11624 --- [http-nio-10000-exec-8] o.s.security.web.FilterChainProxy        : Securing GET /api/jobs/my-jobs
2026-02-17T09:19:35.615+05:30 DEBUG 11624 --- [http-nio-10000-exec-8] org.hibernate.SQL                        : 
    select
        u1_0.id,
        u1_0.bio,
        u1_0.completed_jobs,
        u1_0.country,
        u1_0.created_at,
        u1_0.email,
        u1_0.email_verification_token,
        u1_0.email_verification_token_expiry,
        u1_0.email_verified,
        u1_0.hourly_rate,
        u1_0.name,
        u1_0.password,
        u1_0.phone,
        u1_0.profile_picture,
        u1_0.rating,
        u1_0.role,
        u1_0.skills 
    from
        users u1_0 
    where
        u1_0.email=?
2026-02-17T09:19:35.624+05:30 DEBUG 11624 --- [http-nio-10000-exec-8] o.s.security.web.FilterChainProxy        : Secured GET /api/jobs/my-jobs
2026-02-17T09:19:35.625+05:30 DEBUG 11624 --- [http-nio-10000-exec-8] o.s.web.servlet.DispatcherServlet        : GET "/api/jobs/my-jobs", parameters={}
2026-02-17T09:19:35.626+05:30 DEBUG 11624 --- [http-nio-10000-exec-8] s.w.s.m.m.a.RequestMappingHandlerMapping : Mapped to com.marketplace.job.JobController#getMyJobs()
2026-02-17T09:19:35.628+05:30 DEBUG 11624 --- [http-nio-10000-exec-8] org.hibernate.SQL                        : 
    select
        u1_0.id,
        u1_0.bio,
        u1_0.completed_jobs,
        u1_0.country,
        u1_0.created_at,
        u1_0.email,
        u1_0.email_verification_token,
        u1_0.email_verification_token_expiry,
        u1_0.email_verified,
        u1_0.hourly_rate,
        u1_0.name,
        u1_0.password,
        u1_0.phone,
        u1_0.profile_picture,
        u1_0.rating,
        u1_0.role,
        u1_0.skills 
    from
        users u1_0 
    where
        u1_0.email=?
2026-02-17T09:19:35.637+05:30 DEBUG 11624 --- [http-nio-10000-exec-8] org.hibernate.SQL                        : 
    select
        j1_0.id,
        j1_0.freelancer_id,
        j1_0.budget,
        j1_0.client_id,
        j1_0.created_at,
        j1_0.deadline,
        j1_0.description,
        j1_0.estimated_duration,
        j1_0.skills_required,
        j1_0.status,
        j1_0.title,
        j1_0.type 
    from
        jobs j1_0 
    where
        j1_0.client_id=?
2026-02-17T09:19:35.642+05:30 DEBUG 11624 --- [http-nio-10000-exec-8] org.hibernate.SQL                        : 
    select
        c1_0.id,
        c1_0.amount_in_escrow,
        c1_0.amount_paid_to_freelancer,
        c1_0.cancellation_reason,
        c1_0.cancelled_at,
        c1_0.client_id,
        c1_0.client_rating,
        c1_0.client_review,
        c1_0.completed_at,
        c1_0.created_at,
        c1_0.deadline,
        c1_0.description,
        c1_0.due_date,
        c1_0.end_date,
        c1_0.escrow_funded,
        c1_0.escrow_funded_at,
        c1_0.freelancer_id,
        c1_0.freelancer_earnings,
        c1_0.freelancer_rating,
        c1_0.freelancer_review,
        c1_0.job_id,
        c1_0.platform_fee,
        c1_0.proposal_id,
        p1_0.id,
        p1_0.client_message,
        p1_0.cover_letter,
        p1_0.estimated_days,
        p1_0.freelancer_id,
        p1_0.job_id,
        p1_0.proposed_price,
        p1_0.responded_at,
        p1_0.status,
        p1_0.submitted_at,
        c1_0.protection_period,
        c1_0.start_date,
        c1_0.status,
        c1_0.title,
        c1_0.total_amount 
    from
        contracts c1_0 
    join
        proposals p1_0 
            on p1_0.id=c1_0.proposal_id 
    where
        c1_0.job_id=?
2026-02-17T09:19:35.648+05:30 DEBUG 11624 --- [http-nio-10000-exec-8] org.hibernate.SQL                        : 
    select
        c1_0.id,
        c1_0.amount_in_escrow,
        c1_0.amount_paid_to_freelancer,
        c1_0.cancellation_reason,
        c1_0.cancelled_at,
        c1_0.client_id,
        c1_0.client_rating,
        c1_0.client_review,
        c1_0.completed_at,
        c1_0.created_at,
        c1_0.deadline,
        c1_0.description,
        c1_0.due_date,
        c1_0.end_date,
        c1_0.escrow_funded,
        c1_0.escrow_funded_at,
        c1_0.freelancer_id,
        c1_0.freelancer_earnings,
        c1_0.freelancer_rating,
        c1_0.freelancer_review,
        c1_0.job_id,
        c1_0.platform_fee,
        c1_0.proposal_id,
        p1_0.id,
        p1_0.client_message,
        p1_0.cover_letter,
        p1_0.estimated_days,
        p1_0.freelancer_id,
        p1_0.job_id,
        p1_0.proposed_price,
        p1_0.responded_at,
        p1_0.status,
        p1_0.submitted_at,
        c1_0.protection_period,
        c1_0.start_date,
        c1_0.status,
        c1_0.title,
        c1_0.total_amount 
    from
        contracts c1_0 
    join
        proposals p1_0 
            on p1_0.id=c1_0.proposal_id 
    where
        c1_0.job_id=?
2026-02-17T09:19:35.652+05:30 DEBUG 11624 --- [http-nio-10000-exec-8] org.hibernate.SQL                        : 
    select
        c1_0.id,
        c1_0.amount_in_escrow,
        c1_0.amount_paid_to_freelancer,
        c1_0.cancellation_reason,
        c1_0.cancelled_at,
        c1_0.client_id,
        c1_0.client_rating,
        c1_0.client_review,
        c1_0.completed_at,
        c1_0.created_at,
        c1_0.deadline,
        c1_0.description,
        c1_0.due_date,
        c1_0.end_date,
        c1_0.escrow_funded,
        c1_0.escrow_funded_at,
        c1_0.freelancer_id,
        c1_0.freelancer_earnings,
        c1_0.freelancer_rating,
        c1_0.freelancer_review,
        c1_0.job_id,
        c1_0.platform_fee,
        c1_0.proposal_id,
        p1_0.id,
        p1_0.client_message,
        p1_0.cover_letter,
        p1_0.estimated_days,
        p1_0.freelancer_id,
        p1_0.job_id,
        p1_0.proposed_price,
        p1_0.responded_at,
        p1_0.status,
        p1_0.submitted_at,
        c1_0.protection_period,
        c1_0.start_date,
        c1_0.status,
        c1_0.title,
        c1_0.total_amount 
    from
        contracts c1_0 
    join
        proposals p1_0 
            on p1_0.id=c1_0.proposal_id 
    where
        c1_0.job_id=?
2026-02-17T09:19:35.661+05:30 DEBUG 11624 --- [http-nio-10000-exec-8] o.s.w.s.m.m.a.HttpEntityMethodProcessor  : Using 'application/json', given [application/json, text/plain, */*] and supported [application/json, application/*+json, application/yaml]
2026-02-17T09:19:35.661+05:30 DEBUG 11624 --- [http-nio-10000-exec-8] o.s.w.s.m.m.a.HttpEntityMethodProcessor  : Writing [[com.marketplace.job.JobResponseDTO@ec93c8e, com.marketplace.job.JobResponseDTO@67ecd739, com.market (truncated)...]
2026-02-17T09:19:35.664+05:30 DEBUG 11624 --- [http-nio-10000-exec-8] o.s.web.servlet.DispatcherServlet        : Completed 200 OK
2026-02-17T09:19:37.699+05:30 DEBUG 11624 --- [http-nio-10000-exec-10] o.s.security.web.FilterChainProxy        : Securing OPTIONS /api/jobs/7
2026-02-17T09:19:37.699+05:30 DEBUG 11624 --- [http-nio-10000-exec-2] o.s.security.web.FilterChainProxy        : Securing OPTIONS /api/jobs/7
2026-02-17T09:19:37.699+05:30 DEBUG 11624 --- [http-nio-10000-exec-1] o.s.security.web.FilterChainProxy        : Securing OPTIONS /api/proposals/job/7
2026-02-17T09:19:37.699+05:30 DEBUG 11624 --- [http-nio-10000-exec-9] o.s.security.web.FilterChainProxy        : Securing OPTIONS /api/proposals/job/7
2026-02-17T09:19:37.709+05:30 DEBUG 11624 --- [http-nio-10000-exec-3] o.s.security.web.FilterChainProxy        : Securing GET /api/proposals/job/7
2026-02-17T09:19:37.709+05:30 DEBUG 11624 --- [http-nio-10000-exec-6] o.s.security.web.FilterChainProxy        : Securing GET /api/jobs/7
2026-02-17T09:19:37.725+05:30 DEBUG 11624 --- [http-nio-10000-exec-4] o.s.security.web.FilterChainProxy        : Securing GET /api/jobs/7
2026-02-17T09:19:37.725+05:30 DEBUG 11624 --- [http-nio-10000-exec-5] o.s.security.web.FilterChainProxy        : Securing GET /api/proposals/job/7
2026-02-17T09:19:42.443+05:30 DEBUG 11624 --- [http-nio-10000-exec-7] o.s.security.web.FilterChainProxy        : Securing GET /api/jobs/my-jobs
2026-02-17T09:19:42.458+05:30 DEBUG 11624 --- [http-nio-10000-exec-8] o.s.security.web.FilterChainProxy        : Securing GET /api/jobs/my-jobs
2026-02-17T09:19:45.214+05:30 DEBUG 11624 --- [http-nio-10000-exec-10] o.s.security.web.FilterChainProxy        : Securing GET /api/jobs/my-jobs
2026-02-17T09:19:46.544+05:30 DEBUG 11624 --- [http-nio-10000-exec-9] o.s.security.web.FilterChainProxy        : Securing GET /api/jobs/my-jobs
2026-02-17T09:19:50.100+05:30 DEBUG 11624 --- [http-nio-10000-exec-1] o.s.security.web.FilterChainProxy        : Securing GET /api/jobs/7
2026-02-17T09:19:50.102+05:30 DEBUG 11624 --- [http-nio-10000-exec-2] o.s.security.web.FilterChainProxy        : Securing GET /api/proposals/job/7
2026-02-17T09:19:50.113+05:30 DEBUG 11624 --- [http-nio-10000-exec-6] o.s.security.web.FilterChainProxy        : Securing GET /api/jobs/7
2026-02-17T09:19:50.115+05:30 DEBUG 11624 --- [http-nio-10000-exec-3] o.s.security.web.FilterChainProxy        : Securing GET /api/proposals/job/7
2026-02-17T09:19:52.420+05:30 DEBUG 11624 --- [http-nio-10000-exec-5] o.s.security.web.FilterChainProxy        : Securing GET /api/jobs/my-jobs
2026-02-17T09:19:52.427+05:30 DEBUG 11624 --- [http-nio-10000-exec-4] o.s.security.web.FilterChainProxy        : Securing GET /api/jobs/my-jobs
2026-02-17T09:19:55.865+05:30 DEBUG 11624 --- [http-nio-10000-exec-7] o.s.security.web.FilterChainProxy        : Securing GET /api/jobs/6
2026-02-17T09:19:55.867+05:30 DEBUG 11624 --- [http-nio-10000-exec-8] o.s.security.web.FilterChainProxy        : Securing GET /api/proposals/job/6
2026-02-17T09:19:55.873+05:30 DEBUG 11624 --- [http-nio-10000-exec-9] o.s.security.web.FilterChainProxy        : Securing GET /api/proposals/job/6
2026-02-17T09:19:55.873+05:30 DEBUG 11624 --- [http-nio-10000-exec-10] o.s.security.web.FilterChainProxy        : Securing GET /api/jobs/6
2026-02-17T09:19:56.778+05:30 DEBUG 11624 --- [http-nio-10000-exec-1] o.s.security.web.FilterChainProxy        : Securing GET /api/jobs/my-jobs
2026-02-17T09:19:56.788+05:30 DEBUG 11624 --- [http-nio-10000-exec-2] o.s.security.web.FilterChainProxy        : Securing GET /api/jobs/my-jobs
2026-02-17T09:20:02.385+05:30 DEBUG 11624 --- [http-nio-10000-exec-6] o.s.security.web.FilterChainProxy        : Securing GET /api/jobs/my-jobs
2026-02-17T09:20:02.397+05:30 DEBUG 11624 --- [http-nio-10000-exec-3] o.s.security.web.FilterChainProxy        : Securing GET /api/jobs/my-jobs
2026-02-17T09:23:35.868+05:30  INFO 11624 --- [RMI TCP Connection(16)-127.0.0.1] inMXBeanRegistrar$SpringApplicationAdmin : Application shutdown requested.
2026-02-17T09:23:36.145+05:30  INFO 11624 --- [RMI TCP Connection(16)-127.0.0.1] o.s.b.w.e.tomcat.GracefulShutdown        : Commencing graceful shutdown. Waiting for active requests to complete
2026-02-17T09:23:36.235+05:30  INFO 11624 --- [tomcat-shutdown] o.s.b.w.e.tomcat.GracefulShutdown        : Graceful shutdown complete
2026-02-17T09:23:36.338+05:30  INFO 11624 --- [RMI TCP Connection(16)-127.0.0.1] j.LocalContainerEntityManagerFactoryBean : Closing JPA EntityManagerFactory for persistence unit 'default'
2026-02-17T09:23:36.399+05:30  INFO 11624 --- [RMI TCP Connection(16)-127.0.0.1] com.zaxxer.hikari.HikariDataSource       : HikariPool-1 - Shutdown initiated...
2026-02-17T09:23:36.468+05:30  INFO 11624 --- [RMI TCP Connection(16)-127.0.0.1] com.zaxxer.hikari.HikariDataSource       : HikariPool-1 - Shutdown completed.
2026-02-17T09:24:01.675+05:30  INFO 5984 --- [main] c.m.FreelancingServiceApplication        : Starting FreelancingServiceApplication using Java 17.0.12 with PID 5984 (C:\Users\ACER\git\repository2\Freelancing_Service\target\classes started by ACER in C:\Users\ACER\git\repository2\Freelancing_Service)
2026-02-17T09:24:01.680+05:30 DEBUG 5984 --- [main] c.m.FreelancingServiceApplication        : Running with Spring Boot v3.5.9, Spring v6.2.15
2026-02-17T09:24:01.681+05:30  INFO 5984 --- [main] c.m.FreelancingServiceApplication        : The following 1 profile is active: "dev"
2026-02-17T09:24:04.565+05:30  INFO 5984 --- [main] .s.d.r.c.RepositoryConfigurationDelegate : Bootstrapping Spring Data JPA repositories in DEFAULT mode.
2026-02-17T09:24:04.761+05:30  INFO 5984 --- [main] .s.d.r.c.RepositoryConfigurationDelegate : Finished Spring Data repository scanning in 176 ms. Found 9 JPA repository interfaces.
2026-02-17T09:24:05.870+05:30  INFO 5984 --- [main] o.s.b.w.embedded.tomcat.TomcatWebServer  : Tomcat initialized with port 10000 (http)
2026-02-17T09:24:05.897+05:30  INFO 5984 --- [main] o.apache.catalina.core.StandardService   : Starting service [Tomcat]
2026-02-17T09:24:05.897+05:30  INFO 5984 --- [main] o.apache.catalina.core.StandardEngine    : Starting Servlet engine: [Apache Tomcat/10.1.50]
2026-02-17T09:24:06.014+05:30  INFO 5984 --- [main] o.a.c.c.C.[Tomcat].[localhost].[/]       : Initializing Spring embedded WebApplicationContext
2026-02-17T09:24:06.014+05:30  INFO 5984 --- [main] w.s.c.ServletWebServerApplicationContext : Root WebApplicationContext: initialization completed in 4222 ms
2026-02-17T09:24:06.484+05:30  INFO 5984 --- [main] o.hibernate.jpa.internal.util.LogHelper  : HHH000204: Processing PersistenceUnitInfo [name: default]
2026-02-17T09:24:06.601+05:30  INFO 5984 --- [main] org.hibernate.Version                    : HHH000412: Hibernate ORM core version 6.6.39.Final
2026-02-17T09:24:06.686+05:30  INFO 5984 --- [main] o.h.c.internal.RegionFactoryInitiator    : HHH000026: Second-level cache disabled
2026-02-17T09:24:07.259+05:30  INFO 5984 --- [main] o.s.o.j.p.SpringPersistenceUnitInfo      : No LoadTimeWeaver setup: ignoring JPA class transformer
2026-02-17T09:24:07.327+05:30  INFO 5984 --- [main] com.zaxxer.hikari.HikariDataSource       : HikariPool-1 - Starting...
2026-02-17T09:24:07.657+05:30  INFO 5984 --- [main] com.zaxxer.hikari.pool.HikariPool        : HikariPool-1 - Added connection com.mysql.cj.jdbc.ConnectionImpl@71f056a
2026-02-17T09:24:07.662+05:30  INFO 5984 --- [main] com.zaxxer.hikari.HikariDataSource       : HikariPool-1 - Start completed.
2026-02-17T09:24:07.847+05:30  WARN 5984 --- [main] org.hibernate.orm.deprecation            : HHH90000025: MySQLDialect does not need to be specified explicitly using 'hibernate.dialect' (remove the property setting and it will be selected by default)
2026-02-17T09:24:07.904+05:30  INFO 5984 --- [main] org.hibernate.orm.connections.pooling    : HHH10001005: Database info:
	Database JDBC URL [Connecting through datasource 'HikariDataSource (HikariPool-1)']
	Database driver: undefined/unknown
	Database version: 8.0.44
	Autocommit mode: undefined/unknown
	Isolation level: undefined/unknown
	Minimum pool size: undefined/unknown
	Maximum pool size: undefined/unknown
2026-02-17T09:24:10.049+05:30  INFO 5984 --- [main] o.h.e.t.j.p.i.JtaPlatformInitiator       : HHH000489: No JTA platform available (set 'hibernate.transaction.jta.platform' to enable JTA platform integration)
2026-02-17T09:24:10.400+05:30  INFO 5984 --- [main] j.LocalContainerEntityManagerFactoryBean : Initialized JPA EntityManagerFactory for persistence unit 'default'
2026-02-17T09:24:10.850+05:30  INFO 5984 --- [main] o.s.d.j.r.query.QueryEnhancerFactory     : Hibernate is in classpath; If applicable, HQL parser will be used.
2026-02-17T09:24:11.638+05:30 ERROR 5984 --- [main] o.s.b.web.embedded.tomcat.TomcatStarter  : Error starting Tomcat context. Exception: org.springframework.beans.factory.BeanCreationException. Message: Error creating bean with name 'rateLimitingFilter' defined in file [C:\Users\ACER\git\repository2\Freelancing_Service\target\classes\com\marketplace\security\RateLimitingFilter.class]: Failed to instantiate [com.marketplace.security.RateLimitingFilter]: Constructor threw exception
2026-02-17T09:24:11.721+05:30  INFO 5984 --- [main] o.apache.catalina.core.StandardService   : Stopping service [Tomcat]
2026-02-17T09:24:11.727+05:30  WARN 5984 --- [main] o.a.c.loader.WebappClassLoaderBase       : The web application [ROOT] appears to have started a thread named [HikariPool-1:housekeeper] but has failed to stop it. This is very likely to create a memory leak. Stack trace of thread:
 java.base@17.0.12/jdk.internal.misc.Unsafe.park(Native Method)
 java.base@17.0.12/java.util.concurrent.locks.LockSupport.parkNanos(LockSupport.java:252)
 java.base@17.0.12/java.util.concurrent.locks.AbstractQueuedSynchronizer$ConditionObject.awaitNanos(AbstractQueuedSynchronizer.java:1672)
 java.base@17.0.12/java.util.concurrent.ScheduledThreadPoolExecutor$DelayedWorkQueue.take(ScheduledThreadPoolExecutor.java:1182)
 java.base@17.0.12/java.util.concurrent.ScheduledThreadPoolExecutor$DelayedWorkQueue.take(ScheduledThreadPoolExecutor.java:899)
 java.base@17.0.12/java.util.concurrent.ThreadPoolExecutor.getTask(ThreadPoolExecutor.java:1062)
 java.base@17.0.12/java.util.concurrent.ThreadPoolExecutor.runWorker(ThreadPoolExecutor.java:1122)
 java.base@17.0.12/java.util.concurrent.ThreadPoolExecutor$Worker.run(ThreadPoolExecutor.java:635)
 java.base@17.0.12/java.lang.Thread.run(Thread.java:842)
2026-02-17T09:24:11.728+05:30  WARN 5984 --- [main] o.a.c.loader.WebappClassLoaderBase       : The web application [ROOT] appears to have started a thread named [HikariPool-1:connection-adder] but has failed to stop it. This is very likely to create a memory leak. Stack trace of thread:
 java.base@17.0.12/jdk.internal.misc.Unsafe.park(Native Method)
 java.base@17.0.12/java.util.concurrent.locks.LockSupport.parkNanos(LockSupport.java:252)
 java.base@17.0.12/java.util.concurrent.locks.AbstractQueuedSynchronizer$ConditionObject.awaitNanos(AbstractQueuedSynchronizer.java:1672)
 java.base@17.0.12/java.util.concurrent.LinkedBlockingQueue.poll(LinkedBlockingQueue.java:460)
 java.base@17.0.12/java.util.concurrent.ThreadPoolExecutor.getTask(ThreadPoolExecutor.java:1061)
 java.base@17.0.12/java.util.concurrent.ThreadPoolExecutor.runWorker(ThreadPoolExecutor.java:1122)
 java.base@17.0.12/java.util.concurrent.ThreadPoolExecutor$Worker.run(ThreadPoolExecutor.java:635)
 java.base@17.0.12/java.lang.Thread.run(Thread.java:842)
2026-02-17T09:24:11.733+05:30  WARN 5984 --- [main] ConfigServletWebServerApplicationContext : Exception encountered during context initialization - cancelling refresh attempt: org.springframework.context.ApplicationContextException: Unable to start web server
2026-02-17T09:24:11.733+05:30  INFO 5984 --- [main] j.LocalContainerEntityManagerFactoryBean : Closing JPA EntityManagerFactory for persistence unit 'default'
2026-02-17T09:24:11.738+05:30  INFO 5984 --- [main] com.zaxxer.hikari.HikariDataSource       : HikariPool-1 - Shutdown initiated...
2026-02-17T09:24:11.752+05:30  INFO 5984 --- [main] com.zaxxer.hikari.HikariDataSource       : HikariPool-1 - Shutdown completed.
2026-02-17T09:24:11.778+05:30  INFO 5984 --- [main] .s.b.a.l.ConditionEvaluationReportLogger : 

Error starting ApplicationContext. To display the condition evaluation report re-run your application with 'debug' enabled.
2026-02-17T09:24:11.820+05:30 ERROR 5984 --- [main] o.s.boot.SpringApplication               : Application run failed

org.springframework.context.ApplicationContextException: Unable to start web server
	at org.springframework.boot.web.servlet.context.ServletWebServerApplicationContext.onRefresh(ServletWebServerApplicationContext.java:170) ~[spring-boot-3.5.9.jar:3.5.9]
	at org.springframework.context.support.AbstractApplicationContext.refresh(AbstractApplicationContext.java:621) ~[spring-context-6.2.15.jar:6.2.15]
	at org.springframework.boot.web.servlet.context.ServletWebServerApplicationContext.refresh(ServletWebServerApplicationContext.java:146) ~[spring-boot-3.5.9.jar:3.5.9]
	at org.springframework.boot.SpringApplication.refresh(SpringApplication.java:752) ~[spring-boot-3.5.9.jar:3.5.9]
	at org.springframework.boot.SpringApplication.refreshContext(SpringApplication.java:439) ~[spring-boot-3.5.9.jar:3.5.9]
	at org.springframework.boot.SpringApplication.run(SpringApplication.java:318) ~[spring-boot-3.5.9.jar:3.5.9]
	at org.springframework.boot.SpringApplication.run(SpringApplication.java:1361) ~[spring-boot-3.5.9.jar:3.5.9]
	at org.springframework.boot.SpringApplication.run(SpringApplication.java:1350) ~[spring-boot-3.5.9.jar:3.5.9]
	at com.marketplace.FreelancingServiceApplication.main(FreelancingServiceApplication.java:25) ~[classes/:na]
Caused by: org.springframework.boot.web.server.WebServerException: Unable to start embedded Tomcat
	at org.springframework.boot.web.embedded.tomcat.TomcatWebServer.initialize(TomcatWebServer.java:147) ~[spring-boot-3.5.9.jar:3.5.9]
	at org.springframework.boot.web.embedded.tomcat.TomcatWebServer.<init>(TomcatWebServer.java:107) ~[spring-boot-3.5.9.jar:3.5.9]
	at org.springframework.boot.web.embedded.tomcat.TomcatServletWebServerFactory.getTomcatWebServer(TomcatServletWebServerFactory.java:517) ~[spring-boot-3.5.9.jar:3.5.9]
	at org.springframework.boot.web.embedded.tomcat.TomcatServletWebServerFactory.getWebServer(TomcatServletWebServerFactory.java:219) ~[spring-boot-3.5.9.jar:3.5.9]
	at org.springframework.boot.web.servlet.context.ServletWebServerApplicationContext.createWebServer(ServletWebServerApplicationContext.java:193) ~[spring-boot-3.5.9.jar:3.5.9]
	at org.springframework.boot.web.servlet.context.ServletWebServerApplicationContext.onRefresh(ServletWebServerApplicationContext.java:167) ~[spring-boot-3.5.9.jar:3.5.9]
	... 8 common frames omitted
Caused by: org.springframework.beans.factory.BeanCreationException: Error creating bean with name 'rateLimitingFilter' defined in file [C:\Users\ACER\git\repository2\Freelancing_Service\target\classes\com\marketplace\security\RateLimitingFilter.class]: Failed to instantiate [com.marketplace.security.RateLimitingFilter]: Constructor threw exception
	at org.springframework.beans.factory.support.AbstractAutowireCapableBeanFactory.instantiateBean(AbstractAutowireCapableBeanFactory.java:1357) ~[spring-beans-6.2.15.jar:6.2.15]
	at org.springframework.beans.factory.support.AbstractAutowireCapableBeanFactory.createBeanInstance(AbstractAutowireCapableBeanFactory.java:1242) ~[spring-beans-6.2.15.jar:6.2.15]
	at org.springframework.beans.factory.support.AbstractAutowireCapableBeanFactory.doCreateBean(AbstractAutowireCapableBeanFactory.java:569) ~[spring-beans-6.2.15.jar:6.2.15]
	at org.springframework.beans.factory.support.AbstractAutowireCapableBeanFactory.createBean(AbstractAutowireCapableBeanFactory.java:529) ~[spring-beans-6.2.15.jar:6.2.15]
	at org.springframework.beans.factory.support.AbstractBeanFactory.lambda$doGetBean$0(AbstractBeanFactory.java:339) ~[spring-beans-6.2.15.jar:6.2.15]
	at org.springframework.beans.factory.support.DefaultSingletonBeanRegistry.getSingleton(DefaultSingletonBeanRegistry.java:373) ~[spring-beans-6.2.15.jar:6.2.15]
	at org.springframework.beans.factory.support.AbstractBeanFactory.doGetBean(AbstractBeanFactory.java:337) ~[spring-beans-6.2.15.jar:6.2.15]
	at org.springframework.beans.factory.support.AbstractBeanFactory.getBean(AbstractBeanFactory.java:207) ~[spring-beans-6.2.15.jar:6.2.15]
	at org.springframework.boot.web.servlet.ServletContextInitializerBeans.getOrderedBeansOfType(ServletContextInitializerBeans.java:230) ~[spring-boot-3.5.9.jar:3.5.9]
	at org.springframework.boot.web.servlet.ServletContextInitializerBeans.addAsRegistrationBean(ServletContextInitializerBeans.java:184) ~[spring-boot-3.5.9.jar:3.5.9]
	at org.springframework.boot.web.servlet.ServletContextInitializerBeans.addAsRegistrationBean(ServletContextInitializerBeans.java:179) ~[spring-boot-3.5.9.jar:3.5.9]
	at org.springframework.boot.web.servlet.ServletContextInitializerBeans.addAdaptableBeans(ServletContextInitializerBeans.java:164) ~[spring-boot-3.5.9.jar:3.5.9]
	at org.springframework.boot.web.servlet.ServletContextInitializerBeans.<init>(ServletContextInitializerBeans.java:96) ~[spring-boot-3.5.9.jar:3.5.9]
	at org.springframework.boot.web.servlet.context.ServletWebServerApplicationContext.getServletContextInitializerBeans(ServletWebServerApplicationContext.java:271) ~[spring-boot-3.5.9.jar:3.5.9]
	at org.springframework.boot.web.servlet.context.ServletWebServerApplicationContext.selfInitialize(ServletWebServerApplicationContext.java:245) ~[spring-boot-3.5.9.jar:3.5.9]
	at org.springframework.boot.web.embedded.tomcat.TomcatStarter.onStartup(TomcatStarter.java:52) ~[spring-boot-3.5.9.jar:3.5.9]
	at org.apache.catalina.core.StandardContext.startInternal(StandardContext.java:4452) ~[tomcat-embed-core-10.1.50.jar:10.1.50]
	at org.apache.catalina.util.LifecycleBase.start(LifecycleBase.java:164) ~[tomcat-embed-core-10.1.50.jar:10.1.50]
	at org.apache.catalina.core.ContainerBase$StartChild.call(ContainerBase.java:1201) ~[tomcat-embed-core-10.1.50.jar:10.1.50]
	at org.apache.catalina.core.ContainerBase$StartChild.call(ContainerBase.java:1191) ~[tomcat-embed-core-10.1.50.jar:10.1.50]
	at java.base/java.util.concurrent.FutureTask.run(FutureTask.java:264) ~[na:na]
	at org.apache.tomcat.util.threads.InlineExecutorService.execute(InlineExecutorService.java:81) ~[tomcat-embed-core-10.1.50.jar:10.1.50]
	at java.base/java.util.concurrent.AbstractExecutorService.submit(AbstractExecutorService.java:145) ~[na:na]
	at org.apache.catalina.core.ContainerBase.startInternal(ContainerBase.java:747) ~[tomcat-embed-core-10.1.50.jar:10.1.50]
	at org.apache.catalina.core.StandardHost.startInternal(StandardHost.java:783) ~[tomcat-embed-core-10.1.50.jar:10.1.50]
	at org.apache.catalina.util.LifecycleBase.start(LifecycleBase.java:164) ~[tomcat-embed-core-10.1.50.jar:10.1.50]
	at org.apache.catalina.core.ContainerBase$StartChild.call(ContainerBase.java:1201) ~[tomcat-embed-core-10.1.50.jar:10.1.50]
	at org.apache.catalina.core.ContainerBase$StartChild.call(ContainerBase.java:1191) ~[tomcat-embed-core-10.1.50.jar:10.1.50]
	at java.base/java.util.concurrent.FutureTask.run(FutureTask.java:264) ~[na:na]
	at org.apache.tomcat.util.threads.InlineExecutorService.execute(InlineExecutorService.java:81) ~[tomcat-embed-core-10.1.50.jar:10.1.50]
	at java.base/java.util.concurrent.AbstractExecutorService.submit(AbstractExecutorService.java:145) ~[na:na]
	at org.apache.catalina.core.ContainerBase.startInternal(ContainerBase.java:747) ~[tomcat-embed-core-10.1.50.jar:10.1.50]
	at org.apache.catalina.core.StandardEngine.startInternal(StandardEngine.java:201) ~[tomcat-embed-core-10.1.50.jar:10.1.50]
	at org.apache.catalina.util.LifecycleBase.start(LifecycleBase.java:164) ~[tomcat-embed-core-10.1.50.jar:10.1.50]
	at org.apache.catalina.core.StandardService.startInternal(StandardService.java:410) ~[tomcat-embed-core-10.1.50.jar:10.1.50]
	at org.apache.catalina.util.LifecycleBase.start(LifecycleBase.java:164) ~[tomcat-embed-core-10.1.50.jar:10.1.50]
	at org.apache.catalina.core.StandardServer.startInternal(StandardServer.java:868) ~[tomcat-embed-core-10.1.50.jar:10.1.50]
	at org.apache.catalina.util.LifecycleBase.start(LifecycleBase.java:164) ~[tomcat-embed-core-10.1.50.jar:10.1.50]
	at org.apache.catalina.startup.Tomcat.start(Tomcat.java:436) ~[tomcat-embed-core-10.1.50.jar:10.1.50]
	at org.springframework.boot.web.embedded.tomcat.TomcatWebServer.initialize(TomcatWebServer.java:128) ~[spring-boot-3.5.9.jar:3.5.9]
	... 13 common frames omitted
Caused by: org.springframework.beans.BeanInstantiationException: Failed to instantiate [com.marketplace.security.RateLimitingFilter]: Constructor threw exception
	at org.springframework.beans.BeanUtils.instantiateClass(BeanUtils.java:223) ~[spring-beans-6.2.15.jar:6.2.15]
	at org.springframework.beans.factory.support.SimpleInstantiationStrategy.instantiate(SimpleInstantiationStrategy.java:123) ~[spring-beans-6.2.15.jar:6.2.15]
	at org.springframework.beans.factory.support.AbstractAutowireCapableBeanFactory.instantiateBean(AbstractAutowireCapableBeanFactory.java:1351) ~[spring-beans-6.2.15.jar:6.2.15]
	... 52 common frames omitted
Caused by: java.lang.Error: Unresolved compilation problems: 
	The import com.marketplace.config.RateLimitingService cannot be resolved
	RateLimitingService cannot be resolved to a type
	RateLimitingService cannot be resolved to a type
	RateLimitingService cannot be resolved to a type

	at com.marketplace.security.RateLimitingFilter.<init>(RateLimitingFilter.java:3) ~[classes/:na]
	at java.base/jdk.internal.reflect.NativeConstructorAccessorImpl.newInstance0(Native Method) ~[na:na]
	at java.base/jdk.internal.reflect.NativeConstructorAccessorImpl.newInstance(NativeConstructorAccessorImpl.java:77) ~[na:na]
	at java.base/jdk.internal.reflect.DelegatingConstructorAccessorImpl.newInstance(DelegatingConstructorAccessorImpl.java:45) ~[na:na]
	at java.base/java.lang.reflect.Constructor.newInstanceWithCaller(Constructor.java:499) ~[na:na]
	at java.base/java.lang.reflect.Constructor.newInstance(Constructor.java:480) ~[na:na]
	at org.springframework.beans.BeanUtils.instantiateClass(BeanUtils.java:197) ~[spring-beans-6.2.15.jar:6.2.15]
	... 54 common frames omitted

2026-02-17T09:30:06.893+05:30  INFO 11684 --- [main] c.m.FreelancingServiceApplication        : Starting FreelancingServiceApplication using Java 17.0.12 with PID 11684 (C:\Users\ACER\git\repository2\Freelancing_Service\target\classes started by ACER in C:\Users\ACER\git\repository2\Freelancing_Service)
2026-02-17T09:30:06.898+05:30 DEBUG 11684 --- [main] c.m.FreelancingServiceApplication        : Running with Spring Boot v3.5.9, Spring v6.2.15
2026-02-17T09:30:06.900+05:30  INFO 11684 --- [main] c.m.FreelancingServiceApplication        : The following 1 profile is active: "dev"
2026-02-17T09:30:08.847+05:30  INFO 11684 --- [main] .s.d.r.c.RepositoryConfigurationDelegate : Bootstrapping Spring Data JPA repositories in DEFAULT mode.
2026-02-17T09:30:08.992+05:30  INFO 11684 --- [main] .s.d.r.c.RepositoryConfigurationDelegate : Finished Spring Data repository scanning in 127 ms. Found 9 JPA repository interfaces.
2026-02-17T09:30:10.069+05:30  INFO 11684 --- [main] o.s.b.w.embedded.tomcat.TomcatWebServer  : Tomcat initialized with port 10000 (http)
2026-02-17T09:30:10.087+05:30  INFO 11684 --- [main] o.apache.catalina.core.StandardService   : Starting service [Tomcat]
2026-02-17T09:30:10.089+05:30  INFO 11684 --- [main] o.apache.catalina.core.StandardEngine    : Starting Servlet engine: [Apache Tomcat/10.1.50]
2026-02-17T09:30:10.186+05:30  INFO 11684 --- [main] o.a.c.c.C.[Tomcat].[localhost].[/]       : Initializing Spring embedded WebApplicationContext
2026-02-17T09:30:10.186+05:30  INFO 11684 --- [main] w.s.c.ServletWebServerApplicationContext : Root WebApplicationContext: initialization completed in 3216 ms
2026-02-17T09:30:10.599+05:30  INFO 11684 --- [main] o.hibernate.jpa.internal.util.LogHelper  : HHH000204: Processing PersistenceUnitInfo [name: default]
2026-02-17T09:30:10.715+05:30  INFO 11684 --- [main] org.hibernate.Version                    : HHH000412: Hibernate ORM core version 6.6.39.Final
2026-02-17T09:30:10.787+05:30  INFO 11684 --- [main] o.h.c.internal.RegionFactoryInitiator    : HHH000026: Second-level cache disabled
2026-02-17T09:30:11.247+05:30  INFO 11684 --- [main] o.s.o.j.p.SpringPersistenceUnitInfo      : No LoadTimeWeaver setup: ignoring JPA class transformer
2026-02-17T09:30:11.299+05:30  INFO 11684 --- [main] com.zaxxer.hikari.HikariDataSource       : HikariPool-1 - Starting...
2026-02-17T09:30:11.595+05:30  INFO 11684 --- [main] com.zaxxer.hikari.pool.HikariPool        : HikariPool-1 - Added connection com.mysql.cj.jdbc.ConnectionImpl@418d1c03
2026-02-17T09:30:11.599+05:30  INFO 11684 --- [main] com.zaxxer.hikari.HikariDataSource       : HikariPool-1 - Start completed.
2026-02-17T09:30:11.713+05:30  WARN 11684 --- [main] org.hibernate.orm.deprecation            : HHH90000025: MySQLDialect does not need to be specified explicitly using 'hibernate.dialect' (remove the property setting and it will be selected by default)
2026-02-17T09:30:11.750+05:30  INFO 11684 --- [main] org.hibernate.orm.connections.pooling    : HHH10001005: Database info:
	Database JDBC URL [Connecting through datasource 'HikariDataSource (HikariPool-1)']
	Database driver: undefined/unknown
	Database version: 8.0.44
	Autocommit mode: undefined/unknown
	Isolation level: undefined/unknown
	Minimum pool size: undefined/unknown
	Maximum pool size: undefined/unknown
2026-02-17T09:30:13.438+05:30  INFO 11684 --- [main] o.h.e.t.j.p.i.JtaPlatformInitiator       : HHH000489: No JTA platform available (set 'hibernate.transaction.jta.platform' to enable JTA platform integration)
2026-02-17T09:30:13.741+05:30  INFO 11684 --- [main] j.LocalContainerEntityManagerFactoryBean : Initialized JPA EntityManagerFactory for persistence unit 'default'
2026-02-17T09:30:14.103+05:30  INFO 11684 --- [main] o.s.d.j.r.query.QueryEnhancerFactory     : Hibernate is in classpath; If applicable, HQL parser will be used.
2026-02-17T09:30:14.893+05:30 DEBUG 11684 --- [main] o.s.w.f.ServerHttpObservationFilter      : Filter 'webMvcObservationFilter' configured for use
2026-02-17T09:30:14.895+05:30 DEBUG 11684 --- [main] o.springframework.web.filter.CorsFilter  : Filter 'corsFilter' configured for use
2026-02-17T09:30:14.896+05:30 DEBUG 11684 --- [main] com.marketplace.security.JwtFilter       : Filter 'jwtFilter' configured for use
2026-02-17T09:30:16.318+05:30  WARN 11684 --- [main] JpaBaseConfiguration$JpaWebConfiguration : spring.jpa.open-in-view is enabled by default. Therefore, database queries may be performed during view rendering. Explicitly configure spring.jpa.open-in-view to disable this warning
2026-02-17T09:30:16.522+05:30 DEBUG 11684 --- [main] s.w.s.m.m.a.RequestMappingHandlerMapping : 58 mappings in 'requestMappingHandlerMapping'
2026-02-17T09:30:16.705+05:30 DEBUG 11684 --- [main] o.s.w.s.handler.SimpleUrlHandlerMapping  : Patterns [/webjars/**, /**, /uploads/**] in 'resourceHandlerMapping'
2026-02-17T09:30:16.995+05:30  INFO 11684 --- [main] o.s.b.a.e.web.EndpointLinksResolver      : Exposing 6 endpoints beneath base path '/actuator'
2026-02-17T09:30:17.081+05:30  INFO 11684 --- [main] r$InitializeUserDetailsManagerConfigurer : Global AuthenticationManager configured with UserDetailsService bean with name customUserDetailsService
2026-02-17T09:30:17.309+05:30 DEBUG 11684 --- [main] o.s.s.web.DefaultSecurityFilterChain     : Will secure any request with filters: DisableEncodeUrlFilter, WebAsyncManagerIntegrationFilter, SecurityContextHolderFilter, HeaderWriterFilter, CorsFilter, LogoutFilter, JwtFilter, RequestCacheAwareFilter, SecurityContextHolderAwareRequestFilter, AnonymousAuthenticationFilter, SessionManagementFilter, ExceptionTranslationFilter, AuthorizationFilter
2026-02-17T09:30:17.501+05:30 DEBUG 11684 --- [main] s.w.s.m.m.a.RequestMappingHandlerAdapter : ControllerAdvice beans: 0 @ModelAttribute, 0 @InitBinder, 1 RequestBodyAdvice, 1 ResponseBodyAdvice
2026-02-17T09:30:17.621+05:30 DEBUG 11684 --- [main] .m.m.a.ExceptionHandlerExceptionResolver : ControllerAdvice beans: 1 @ExceptionHandler, 1 ResponseBodyAdvice
2026-02-17T09:30:18.036+05:30  INFO 11684 --- [main] o.s.b.w.embedded.tomcat.TomcatWebServer  : Tomcat started on port 10000 (http) with context path '/'
2026-02-17T09:30:18.056+05:30  INFO 11684 --- [main] c.m.FreelancingServiceApplication        : Started FreelancingServiceApplication in 11.919 seconds (process running for 12.715)
2026-02-17T09:30:18.201+05:30 DEBUG 11684 --- [main] org.hibernate.SQL                        : 
    select
        u1_0.id 
    from
        users u1_0 
    where
        u1_0.email=? 
    limit
        ?
2026-02-17T09:30:18.242+05:30 DEBUG 11684 --- [main] org.hibernate.SQL                        : 
    select
        u1_0.id 
    from
        users u1_0 
    where
        u1_0.email=? 
    limit
        ?
2026-02-17T09:30:18.246+05:30 DEBUG 11684 --- [main] org.hibernate.SQL                        : 
    select
        u1_0.id 
    from
        users u1_0 
    where
        u1_0.email=? 
    limit
        ?
2026-02-17T09:30:18.594+05:30  INFO 11684 --- [RMI TCP Connection(4)-127.0.0.1] o.a.c.c.C.[Tomcat].[localhost].[/]       : Initializing Spring DispatcherServlet 'dispatcherServlet'
2026-02-17T09:30:18.595+05:30  INFO 11684 --- [RMI TCP Connection(4)-127.0.0.1] o.s.web.servlet.DispatcherServlet        : Initializing Servlet 'dispatcherServlet'
2026-02-17T09:30:18.596+05:30 DEBUG 11684 --- [RMI TCP Connection(4)-127.0.0.1] o.s.web.servlet.DispatcherServlet        : Detected StandardServletMultipartResolver
2026-02-17T09:30:18.596+05:30 DEBUG 11684 --- [RMI TCP Connection(4)-127.0.0.1] o.s.web.servlet.DispatcherServlet        : Detected AcceptHeaderLocaleResolver
2026-02-17T09:30:18.597+05:30 DEBUG 11684 --- [RMI TCP Connection(4)-127.0.0.1] o.s.web.servlet.DispatcherServlet        : Detected FixedThemeResolver
2026-02-17T09:30:18.601+05:30 DEBUG 11684 --- [RMI TCP Connection(4)-127.0.0.1] o.s.web.servlet.DispatcherServlet        : Detected org.springframework.web.servlet.view.DefaultRequestToViewNameTranslator@2c3ba256
2026-02-17T09:30:18.602+05:30 DEBUG 11684 --- [RMI TCP Connection(4)-127.0.0.1] o.s.web.servlet.DispatcherServlet        : Detected org.springframework.web.servlet.support.SessionFlashMapManager@5d182ffa
2026-02-17T09:30:18.603+05:30 DEBUG 11684 --- [RMI TCP Connection(4)-127.0.0.1] o.s.web.servlet.DispatcherServlet        : enableLoggingRequestDetails='false': request parameters and headers will be masked to prevent unsafe logging of potentially sensitive data
2026-02-17T09:30:18.603+05:30  INFO 11684 --- [RMI TCP Connection(4)-127.0.0.1] o.s.web.servlet.DispatcherServlet        : Completed initialization in 8 ms
2026-02-17T09:32:38.579+05:30 DEBUG 11684 --- [http-nio-10000-exec-1] o.s.security.web.FilterChainProxy        : Securing GET /api/jobs/my-jobs
2026-02-17T09:32:38.886+05:30 DEBUG 11684 --- [http-nio-10000-exec-1] org.hibernate.SQL                        : 
    select
        u1_0.id,
        u1_0.bio,
        u1_0.completed_jobs,
        u1_0.country,
        u1_0.created_at,
        u1_0.email,
        u1_0.email_verification_token,
        u1_0.email_verification_token_expiry,
        u1_0.email_verified,
        u1_0.hourly_rate,
        u1_0.name,
        u1_0.password,
        u1_0.phone,
        u1_0.profile_picture,
        u1_0.rating,
        u1_0.role,
        u1_0.skills 
    from
        users u1_0 
    where
        u1_0.email=?
2026-02-17T09:32:39.029+05:30 DEBUG 11684 --- [http-nio-10000-exec-1] o.s.security.web.FilterChainProxy        : Secured GET /api/jobs/my-jobs
2026-02-17T09:32:39.037+05:30 DEBUG 11684 --- [http-nio-10000-exec-1] o.s.web.servlet.DispatcherServlet        : GET "/api/jobs/my-jobs", parameters={}
2026-02-17T09:32:39.042+05:30 DEBUG 11684 --- [http-nio-10000-exec-1] s.w.s.m.m.a.RequestMappingHandlerMapping : Mapped to com.marketplace.job.JobController#getMyJobs()
2026-02-17T09:32:39.079+05:30 DEBUG 11684 --- [http-nio-10000-exec-1] org.hibernate.SQL                        : 
    select
        u1_0.id,
        u1_0.bio,
        u1_0.completed_jobs,
        u1_0.country,
        u1_0.created_at,
        u1_0.email,
        u1_0.email_verification_token,
        u1_0.email_verification_token_expiry,
        u1_0.email_verified,
        u1_0.hourly_rate,
        u1_0.name,
        u1_0.password,
        u1_0.phone,
        u1_0.profile_picture,
        u1_0.rating,
        u1_0.role,
        u1_0.skills 
    from
        users u1_0 
    where
        u1_0.email=?
2026-02-17T09:32:39.201+05:30 DEBUG 11684 --- [http-nio-10000-exec-1] org.hibernate.SQL                        : 
    select
        j1_0.id,
        j1_0.freelancer_id,
        j1_0.budget,
        j1_0.client_id,
        j1_0.created_at,
        j1_0.deadline,
        j1_0.description,
        j1_0.estimated_duration,
        j1_0.skills_required,
        j1_0.status,
        j1_0.title,
        j1_0.type 
    from
        jobs j1_0 
    where
        j1_0.client_id=?
2026-02-17T09:32:39.243+05:30 DEBUG 11684 --- [http-nio-10000-exec-1] org.hibernate.SQL                        : 
    select
        c1_0.id,
        c1_0.amount_in_escrow,
        c1_0.amount_paid_to_freelancer,
        c1_0.cancellation_reason,
        c1_0.cancelled_at,
        c1_0.client_id,
        c1_0.client_rating,
        c1_0.client_review,
        c1_0.completed_at,
        c1_0.created_at,
        c1_0.deadline,
        c1_0.description,
        c1_0.due_date,
        c1_0.end_date,
        c1_0.escrow_funded,
        c1_0.escrow_funded_at,
        c1_0.freelancer_id,
        c1_0.freelancer_earnings,
        c1_0.freelancer_rating,
        c1_0.freelancer_review,
        c1_0.job_id,
        c1_0.platform_fee,
        c1_0.proposal_id,
        p1_0.id,
        p1_0.client_message,
        p1_0.cover_letter,
        p1_0.estimated_days,
        p1_0.freelancer_id,
        p1_0.job_id,
        p1_0.proposed_price,
        p1_0.responded_at,
        p1_0.status,
        p1_0.submitted_at,
        c1_0.protection_period,
        c1_0.start_date,
        c1_0.status,
        c1_0.title,
        c1_0.total_amount 
    from
        contracts c1_0 
    join
        proposals p1_0 
            on p1_0.id=c1_0.proposal_id 
    where
        c1_0.job_id=?
2026-02-17T09:32:39.258+05:30 DEBUG 11684 --- [http-nio-10000-exec-1] org.hibernate.SQL                        : 
    select
        c1_0.id,
        c1_0.amount_in_escrow,
        c1_0.amount_paid_to_freelancer,
        c1_0.cancellation_reason,
        c1_0.cancelled_at,
        c1_0.client_id,
        c1_0.client_rating,
        c1_0.client_review,
        c1_0.completed_at,
        c1_0.created_at,
        c1_0.deadline,
        c1_0.description,
        c1_0.due_date,
        c1_0.end_date,
        c1_0.escrow_funded,
        c1_0.escrow_funded_at,
        c1_0.freelancer_id,
        c1_0.freelancer_earnings,
        c1_0.freelancer_rating,
        c1_0.freelancer_review,
        c1_0.job_id,
        c1_0.platform_fee,
        c1_0.proposal_id,
        p1_0.id,
        p1_0.client_message,
        p1_0.cover_letter,
        p1_0.estimated_days,
        p1_0.freelancer_id,
        p1_0.job_id,
        p1_0.proposed_price,
        p1_0.responded_at,
        p1_0.status,
        p1_0.submitted_at,
        c1_0.protection_period,
        c1_0.start_date,
        c1_0.status,
        c1_0.title,
        c1_0.total_amount 
    from
        contracts c1_0 
    join
        proposals p1_0 
            on p1_0.id=c1_0.proposal_id 
    where
        c1_0.job_id=?
2026-02-17T09:32:39.261+05:30 DEBUG 11684 --- [http-nio-10000-exec-1] org.hibernate.SQL                        : 
    select
        c1_0.id,
        c1_0.amount_in_escrow,
        c1_0.amount_paid_to_freelancer,
        c1_0.cancellation_reason,
        c1_0.cancelled_at,
        c1_0.client_id,
        c1_0.client_rating,
        c1_0.client_review,
        c1_0.completed_at,
        c1_0.created_at,
        c1_0.deadline,
        c1_0.description,
        c1_0.due_date,
        c1_0.end_date,
        c1_0.escrow_funded,
        c1_0.escrow_funded_at,
        c1_0.freelancer_id,
        c1_0.freelancer_earnings,
        c1_0.freelancer_rating,
        c1_0.freelancer_review,
        c1_0.job_id,
        c1_0.platform_fee,
        c1_0.proposal_id,
        p1_0.id,
        p1_0.client_message,
        p1_0.cover_letter,
        p1_0.estimated_days,
        p1_0.freelancer_id,
        p1_0.job_id,
        p1_0.proposed_price,
        p1_0.responded_at,
        p1_0.status,
        p1_0.submitted_at,
        c1_0.protection_period,
        c1_0.start_date,
        c1_0.status,
        c1_0.title,
        c1_0.total_amount 
    from
        contracts c1_0 
    join
        proposals p1_0 
            on p1_0.id=c1_0.proposal_id 
    where
        c1_0.job_id=?
2026-02-17T09:32:39.296+05:30 DEBUG 11684 --- [http-nio-10000-exec-1] o.s.w.s.m.m.a.HttpEntityMethodProcessor  : Using 'application/json', given [application/json, text/plain, */*] and supported [application/json, application/*+json, application/yaml]
2026-02-17T09:32:39.299+05:30 DEBUG 11684 --- [http-nio-10000-exec-1] o.s.w.s.m.m.a.HttpEntityMethodProcessor  : Writing [[com.marketplace.job.JobResponseDTO@17fea34d, com.marketplace.job.JobResponseDTO@7e98484f, com.marke (truncated)...]
2026-02-17T09:32:39.344+05:30 DEBUG 11684 --- [http-nio-10000-exec-1] o.s.web.servlet.DispatcherServlet        : Completed 200 OK
2026-02-17T09:32:46.824+05:30 DEBUG 11684 --- [http-nio-10000-exec-2] o.s.security.web.FilterChainProxy        : Securing POST /api/auth/login
2026-02-17T09:32:46.828+05:30 DEBUG 11684 --- [http-nio-10000-exec-2] o.s.s.w.a.AnonymousAuthenticationFilter  : Set SecurityContextHolder to anonymous SecurityContext
2026-02-17T09:32:46.831+05:30 DEBUG 11684 --- [http-nio-10000-exec-2] o.s.security.web.FilterChainProxy        : Secured POST /api/auth/login
2026-02-17T09:32:46.832+05:30 DEBUG 11684 --- [http-nio-10000-exec-2] o.s.web.servlet.DispatcherServlet        : POST "/api/auth/login", parameters={}
2026-02-17T09:32:46.833+05:30 DEBUG 11684 --- [http-nio-10000-exec-2] s.w.s.m.m.a.RequestMappingHandlerMapping : Mapped to com.marketplace.auth.AuthController#login(AuthRequest)
2026-02-17T09:32:46.929+05:30 DEBUG 11684 --- [http-nio-10000-exec-2] m.m.a.RequestResponseBodyMethodProcessor : Read "application/json;charset=UTF-8" to [com.marketplace.auth.AuthRequest@532d1270]
2026-02-17T09:32:47.092+05:30 DEBUG 11684 --- [http-nio-10000-exec-2] org.hibernate.SQL                        : 
    select
        u1_0.id,
        u1_0.bio,
        u1_0.completed_jobs,
        u1_0.country,
        u1_0.created_at,
        u1_0.email,
        u1_0.email_verification_token,
        u1_0.email_verification_token_expiry,
        u1_0.email_verified,
        u1_0.hourly_rate,
        u1_0.name,
        u1_0.password,
        u1_0.phone,
        u1_0.profile_picture,
        u1_0.rating,
        u1_0.role,
        u1_0.skills 
    from
        users u1_0 
    where
        u1_0.email=?
2026-02-17T09:32:47.276+05:30 DEBUG 11684 --- [http-nio-10000-exec-2] org.hibernate.SQL                        : 
    delete rt1_0 
    from
        refersh_token rt1_0 
    where
        rt1_0.user_id=?
2026-02-17T09:32:47.375+05:30 DEBUG 11684 --- [http-nio-10000-exec-2] org.hibernate.SQL                        : 
    insert 
    into
        refersh_token
        (expiry_date, token, user_id) 
    values
        (?, ?, ?)
2026-02-17T09:32:47.446+05:30 DEBUG 11684 --- [http-nio-10000-exec-2] o.s.w.s.m.m.a.HttpEntityMethodProcessor  : Using 'application/json', given [application/json, text/plain, */*] and supported [application/json, application/*+json, application/yaml]
2026-02-17T09:32:47.448+05:30 DEBUG 11684 --- [http-nio-10000-exec-2] o.s.w.s.m.m.a.HttpEntityMethodProcessor  : Writing [com.marketplace.auth.AuthResponse@2114460b]
2026-02-17T09:32:47.452+05:30 DEBUG 11684 --- [http-nio-10000-exec-2] o.s.web.servlet.DispatcherServlet        : Completed 200 OK
2026-02-17T09:32:47.464+05:30 DEBUG 11684 --- [http-nio-10000-exec-3] o.s.security.web.FilterChainProxy        : Securing GET /api/profile/me
2026-02-17T09:32:47.474+05:30 DEBUG 11684 --- [http-nio-10000-exec-3] org.hibernate.SQL                        : 
    select
        u1_0.id,
        u1_0.bio,
        u1_0.completed_jobs,
        u1_0.country,
        u1_0.created_at,
        u1_0.email,
        u1_0.email_verification_token,
        u1_0.email_verification_token_expiry,
        u1_0.email_verified,
        u1_0.hourly_rate,
        u1_0.name,
        u1_0.password,
        u1_0.phone,
        u1_0.profile_picture,
        u1_0.rating,
        u1_0.role,
        u1_0.skills 
    from
        users u1_0 
    where
        u1_0.email=?
2026-02-17T09:32:47.487+05:30 DEBUG 11684 --- [http-nio-10000-exec-3] o.s.security.web.FilterChainProxy        : Secured GET /api/profile/me
2026-02-17T09:32:47.488+05:30 DEBUG 11684 --- [http-nio-10000-exec-3] o.s.web.servlet.DispatcherServlet        : GET "/api/profile/me", parameters={}
2026-02-17T09:32:47.489+05:30 DEBUG 11684 --- [http-nio-10000-exec-3] s.w.s.m.m.a.RequestMappingHandlerMapping : Mapped to com.marketplace.profile.ProfileController#getMyProfile()
2026-02-17T09:32:47.494+05:30 DEBUG 11684 --- [http-nio-10000-exec-3] org.hibernate.SQL                        : 
    select
        u1_0.id,
        u1_0.bio,
        u1_0.completed_jobs,
        u1_0.country,
        u1_0.created_at,
        u1_0.email,
        u1_0.email_verification_token,
        u1_0.email_verification_token_expiry,
        u1_0.email_verified,
        u1_0.hourly_rate,
        u1_0.name,
        u1_0.password,
        u1_0.phone,
        u1_0.profile_picture,
        u1_0.rating,
        u1_0.role,
        u1_0.skills 
    from
        users u1_0 
    where
        u1_0.email=?
2026-02-17T09:32:47.504+05:30 DEBUG 11684 --- [http-nio-10000-exec-3] o.s.w.s.m.m.a.HttpEntityMethodProcessor  : Using 'application/json', given [application/json, text/plain, */*] and supported [application/json, application/*+json, application/yaml]
2026-02-17T09:32:47.505+05:30 DEBUG 11684 --- [http-nio-10000-exec-3] o.s.w.s.m.m.a.HttpEntityMethodProcessor  : Writing [{skills=null, createdAt=2026-01-14T09:27:52.371122, profilePicture=null, role=CLIENT, name=John Clie (truncated)...]
2026-02-17T09:32:47.512+05:30 DEBUG 11684 --- [http-nio-10000-exec-3] o.s.web.servlet.DispatcherServlet        : Completed 200 OK
2026-02-17T09:32:47.695+05:30 DEBUG 11684 --- [http-nio-10000-exec-5] o.s.security.web.FilterChainProxy        : Securing GET /api/jobs/my-jobs
2026-02-17T09:32:47.708+05:30 DEBUG 11684 --- [http-nio-10000-exec-5] org.hibernate.SQL                        : 
    select
        u1_0.id,
        u1_0.bio,
        u1_0.completed_jobs,
        u1_0.country,
        u1_0.created_at,
        u1_0.email,
        u1_0.email_verification_token,
        u1_0.email_verification_token_expiry,
        u1_0.email_verified,
        u1_0.hourly_rate,
        u1_0.name,
        u1_0.password,
        u1_0.phone,
        u1_0.profile_picture,
        u1_0.rating,
        u1_0.role,
        u1_0.skills 
    from
        users u1_0 
    where
        u1_0.email=?
2026-02-17T09:32:47.723+05:30 DEBUG 11684 --- [http-nio-10000-exec-5] o.s.security.web.FilterChainProxy        : Secured GET /api/jobs/my-jobs
2026-02-17T09:32:47.724+05:30 DEBUG 11684 --- [http-nio-10000-exec-5] o.s.web.servlet.DispatcherServlet        : GET "/api/jobs/my-jobs", parameters={}
2026-02-17T09:32:47.725+05:30 DEBUG 11684 --- [http-nio-10000-exec-5] s.w.s.m.m.a.RequestMappingHandlerMapping : Mapped to com.marketplace.job.JobController#getMyJobs()
2026-02-17T09:32:47.759+05:30 DEBUG 11684 --- [http-nio-10000-exec-5] org.hibernate.SQL                        : 
    select
        u1_0.id,
        u1_0.bio,
        u1_0.completed_jobs,
        u1_0.country,
        u1_0.created_at,
        u1_0.email,
        u1_0.email_verification_token,
        u1_0.email_verification_token_expiry,
        u1_0.email_verified,
        u1_0.hourly_rate,
        u1_0.name,
        u1_0.password,
        u1_0.phone,
        u1_0.profile_picture,
        u1_0.rating,
        u1_0.role,
        u1_0.skills 
    from
        users u1_0 
    where
        u1_0.email=?
2026-02-17T09:32:47.768+05:30 DEBUG 11684 --- [http-nio-10000-exec-5] org.hibernate.SQL                        : 
    select
        j1_0.id,
        j1_0.freelancer_id,
        j1_0.budget,
        j1_0.client_id,
        j1_0.created_at,
        j1_0.deadline,
        j1_0.description,
        j1_0.estimated_duration,
        j1_0.skills_required,
        j1_0.status,
        j1_0.title,
        j1_0.type 
    from
        jobs j1_0 
    where
        j1_0.client_id=?
2026-02-17T09:32:47.772+05:30 DEBUG 11684 --- [http-nio-10000-exec-5] org.hibernate.SQL                        : 
    select
        c1_0.id,
        c1_0.amount_in_escrow,
        c1_0.amount_paid_to_freelancer,
        c1_0.cancellation_reason,
        c1_0.cancelled_at,
        c1_0.client_id,
        c1_0.client_rating,
        c1_0.client_review,
        c1_0.completed_at,
        c1_0.created_at,
        c1_0.deadline,
        c1_0.description,
        c1_0.due_date,
        c1_0.end_date,
        c1_0.escrow_funded,
        c1_0.escrow_funded_at,
        c1_0.freelancer_id,
        c1_0.freelancer_earnings,
        c1_0.freelancer_rating,
        c1_0.freelancer_review,
        c1_0.job_id,
        c1_0.platform_fee,
        c1_0.proposal_id,
        p1_0.id,
        p1_0.client_message,
        p1_0.cover_letter,
        p1_0.estimated_days,
        p1_0.freelancer_id,
        p1_0.job_id,
        p1_0.proposed_price,
        p1_0.responded_at,
        p1_0.status,
        p1_0.submitted_at,
        c1_0.protection_period,
        c1_0.start_date,
        c1_0.status,
        c1_0.title,
        c1_0.total_amount 
    from
        contracts c1_0 
    join
        proposals p1_0 
            on p1_0.id=c1_0.proposal_id 
    where
        c1_0.job_id=?
2026-02-17T09:32:47.779+05:30 DEBUG 11684 --- [http-nio-10000-exec-5] org.hibernate.SQL                        : 
    select
        c1_0.id,
        c1_0.amount_in_escrow,
        c1_0.amount_paid_to_freelancer,
        c1_0.cancellation_reason,
        c1_0.cancelled_at,
        c1_0.client_id,
        c1_0.client_rating,
        c1_0.client_review,
        c1_0.completed_at,
        c1_0.created_at,
        c1_0.deadline,
        c1_0.description,
        c1_0.due_date,
        c1_0.end_date,
        c1_0.escrow_funded,
        c1_0.escrow_funded_at,
        c1_0.freelancer_id,
        c1_0.freelancer_earnings,
        c1_0.freelancer_rating,
        c1_0.freelancer_review,
        c1_0.job_id,
        c1_0.platform_fee,
        c1_0.proposal_id,
        p1_0.id,
        p1_0.client_message,
        p1_0.cover_letter,
        p1_0.estimated_days,
        p1_0.freelancer_id,
        p1_0.job_id,
        p1_0.proposed_price,
        p1_0.responded_at,
        p1_0.status,
        p1_0.submitted_at,
        c1_0.protection_period,
        c1_0.start_date,
        c1_0.status,
        c1_0.title,
        c1_0.total_amount 
    from
        contracts c1_0 
    join
        proposals p1_0 
            on p1_0.id=c1_0.proposal_id 
    where
        c1_0.job_id=?
2026-02-17T09:32:47.782+05:30 DEBUG 11684 --- [http-nio-10000-exec-5] org.hibernate.SQL                        : 
    select
        c1_0.id,
        c1_0.amount_in_escrow,
        c1_0.amount_paid_to_freelancer,
        c1_0.cancellation_reason,
        c1_0.cancelled_at,
        c1_0.client_id,
        c1_0.client_rating,
        c1_0.client_review,
        c1_0.completed_at,
        c1_0.created_at,
        c1_0.deadline,
        c1_0.description,
        c1_0.due_date,
        c1_0.end_date,
        c1_0.escrow_funded,
        c1_0.escrow_funded_at,
        c1_0.freelancer_id,
        c1_0.freelancer_earnings,
        c1_0.freelancer_rating,
        c1_0.freelancer_review,
        c1_0.job_id,
        c1_0.platform_fee,
        c1_0.proposal_id,
        p1_0.id,
        p1_0.client_message,
        p1_0.cover_letter,
        p1_0.estimated_days,
        p1_0.freelancer_id,
        p1_0.job_id,
        p1_0.proposed_price,
        p1_0.responded_at,
        p1_0.status,
        p1_0.submitted_at,
        c1_0.protection_period,
        c1_0.start_date,
        c1_0.status,
        c1_0.title,
        c1_0.total_amount 
    from
        contracts c1_0 
    join
        proposals p1_0 
            on p1_0.id=c1_0.proposal_id 
    where
        c1_0.job_id=?
2026-02-17T09:32:47.789+05:30 DEBUG 11684 --- [http-nio-10000-exec-5] o.s.w.s.m.m.a.HttpEntityMethodProcessor  : Using 'application/json', given [application/json, text/plain, */*] and supported [application/json, application/*+json, application/yaml]
2026-02-17T09:32:47.789+05:30 DEBUG 11684 --- [http-nio-10000-exec-5] o.s.w.s.m.m.a.HttpEntityMethodProcessor  : Writing [[com.marketplace.job.JobResponseDTO@77b37023, com.marketplace.job.JobResponseDTO@2d6313c2, com.marke (truncated)...]
2026-02-17T09:32:47.792+05:30 DEBUG 11684 --- [http-nio-10000-exec-5] o.s.web.servlet.DispatcherServlet        : Completed 200 OK
2026-02-17T09:32:50.120+05:30 DEBUG 11684 --- [http-nio-10000-exec-4] o.s.security.web.FilterChainProxy        : Securing GET /api/jobs/my-jobs
2026-02-17T09:32:50.134+05:30 DEBUG 11684 --- [http-nio-10000-exec-4] org.hibernate.SQL                        : 
    select
        u1_0.id,
        u1_0.bio,
        u1_0.completed_jobs,
        u1_0.country,
        u1_0.created_at,
        u1_0.email,
        u1_0.email_verification_token,
        u1_0.email_verification_token_expiry,
        u1_0.email_verified,
        u1_0.hourly_rate,
        u1_0.name,
        u1_0.password,
        u1_0.phone,
        u1_0.profile_picture,
        u1_0.rating,
        u1_0.role,
        u1_0.skills 
    from
        users u1_0 
    where
        u1_0.email=?
2026-02-17T09:32:50.145+05:30 DEBUG 11684 --- [http-nio-10000-exec-4] o.s.security.web.FilterChainProxy        : Secured GET /api/jobs/my-jobs
2026-02-17T09:32:50.146+05:30 DEBUG 11684 --- [http-nio-10000-exec-4] o.s.web.servlet.DispatcherServlet        : GET "/api/jobs/my-jobs", parameters={}
2026-02-17T09:32:50.146+05:30 DEBUG 11684 --- [http-nio-10000-exec-4] s.w.s.m.m.a.RequestMappingHandlerMapping : Mapped to com.marketplace.job.JobController#getMyJobs()
2026-02-17T09:32:50.150+05:30 DEBUG 11684 --- [http-nio-10000-exec-4] org.hibernate.SQL                        : 
    select
        u1_0.id,
        u1_0.bio,
        u1_0.completed_jobs,
        u1_0.country,
        u1_0.created_at,
        u1_0.email,
        u1_0.email_verification_token,
        u1_0.email_verification_token_expiry,
        u1_0.email_verified,
        u1_0.hourly_rate,
        u1_0.name,
        u1_0.password,
        u1_0.phone,
        u1_0.profile_picture,
        u1_0.rating,
        u1_0.role,
        u1_0.skills 
    from
        users u1_0 
    where
        u1_0.email=?
2026-02-17T09:32:50.156+05:30 DEBUG 11684 --- [http-nio-10000-exec-4] org.hibernate.SQL                        : 
    select
        j1_0.id,
        j1_0.freelancer_id,
        j1_0.budget,
        j1_0.client_id,
        j1_0.created_at,
        j1_0.deadline,
        j1_0.description,
        j1_0.estimated_duration,
        j1_0.skills_required,
        j1_0.status,
        j1_0.title,
        j1_0.type 
    from
        jobs j1_0 
    where
        j1_0.client_id=?
2026-02-17T09:32:50.160+05:30 DEBUG 11684 --- [http-nio-10000-exec-4] org.hibernate.SQL                        : 
    select
        c1_0.id,
        c1_0.amount_in_escrow,
        c1_0.amount_paid_to_freelancer,
        c1_0.cancellation_reason,
        c1_0.cancelled_at,
        c1_0.client_id,
        c1_0.client_rating,
        c1_0.client_review,
        c1_0.completed_at,
        c1_0.created_at,
        c1_0.deadline,
        c1_0.description,
        c1_0.due_date,
        c1_0.end_date,
        c1_0.escrow_funded,
        c1_0.escrow_funded_at,
        c1_0.freelancer_id,
        c1_0.freelancer_earnings,
        c1_0.freelancer_rating,
        c1_0.freelancer_review,
        c1_0.job_id,
        c1_0.platform_fee,
        c1_0.proposal_id,
        p1_0.id,
        p1_0.client_message,
        p1_0.cover_letter,
        p1_0.estimated_days,
        p1_0.freelancer_id,
        p1_0.job_id,
        p1_0.proposed_price,
        p1_0.responded_at,
        p1_0.status,
        p1_0.submitted_at,
        c1_0.protection_period,
        c1_0.start_date,
        c1_0.status,
        c1_0.title,
        c1_0.total_amount 
    from
        contracts c1_0 
    join
        proposals p1_0 
            on p1_0.id=c1_0.proposal_id 
    where
        c1_0.job_id=?
2026-02-17T09:32:50.165+05:30 DEBUG 11684 --- [http-nio-10000-exec-4] org.hibernate.SQL                        : 
    select
        c1_0.id,
        c1_0.amount_in_escrow,
        c1_0.amount_paid_to_freelancer,
        c1_0.cancellation_reason,
        c1_0.cancelled_at,
        c1_0.client_id,
        c1_0.client_rating,
        c1_0.client_review,
        c1_0.completed_at,
        c1_0.created_at,
        c1_0.deadline,
        c1_0.description,
        c1_0.due_date,
        c1_0.end_date,
        c1_0.escrow_funded,
        c1_0.escrow_funded_at,
        c1_0.freelancer_id,
        c1_0.freelancer_earnings,
        c1_0.freelancer_rating,
        c1_0.freelancer_review,
        c1_0.job_id,
        c1_0.platform_fee,
        c1_0.proposal_id,
        p1_0.id,
        p1_0.client_message,
        p1_0.cover_letter,
        p1_0.estimated_days,
        p1_0.freelancer_id,
        p1_0.job_id,
        p1_0.proposed_price,
        p1_0.responded_at,
        p1_0.status,
        p1_0.submitted_at,
        c1_0.protection_period,
        c1_0.start_date,
        c1_0.status,
        c1_0.title,
        c1_0.total_amount 
    from
        contracts c1_0 
    join
        proposals p1_0 
            on p1_0.id=c1_0.proposal_id 
    where
        c1_0.job_id=?
2026-02-17T09:32:50.168+05:30 DEBUG 11684 --- [http-nio-10000-exec-4] org.hibernate.SQL                        : 
    select
        c1_0.id,
        c1_0.amount_in_escrow,
        c1_0.amount_paid_to_freelancer,
        c1_0.cancellation_reason,
        c1_0.cancelled_at,
        c1_0.client_id,
        c1_0.client_rating,
        c1_0.client_review,
        c1_0.completed_at,
        c1_0.created_at,
        c1_0.deadline,
        c1_0.description,
        c1_0.due_date,
        c1_0.end_date,
        c1_0.escrow_funded,
        c1_0.escrow_funded_at,
        c1_0.freelancer_id,
        c1_0.freelancer_earnings,
        c1_0.freelancer_rating,
        c1_0.freelancer_review,
        c1_0.job_id,
        c1_0.platform_fee,
        c1_0.proposal_id,
        p1_0.id,
        p1_0.client_message,
        p1_0.cover_letter,
        p1_0.estimated_days,
        p1_0.freelancer_id,
        p1_0.job_id,
        p1_0.proposed_price,
        p1_0.responded_at,
        p1_0.status,
        p1_0.submitted_at,
        c1_0.protection_period,
        c1_0.start_date,
        c1_0.status,
        c1_0.title,
        c1_0.total_amount 
    from
        contracts c1_0 
    join
        proposals p1_0 
            on p1_0.id=c1_0.proposal_id 
    where
        c1_0.job_id=?
2026-02-17T09:32:50.176+05:30 DEBUG 11684 --- [http-nio-10000-exec-4] o.s.w.s.m.m.a.HttpEntityMethodProcessor  : Using 'application/json', given [application/json, text/plain, */*] and supported [application/json, application/*+json, application/yaml]
2026-02-17T09:32:50.176+05:30 DEBUG 11684 --- [http-nio-10000-exec-4] o.s.w.s.m.m.a.HttpEntityMethodProcessor  : Writing [[com.marketplace.job.JobResponseDTO@4a710202, com.marketplace.job.JobResponseDTO@33b4d1c6, com.marke (truncated)...]
2026-02-17T09:32:50.179+05:30 DEBUG 11684 --- [http-nio-10000-exec-4] o.s.web.servlet.DispatcherServlet        : Completed 200 OK
2026-02-17T09:32:58.981+05:30 DEBUG 11684 --- [http-nio-10000-exec-7] o.s.security.web.FilterChainProxy        : Securing OPTIONS /api/proposals/job/8
2026-02-17T09:32:58.981+05:30 DEBUG 11684 --- [http-nio-10000-exec-6] o.s.security.web.FilterChainProxy        : Securing OPTIONS /api/jobs/8
2026-02-17T09:32:58.998+05:30 DEBUG 11684 --- [http-nio-10000-exec-8] o.s.security.web.FilterChainProxy        : Securing GET /api/jobs/8
2026-02-17T09:32:59.002+05:30 DEBUG 11684 --- [http-nio-10000-exec-9] o.s.security.web.FilterChainProxy        : Securing GET /api/proposals/job/8
2026-02-17T09:32:59.002+05:30 DEBUG 11684 --- [http-nio-10000-exec-8] o.s.s.w.a.AnonymousAuthenticationFilter  : Set SecurityContextHolder to anonymous SecurityContext
2026-02-17T09:32:59.005+05:30 DEBUG 11684 --- [http-nio-10000-exec-8] o.s.security.web.FilterChainProxy        : Secured GET /api/jobs/8
2026-02-17T09:32:59.006+05:30 DEBUG 11684 --- [http-nio-10000-exec-8] o.s.web.servlet.DispatcherServlet        : GET "/api/jobs/8", parameters={}
2026-02-17T09:32:59.010+05:30 DEBUG 11684 --- [http-nio-10000-exec-8] s.w.s.m.m.a.RequestMappingHandlerMapping : Mapped to com.marketplace.job.JobController#getJobById(Long)
2026-02-17T09:32:59.015+05:30 DEBUG 11684 --- [http-nio-10000-exec-9] org.hibernate.SQL                        : 
    select
        u1_0.id,
        u1_0.bio,
        u1_0.completed_jobs,
        u1_0.country,
        u1_0.created_at,
        u1_0.email,
        u1_0.email_verification_token,
        u1_0.email_verification_token_expiry,
        u1_0.email_verified,
        u1_0.hourly_rate,
        u1_0.name,
        u1_0.password,
        u1_0.phone,
        u1_0.profile_picture,
        u1_0.rating,
        u1_0.role,
        u1_0.skills 
    from
        users u1_0 
    where
        u1_0.email=?
2026-02-17T09:32:59.025+05:30 DEBUG 11684 --- [http-nio-10000-exec-9] o.s.security.web.FilterChainProxy        : Secured GET /api/proposals/job/8
2026-02-17T09:32:59.025+05:30 DEBUG 11684 --- [http-nio-10000-exec-9] o.s.web.servlet.DispatcherServlet        : GET "/api/proposals/job/8", parameters={}
2026-02-17T09:32:59.026+05:30 DEBUG 11684 --- [http-nio-10000-exec-9] s.w.s.m.m.a.RequestMappingHandlerMapping : Mapped to com.marketplace.proposal.ProposalController#getProposalsForJob(Long)
2026-02-17T09:32:59.026+05:30 DEBUG 11684 --- [http-nio-10000-exec-8] org.hibernate.SQL                        : 
    select
        j1_0.id,
        j1_0.freelancer_id,
        j1_0.budget,
        j1_0.client_id,
        j1_0.created_at,
        j1_0.deadline,
        j1_0.description,
        j1_0.estimated_duration,
        j1_0.skills_required,
        j1_0.status,
        j1_0.title,
        j1_0.type 
    from
        jobs j1_0 
    where
        j1_0.id=?
2026-02-17T09:32:59.029+05:30 DEBUG 11684 --- [http-nio-10000-exec-9] org.hibernate.SQL                        : 
    select
        u1_0.id,
        u1_0.bio,
        u1_0.completed_jobs,
        u1_0.country,
        u1_0.created_at,
        u1_0.email,
        u1_0.email_verification_token,
        u1_0.email_verification_token_expiry,
        u1_0.email_verified,
        u1_0.hourly_rate,
        u1_0.name,
        u1_0.password,
        u1_0.phone,
        u1_0.profile_picture,
        u1_0.rating,
        u1_0.role,
        u1_0.skills 
    from
        users u1_0 
    where
        u1_0.email=?
2026-02-17T09:32:59.036+05:30 DEBUG 11684 --- [http-nio-10000-exec-8] org.hibernate.SQL                        : 
    select
        c1_0.id,
        c1_0.amount_in_escrow,
        c1_0.amount_paid_to_freelancer,
        c1_0.cancellation_reason,
        c1_0.cancelled_at,
        c1_0.client_id,
        c1_0.client_rating,
        c1_0.client_review,
        c1_0.completed_at,
        c1_0.created_at,
        c1_0.deadline,
        c1_0.description,
        c1_0.due_date,
        c1_0.end_date,
        c1_0.escrow_funded,
        c1_0.escrow_funded_at,
        c1_0.freelancer_id,
        c1_0.freelancer_earnings,
        c1_0.freelancer_rating,
        c1_0.freelancer_review,
        c1_0.job_id,
        c1_0.platform_fee,
        c1_0.proposal_id,
        p1_0.id,
        p1_0.client_message,
        p1_0.cover_letter,
        p1_0.estimated_days,
        p1_0.freelancer_id,
        p1_0.job_id,
        p1_0.proposed_price,
        p1_0.responded_at,
        p1_0.status,
        p1_0.submitted_at,
        c1_0.protection_period,
        c1_0.start_date,
        c1_0.status,
        c1_0.title,
        c1_0.total_amount 
    from
        contracts c1_0 
    join
        proposals p1_0 
            on p1_0.id=c1_0.proposal_id 
    where
        c1_0.job_id=?
2026-02-17T09:32:59.036+05:30 DEBUG 11684 --- [http-nio-10000-exec-9] org.hibernate.SQL                        : 
    select
        u1_0.id,
        u1_0.bio,
        u1_0.completed_jobs,
        u1_0.country,
        u1_0.created_at,
        u1_0.email,
        u1_0.email_verification_token,
        u1_0.email_verification_token_expiry,
        u1_0.email_verified,
        u1_0.hourly_rate,
        u1_0.name,
        u1_0.password,
        u1_0.phone,
        u1_0.profile_picture,
        u1_0.rating,
        u1_0.role,
        u1_0.skills 
    from
        users u1_0 
    where
        u1_0.email=?
2026-02-17T09:32:59.041+05:30 DEBUG 11684 --- [http-nio-10000-exec-9] org.hibernate.SQL                        : 
    select
        j1_0.id,
        j1_0.freelancer_id,
        j1_0.budget,
        j1_0.client_id,
        j1_0.created_at,
        j1_0.deadline,
        j1_0.description,
        j1_0.estimated_duration,
        j1_0.skills_required,
        j1_0.status,
        j1_0.title,
        j1_0.type 
    from
        jobs j1_0 
    where
        j1_0.id=?
2026-02-17T09:32:59.044+05:30 DEBUG 11684 --- [http-nio-10000-exec-9] org.hibernate.SQL                        : 
    select
        c1_0.id,
        c1_0.amount_in_escrow,
        c1_0.amount_paid_to_freelancer,
        c1_0.cancellation_reason,
        c1_0.cancelled_at,
        c1_0.client_id,
        c1_0.client_rating,
        c1_0.client_review,
        c1_0.completed_at,
        c1_0.created_at,
        c1_0.deadline,
        c1_0.description,
        c1_0.due_date,
        c1_0.end_date,
        c1_0.escrow_funded,
        c1_0.escrow_funded_at,
        c1_0.freelancer_id,
        c1_0.freelancer_earnings,
        c1_0.freelancer_rating,
        c1_0.freelancer_review,
        c1_0.job_id,
        c1_0.platform_fee,
        c1_0.proposal_id,
        p1_0.id,
        p1_0.client_message,
        p1_0.cover_letter,
        p1_0.estimated_days,
        p1_0.freelancer_id,
        p1_0.job_id,
        p1_0.proposed_price,
        p1_0.responded_at,
        p1_0.status,
        p1_0.submitted_at,
        c1_0.protection_period,
        c1_0.start_date,
        c1_0.status,
        c1_0.title,
        c1_0.total_amount 
    from
        contracts c1_0 
    join
        proposals p1_0 
            on p1_0.id=c1_0.proposal_id 
    where
        c1_0.job_id=?
2026-02-17T09:32:59.047+05:30 DEBUG 11684 --- [http-nio-10000-exec-8] org.hibernate.SQL                        : 
    select
        u1_0.id,
        u1_0.bio,
        u1_0.completed_jobs,
        u1_0.country,
        u1_0.created_at,
        u1_0.email,
        u1_0.email_verification_token,
        u1_0.email_verification_token_expiry,
        u1_0.email_verified,
        u1_0.hourly_rate,
        u1_0.name,
        u1_0.password,
        u1_0.phone,
        u1_0.profile_picture,
        u1_0.rating,
        u1_0.role,
        u1_0.skills 
    from
        users u1_0 
    where
        u1_0.id=?
2026-02-17T09:32:59.054+05:30 DEBUG 11684 --- [http-nio-10000-exec-9] org.hibernate.SQL                        : 
    select
        p1_0.id,
        p1_0.client_message,
        p1_0.cover_letter,
        p1_0.estimated_days,
        p1_0.freelancer_id,
        p1_0.job_id,
        p1_0.proposed_price,
        p1_0.responded_at,
        p1_0.status,
        p1_0.submitted_at 
    from
        proposals p1_0 
    where
        p1_0.job_id=?
2026-02-17T09:32:59.060+05:30 DEBUG 11684 --- [http-nio-10000-exec-9] org.hibernate.SQL                        : 
    select
        u1_0.id,
        u1_0.bio,
        u1_0.completed_jobs,
        u1_0.country,
        u1_0.created_at,
        u1_0.email,
        u1_0.email_verification_token,
        u1_0.email_verification_token_expiry,
        u1_0.email_verified,
        u1_0.hourly_rate,
        u1_0.name,
        u1_0.password,
        u1_0.phone,
        u1_0.profile_picture,
        u1_0.rating,
        u1_0.role,
        u1_0.skills 
    from
        users u1_0 
    where
        u1_0.id=?
2026-02-17T09:32:59.060+05:30 DEBUG 11684 --- [http-nio-10000-exec-8] o.s.w.s.m.m.a.HttpEntityMethodProcessor  : Using 'application/json', given [application/json, text/plain, */*] and supported [application/json, application/*+json, application/yaml]
2026-02-17T09:32:59.061+05:30 DEBUG 11684 --- [http-nio-10000-exec-8] o.s.w.s.m.m.a.HttpEntityMethodProcessor  : Writing [com.marketplace.job.JobResponseDTO@2a684821]
2026-02-17T09:32:59.064+05:30 DEBUG 11684 --- [http-nio-10000-exec-8] o.s.web.servlet.DispatcherServlet        : Completed 200 OK
2026-02-17T09:32:59.068+05:30 DEBUG 11684 --- [http-nio-10000-exec-9] o.s.w.s.m.m.a.HttpEntityMethodProcessor  : Using 'application/json', given [application/json, text/plain, */*] and supported [application/json, application/*+json, application/yaml]
2026-02-17T09:32:59.069+05:30 DEBUG 11684 --- [http-nio-10000-exec-9] o.s.w.s.m.m.a.HttpEntityMethodProcessor  : Writing [[com.marketplace.proposal.ProposalResponseDTO@6f8bf39e]]
2026-02-17T09:32:59.073+05:30 DEBUG 11684 --- [http-nio-10000-exec-9] o.s.web.servlet.DispatcherServlet        : Completed 200 OK
2026-02-17T09:33:04.461+05:30 DEBUG 11684 --- [http-nio-10000-exec-10] o.s.security.web.FilterChainProxy        : Securing GET /api/jobs/my-jobs
2026-02-17T09:33:04.473+05:30 DEBUG 11684 --- [http-nio-10000-exec-10] org.hibernate.SQL                        : 
    select
        u1_0.id,
        u1_0.bio,
        u1_0.completed_jobs,
        u1_0.country,
        u1_0.created_at,
        u1_0.email,
        u1_0.email_verification_token,
        u1_0.email_verification_token_expiry,
        u1_0.email_verified,
        u1_0.hourly_rate,
        u1_0.name,
        u1_0.password,
        u1_0.phone,
        u1_0.profile_picture,
        u1_0.rating,
        u1_0.role,
        u1_0.skills 
    from
        users u1_0 
    where
        u1_0.email=?
2026-02-17T09:33:04.486+05:30 DEBUG 11684 --- [http-nio-10000-exec-10] o.s.security.web.FilterChainProxy        : Secured GET /api/jobs/my-jobs
2026-02-17T09:33:04.487+05:30 DEBUG 11684 --- [http-nio-10000-exec-10] o.s.web.servlet.DispatcherServlet        : GET "/api/jobs/my-jobs", parameters={}
2026-02-17T09:33:04.488+05:30 DEBUG 11684 --- [http-nio-10000-exec-10] s.w.s.m.m.a.RequestMappingHandlerMapping : Mapped to com.marketplace.job.JobController#getMyJobs()
2026-02-17T09:33:04.490+05:30 DEBUG 11684 --- [http-nio-10000-exec-10] org.hibernate.SQL                        : 
    select
        u1_0.id,
        u1_0.bio,
        u1_0.completed_jobs,
        u1_0.country,
        u1_0.created_at,
        u1_0.email,
        u1_0.email_verification_token,
        u1_0.email_verification_token_expiry,
        u1_0.email_verified,
        u1_0.hourly_rate,
        u1_0.name,
        u1_0.password,
        u1_0.phone,
        u1_0.profile_picture,
        u1_0.rating,
        u1_0.role,
        u1_0.skills 
    from
        users u1_0 
    where
        u1_0.email=?
2026-02-17T09:33:04.501+05:30 DEBUG 11684 --- [http-nio-10000-exec-10] org.hibernate.SQL                        : 
    select
        j1_0.id,
        j1_0.freelancer_id,
        j1_0.budget,
        j1_0.client_id,
        j1_0.created_at,
        j1_0.deadline,
        j1_0.description,
        j1_0.estimated_duration,
        j1_0.skills_required,
        j1_0.status,
        j1_0.title,
        j1_0.type 
    from
        jobs j1_0 
    where
        j1_0.client_id=?
2026-02-17T09:33:04.504+05:30 DEBUG 11684 --- [http-nio-10000-exec-10] org.hibernate.SQL                        : 
    select
        c1_0.id,
        c1_0.amount_in_escrow,
        c1_0.amount_paid_to_freelancer,
        c1_0.cancellation_reason,
        c1_0.cancelled_at,
        c1_0.client_id,
        c1_0.client_rating,
        c1_0.client_review,
        c1_0.completed_at,
        c1_0.created_at,
        c1_0.deadline,
        c1_0.description,
        c1_0.due_date,
        c1_0.end_date,
        c1_0.escrow_funded,
        c1_0.escrow_funded_at,
        c1_0.freelancer_id,
        c1_0.freelancer_earnings,
        c1_0.freelancer_rating,
        c1_0.freelancer_review,
        c1_0.job_id,
        c1_0.platform_fee,
        c1_0.proposal_id,
        p1_0.id,
        p1_0.client_message,
        p1_0.cover_letter,
        p1_0.estimated_days,
        p1_0.freelancer_id,
        p1_0.job_id,
        p1_0.proposed_price,
        p1_0.responded_at,
        p1_0.status,
        p1_0.submitted_at,
        c1_0.protection_period,
        c1_0.start_date,
        c1_0.status,
        c1_0.title,
        c1_0.total_amount 
    from
        contracts c1_0 
    join
        proposals p1_0 
            on p1_0.id=c1_0.proposal_id 
    where
        c1_0.job_id=?
2026-02-17T09:33:04.510+05:30 DEBUG 11684 --- [http-nio-10000-exec-10] org.hibernate.SQL                        : 
    select
        c1_0.id,
        c1_0.amount_in_escrow,
        c1_0.amount_paid_to_freelancer,
        c1_0.cancellation_reason,
        c1_0.cancelled_at,
        c1_0.client_id,
        c1_0.client_rating,
        c1_0.client_review,
        c1_0.completed_at,
        c1_0.created_at,
        c1_0.deadline,
        c1_0.description,
        c1_0.due_date,
        c1_0.end_date,
        c1_0.escrow_funded,
        c1_0.escrow_funded_at,
        c1_0.freelancer_id,
        c1_0.freelancer_earnings,
        c1_0.freelancer_rating,
        c1_0.freelancer_review,
        c1_0.job_id,
        c1_0.platform_fee,
        c1_0.proposal_id,
        p1_0.id,
        p1_0.client_message,
        p1_0.cover_letter,
        p1_0.estimated_days,
        p1_0.freelancer_id,
        p1_0.job_id,
        p1_0.proposed_price,
        p1_0.responded_at,
        p1_0.status,
        p1_0.submitted_at,
        c1_0.protection_period,
        c1_0.start_date,
        c1_0.status,
        c1_0.title,
        c1_0.total_amount 
    from
        contracts c1_0 
    join
        proposals p1_0 
            on p1_0.id=c1_0.proposal_id 
    where
        c1_0.job_id=?
2026-02-17T09:33:04.514+05:30 DEBUG 11684 --- [http-nio-10000-exec-10] org.hibernate.SQL                        : 
    select
        c1_0.id,
        c1_0.amount_in_escrow,
        c1_0.amount_paid_to_freelancer,
        c1_0.cancellation_reason,
        c1_0.cancelled_at,
        c1_0.client_id,
        c1_0.client_rating,
        c1_0.client_review,
        c1_0.completed_at,
        c1_0.created_at,
        c1_0.deadline,
        c1_0.description,
        c1_0.due_date,
        c1_0.end_date,
        c1_0.escrow_funded,
        c1_0.escrow_funded_at,
        c1_0.freelancer_id,
        c1_0.freelancer_earnings,
        c1_0.freelancer_rating,
        c1_0.freelancer_review,
        c1_0.job_id,
        c1_0.platform_fee,
        c1_0.proposal_id,
        p1_0.id,
        p1_0.client_message,
        p1_0.cover_letter,
        p1_0.estimated_days,
        p1_0.freelancer_id,
        p1_0.job_id,
        p1_0.proposed_price,
        p1_0.responded_at,
        p1_0.status,
        p1_0.submitted_at,
        c1_0.protection_period,
        c1_0.start_date,
        c1_0.status,
        c1_0.title,
        c1_0.total_amount 
    from
        contracts c1_0 
    join
        proposals p1_0 
            on p1_0.id=c1_0.proposal_id 
    where
        c1_0.job_id=?
2026-02-17T09:33:04.524+05:30 DEBUG 11684 --- [http-nio-10000-exec-10] o.s.w.s.m.m.a.HttpEntityMethodProcessor  : Using 'application/json', given [application/json, text/plain, */*] and supported [application/json, application/*+json, application/yaml]
2026-02-17T09:33:04.525+05:30 DEBUG 11684 --- [http-nio-10000-exec-10] o.s.w.s.m.m.a.HttpEntityMethodProcessor  : Writing [[com.marketplace.job.JobResponseDTO@4e655d39, com.marketplace.job.JobResponseDTO@5cd96f43, com.marke (truncated)...]
2026-02-17T09:33:04.529+05:30 DEBUG 11684 --- [http-nio-10000-exec-10] o.s.web.servlet.DispatcherServlet        : Completed 200 OK
2026-02-17T09:33:07.342+05:30 DEBUG 11684 --- [http-nio-10000-exec-1] o.s.security.web.FilterChainProxy        : Securing GET /api/jobs/my-jobs
2026-02-17T09:33:07.350+05:30 DEBUG 11684 --- [http-nio-10000-exec-1] org.hibernate.SQL                        : 
    select
        u1_0.id,
        u1_0.bio,
        u1_0.completed_jobs,
        u1_0.country,
        u1_0.created_at,
        u1_0.email,
        u1_0.email_verification_token,
        u1_0.email_verification_token_expiry,
        u1_0.email_verified,
        u1_0.hourly_rate,
        u1_0.name,
        u1_0.password,
        u1_0.phone,
        u1_0.profile_picture,
        u1_0.rating,
        u1_0.role,
        u1_0.skills 
    from
        users u1_0 
    where
        u1_0.email=?
2026-02-17T09:33:07.359+05:30 DEBUG 11684 --- [http-nio-10000-exec-1] o.s.security.web.FilterChainProxy        : Secured GET /api/jobs/my-jobs
2026-02-17T09:33:07.359+05:30 DEBUG 11684 --- [http-nio-10000-exec-1] o.s.web.servlet.DispatcherServlet        : GET "/api/jobs/my-jobs", parameters={}
2026-02-17T09:33:07.360+05:30 DEBUG 11684 --- [http-nio-10000-exec-1] s.w.s.m.m.a.RequestMappingHandlerMapping : Mapped to com.marketplace.job.JobController#getMyJobs()
2026-02-17T09:33:07.364+05:30 DEBUG 11684 --- [http-nio-10000-exec-1] org.hibernate.SQL                        : 
    select
        u1_0.id,
        u1_0.bio,
        u1_0.completed_jobs,
        u1_0.country,
        u1_0.created_at,
        u1_0.email,
        u1_0.email_verification_token,
        u1_0.email_verification_token_expiry,
        u1_0.email_verified,
        u1_0.hourly_rate,
        u1_0.name,
        u1_0.password,
        u1_0.phone,
        u1_0.profile_picture,
        u1_0.rating,
        u1_0.role,
        u1_0.skills 
    from
        users u1_0 
    where
        u1_0.email=?
2026-02-17T09:33:07.371+05:30 DEBUG 11684 --- [http-nio-10000-exec-1] org.hibernate.SQL                        : 
    select
        j1_0.id,
        j1_0.freelancer_id,
        j1_0.budget,
        j1_0.client_id,
        j1_0.created_at,
        j1_0.deadline,
        j1_0.description,
        j1_0.estimated_duration,
        j1_0.skills_required,
        j1_0.status,
        j1_0.title,
        j1_0.type 
    from
        jobs j1_0 
    where
        j1_0.client_id=?
2026-02-17T09:33:07.375+05:30 DEBUG 11684 --- [http-nio-10000-exec-1] org.hibernate.SQL                        : 
    select
        c1_0.id,
        c1_0.amount_in_escrow,
        c1_0.amount_paid_to_freelancer,
        c1_0.cancellation_reason,
        c1_0.cancelled_at,
        c1_0.client_id,
        c1_0.client_rating,
        c1_0.client_review,
        c1_0.completed_at,
        c1_0.created_at,
        c1_0.deadline,
        c1_0.description,
        c1_0.due_date,
        c1_0.end_date,
        c1_0.escrow_funded,
        c1_0.escrow_funded_at,
        c1_0.freelancer_id,
        c1_0.freelancer_earnings,
        c1_0.freelancer_rating,
        c1_0.freelancer_review,
        c1_0.job_id,
        c1_0.platform_fee,
        c1_0.proposal_id,
        p1_0.id,
        p1_0.client_message,
        p1_0.cover_letter,
        p1_0.estimated_days,
        p1_0.freelancer_id,
        p1_0.job_id,
        p1_0.proposed_price,
        p1_0.responded_at,
        p1_0.status,
        p1_0.submitted_at,
        c1_0.protection_period,
        c1_0.start_date,
        c1_0.status,
        c1_0.title,
        c1_0.total_amount 
    from
        contracts c1_0 
    join
        proposals p1_0 
            on p1_0.id=c1_0.proposal_id 
    where
        c1_0.job_id=?
2026-02-17T09:33:07.379+05:30 DEBUG 11684 --- [http-nio-10000-exec-1] org.hibernate.SQL                        : 
    select
        c1_0.id,
        c1_0.amount_in_escrow,
        c1_0.amount_paid_to_freelancer,
        c1_0.cancellation_reason,
        c1_0.cancelled_at,
        c1_0.client_id,
        c1_0.client_rating,
        c1_0.client_review,
        c1_0.completed_at,
        c1_0.created_at,
        c1_0.deadline,
        c1_0.description,
        c1_0.due_date,
        c1_0.end_date,
        c1_0.escrow_funded,
        c1_0.escrow_funded_at,
        c1_0.freelancer_id,
        c1_0.freelancer_earnings,
        c1_0.freelancer_rating,
        c1_0.freelancer_review,
        c1_0.job_id,
        c1_0.platform_fee,
        c1_0.proposal_id,
        p1_0.id,
        p1_0.client_message,
        p1_0.cover_letter,
        p1_0.estimated_days,
        p1_0.freelancer_id,
        p1_0.job_id,
        p1_0.proposed_price,
        p1_0.responded_at,
        p1_0.status,
        p1_0.submitted_at,
        c1_0.protection_period,
        c1_0.start_date,
        c1_0.status,
        c1_0.title,
        c1_0.total_amount 
    from
        contracts c1_0 
    join
        proposals p1_0 
            on p1_0.id=c1_0.proposal_id 
    where
        c1_0.job_id=?
2026-02-17T09:33:07.383+05:30 DEBUG 11684 --- [http-nio-10000-exec-1] org.hibernate.SQL                        : 
    select
        c1_0.id,
        c1_0.amount_in_escrow,
        c1_0.amount_paid_to_freelancer,
        c1_0.cancellation_reason,
        c1_0.cancelled_at,
        c1_0.client_id,
        c1_0.client_rating,
        c1_0.client_review,
        c1_0.completed_at,
        c1_0.created_at,
        c1_0.deadline,
        c1_0.description,
        c1_0.due_date,
        c1_0.end_date,
        c1_0.escrow_funded,
        c1_0.escrow_funded_at,
        c1_0.freelancer_id,
        c1_0.freelancer_earnings,
        c1_0.freelancer_rating,
        c1_0.freelancer_review,
        c1_0.job_id,
        c1_0.platform_fee,
        c1_0.proposal_id,
        p1_0.id,
        p1_0.client_message,
        p1_0.cover_letter,
        p1_0.estimated_days,
        p1_0.freelancer_id,
        p1_0.job_id,
        p1_0.proposed_price,
        p1_0.responded_at,
        p1_0.status,
        p1_0.submitted_at,
        c1_0.protection_period,
        c1_0.start_date,
        c1_0.status,
        c1_0.title,
        c1_0.total_amount 
    from
        contracts c1_0 
    join
        proposals p1_0 
            on p1_0.id=c1_0.proposal_id 
    where
        c1_0.job_id=?
2026-02-17T09:33:07.389+05:30 DEBUG 11684 --- [http-nio-10000-exec-1] o.s.w.s.m.m.a.HttpEntityMethodProcessor  : Using 'application/json', given [application/json, text/plain, */*] and supported [application/json, application/*+json, application/yaml]
2026-02-17T09:33:07.390+05:30 DEBUG 11684 --- [http-nio-10000-exec-1] o.s.w.s.m.m.a.HttpEntityMethodProcessor  : Writing [[com.marketplace.job.JobResponseDTO@1e2c3c81, com.marketplace.job.JobResponseDTO@32a761e, com.market (truncated)...]
2026-02-17T09:33:07.397+05:30 DEBUG 11684 --- [http-nio-10000-exec-1] o.s.web.servlet.DispatcherServlet        : Completed 200 OK
2026-02-17T09:33:13.441+05:30 DEBUG 11684 --- [http-nio-10000-exec-3] o.s.security.web.FilterChainProxy        : Securing GET /api/proposals/job/8
2026-02-17T09:33:13.441+05:30 DEBUG 11684 --- [http-nio-10000-exec-2] o.s.security.web.FilterChainProxy        : Securing GET /api/jobs/8
2026-02-17T09:33:13.443+05:30 DEBUG 11684 --- [http-nio-10000-exec-2] o.s.s.w.a.AnonymousAuthenticationFilter  : Set SecurityContextHolder to anonymous SecurityContext
2026-02-17T09:33:13.445+05:30 DEBUG 11684 --- [http-nio-10000-exec-2] o.s.security.web.FilterChainProxy        : Secured GET /api/jobs/8
2026-02-17T09:33:13.446+05:30 DEBUG 11684 --- [http-nio-10000-exec-2] o.s.web.servlet.DispatcherServlet        : GET "/api/jobs/8", parameters={}
2026-02-17T09:33:13.447+05:30 DEBUG 11684 --- [http-nio-10000-exec-2] s.w.s.m.m.a.RequestMappingHandlerMapping : Mapped to com.marketplace.job.JobController#getJobById(Long)
2026-02-17T09:33:13.454+05:30 DEBUG 11684 --- [http-nio-10000-exec-2] org.hibernate.SQL                        : 
    select
        j1_0.id,
        j1_0.freelancer_id,
        j1_0.budget,
        j1_0.client_id,
        j1_0.created_at,
        j1_0.deadline,
        j1_0.description,
        j1_0.estimated_duration,
        j1_0.skills_required,
        j1_0.status,
        j1_0.title,
        j1_0.type 
    from
        jobs j1_0 
    where
        j1_0.id=?
2026-02-17T09:33:13.457+05:30 DEBUG 11684 --- [http-nio-10000-exec-3] org.hibernate.SQL                        : 
    select
        u1_0.id,
        u1_0.bio,
        u1_0.completed_jobs,
        u1_0.country,
        u1_0.created_at,
        u1_0.email,
        u1_0.email_verification_token,
        u1_0.email_verification_token_expiry,
        u1_0.email_verified,
        u1_0.hourly_rate,
        u1_0.name,
        u1_0.password,
        u1_0.phone,
        u1_0.profile_picture,
        u1_0.rating,
        u1_0.role,
        u1_0.skills 
    from
        users u1_0 
    where
        u1_0.email=?
2026-02-17T09:33:13.458+05:30 DEBUG 11684 --- [http-nio-10000-exec-2] org.hibernate.SQL                        : 
    select
        c1_0.id,
        c1_0.amount_in_escrow,
        c1_0.amount_paid_to_freelancer,
        c1_0.cancellation_reason,
        c1_0.cancelled_at,
        c1_0.client_id,
        c1_0.client_rating,
        c1_0.client_review,
        c1_0.completed_at,
        c1_0.created_at,
        c1_0.deadline,
        c1_0.description,
        c1_0.due_date,
        c1_0.end_date,
        c1_0.escrow_funded,
        c1_0.escrow_funded_at,
        c1_0.freelancer_id,
        c1_0.freelancer_earnings,
        c1_0.freelancer_rating,
        c1_0.freelancer_review,
        c1_0.job_id,
        c1_0.platform_fee,
        c1_0.proposal_id,
        p1_0.id,
        p1_0.client_message,
        p1_0.cover_letter,
        p1_0.estimated_days,
        p1_0.freelancer_id,
        p1_0.job_id,
        p1_0.proposed_price,
        p1_0.responded_at,
        p1_0.status,
        p1_0.submitted_at,
        c1_0.protection_period,
        c1_0.start_date,
        c1_0.status,
        c1_0.title,
        c1_0.total_amount 
    from
        contracts c1_0 
    join
        proposals p1_0 
            on p1_0.id=c1_0.proposal_id 
    where
        c1_0.job_id=?
2026-02-17T09:33:13.462+05:30 DEBUG 11684 --- [http-nio-10000-exec-2] org.hibernate.SQL                        : 
    select
        u1_0.id,
        u1_0.bio,
        u1_0.completed_jobs,
        u1_0.country,
        u1_0.created_at,
        u1_0.email,
        u1_0.email_verification_token,
        u1_0.email_verification_token_expiry,
        u1_0.email_verified,
        u1_0.hourly_rate,
        u1_0.name,
        u1_0.password,
        u1_0.phone,
        u1_0.profile_picture,
        u1_0.rating,
        u1_0.role,
        u1_0.skills 
    from
        users u1_0 
    where
        u1_0.id=?
2026-02-17T09:33:13.470+05:30 DEBUG 11684 --- [http-nio-10000-exec-2] o.s.w.s.m.m.a.HttpEntityMethodProcessor  : Using 'application/json', given [application/json, text/plain, */*] and supported [application/json, application/*+json, application/yaml]
2026-02-17T09:33:13.470+05:30 DEBUG 11684 --- [http-nio-10000-exec-3] o.s.security.web.FilterChainProxy        : Secured GET /api/proposals/job/8
2026-02-17T09:33:13.470+05:30 DEBUG 11684 --- [http-nio-10000-exec-2] o.s.w.s.m.m.a.HttpEntityMethodProcessor  : Writing [com.marketplace.job.JobResponseDTO@3fc86d3b]
2026-02-17T09:33:13.471+05:30 DEBUG 11684 --- [http-nio-10000-exec-3] o.s.web.servlet.DispatcherServlet        : GET "/api/proposals/job/8", parameters={}
2026-02-17T09:33:13.472+05:30 DEBUG 11684 --- [http-nio-10000-exec-3] s.w.s.m.m.a.RequestMappingHandlerMapping : Mapped to com.marketplace.proposal.ProposalController#getProposalsForJob(Long)
2026-02-17T09:33:13.473+05:30 DEBUG 11684 --- [http-nio-10000-exec-2] o.s.web.servlet.DispatcherServlet        : Completed 200 OK
2026-02-17T09:33:13.475+05:30 DEBUG 11684 --- [http-nio-10000-exec-3] org.hibernate.SQL                        : 
    select
        u1_0.id,
        u1_0.bio,
        u1_0.completed_jobs,
        u1_0.country,
        u1_0.created_at,
        u1_0.email,
        u1_0.email_verification_token,
        u1_0.email_verification_token_expiry,
        u1_0.email_verified,
        u1_0.hourly_rate,
        u1_0.name,
        u1_0.password,
        u1_0.phone,
        u1_0.profile_picture,
        u1_0.rating,
        u1_0.role,
        u1_0.skills 
    from
        users u1_0 
    where
        u1_0.email=?
2026-02-17T09:33:13.481+05:30 DEBUG 11684 --- [http-nio-10000-exec-3] org.hibernate.SQL                        : 
    select
        u1_0.id,
        u1_0.bio,
        u1_0.completed_jobs,
        u1_0.country,
        u1_0.created_at,
        u1_0.email,
        u1_0.email_verification_token,
        u1_0.email_verification_token_expiry,
        u1_0.email_verified,
        u1_0.hourly_rate,
        u1_0.name,
        u1_0.password,
        u1_0.phone,
        u1_0.profile_picture,
        u1_0.rating,
        u1_0.role,
        u1_0.skills 
    from
        users u1_0 
    where
        u1_0.email=?
2026-02-17T09:33:13.487+05:30 DEBUG 11684 --- [http-nio-10000-exec-3] org.hibernate.SQL                        : 
    select
        j1_0.id,
        j1_0.freelancer_id,
        j1_0.budget,
        j1_0.client_id,
        j1_0.created_at,
        j1_0.deadline,
        j1_0.description,
        j1_0.estimated_duration,
        j1_0.skills_required,
        j1_0.status,
        j1_0.title,
        j1_0.type 
    from
        jobs j1_0 
    where
        j1_0.id=?
2026-02-17T09:33:13.490+05:30 DEBUG 11684 --- [http-nio-10000-exec-3] org.hibernate.SQL                        : 
    select
        c1_0.id,
        c1_0.amount_in_escrow,
        c1_0.amount_paid_to_freelancer,
        c1_0.cancellation_reason,
        c1_0.cancelled_at,
        c1_0.client_id,
        c1_0.client_rating,
        c1_0.client_review,
        c1_0.completed_at,
        c1_0.created_at,
        c1_0.deadline,
        c1_0.description,
        c1_0.due_date,
        c1_0.end_date,
        c1_0.escrow_funded,
        c1_0.escrow_funded_at,
        c1_0.freelancer_id,
        c1_0.freelancer_earnings,
        c1_0.freelancer_rating,
        c1_0.freelancer_review,
        c1_0.job_id,
        c1_0.platform_fee,
        c1_0.proposal_id,
        p1_0.id,
        p1_0.client_message,
        p1_0.cover_letter,
        p1_0.estimated_days,
        p1_0.freelancer_id,
        p1_0.job_id,
        p1_0.proposed_price,
        p1_0.responded_at,
        p1_0.status,
        p1_0.submitted_at,
        c1_0.protection_period,
        c1_0.start_date,
        c1_0.status,
        c1_0.title,
        c1_0.total_amount 
    from
        contracts c1_0 
    join
        proposals p1_0 
            on p1_0.id=c1_0.proposal_id 
    where
        c1_0.job_id=?
2026-02-17T09:33:13.496+05:30 DEBUG 11684 --- [http-nio-10000-exec-3] org.hibernate.SQL                        : 
    select
        p1_0.id,
        p1_0.client_message,
        p1_0.cover_letter,
        p1_0.estimated_days,
        p1_0.freelancer_id,
        p1_0.job_id,
        p1_0.proposed_price,
        p1_0.responded_at,
        p1_0.status,
        p1_0.submitted_at 
    from
        proposals p1_0 
    where
        p1_0.job_id=?
2026-02-17T09:33:13.503+05:30 DEBUG 11684 --- [http-nio-10000-exec-3] org.hibernate.SQL                        : 
    select
        u1_0.id,
        u1_0.bio,
        u1_0.completed_jobs,
        u1_0.country,
        u1_0.created_at,
        u1_0.email,
        u1_0.email_verification_token,
        u1_0.email_verification_token_expiry,
        u1_0.email_verified,
        u1_0.hourly_rate,
        u1_0.name,
        u1_0.password,
        u1_0.phone,
        u1_0.profile_picture,
        u1_0.rating,
        u1_0.role,
        u1_0.skills 
    from
        users u1_0 
    where
        u1_0.id=?
2026-02-17T09:33:13.509+05:30 DEBUG 11684 --- [http-nio-10000-exec-3] o.s.w.s.m.m.a.HttpEntityMethodProcessor  : Using 'application/json', given [application/json, text/plain, */*] and supported [application/json, application/*+json, application/yaml]
2026-02-17T09:33:13.510+05:30 DEBUG 11684 --- [http-nio-10000-exec-3] o.s.w.s.m.m.a.HttpEntityMethodProcessor  : Writing [[com.marketplace.proposal.ProposalResponseDTO@226c0435]]
2026-02-17T09:33:13.512+05:30 DEBUG 11684 --- [http-nio-10000-exec-3] o.s.web.servlet.DispatcherServlet        : Completed 200 OK
2026-02-17T09:33:20.380+05:30 DEBUG 11684 --- [http-nio-10000-exec-5] o.s.security.web.FilterChainProxy        : Securing POST /api/auth/login
2026-02-17T09:33:20.383+05:30 DEBUG 11684 --- [http-nio-10000-exec-5] o.s.s.w.a.AnonymousAuthenticationFilter  : Set SecurityContextHolder to anonymous SecurityContext
2026-02-17T09:33:20.386+05:30 DEBUG 11684 --- [http-nio-10000-exec-5] o.s.security.web.FilterChainProxy        : Secured POST /api/auth/login
2026-02-17T09:33:20.387+05:30 DEBUG 11684 --- [http-nio-10000-exec-5] o.s.web.servlet.DispatcherServlet        : POST "/api/auth/login", parameters={}
2026-02-17T09:33:20.389+05:30 DEBUG 11684 --- [http-nio-10000-exec-5] s.w.s.m.m.a.RequestMappingHandlerMapping : Mapped to com.marketplace.auth.AuthController#login(AuthRequest)
2026-02-17T09:33:20.393+05:30 DEBUG 11684 --- [http-nio-10000-exec-5] m.m.a.RequestResponseBodyMethodProcessor : Read "application/json;charset=UTF-8" to [com.marketplace.auth.AuthRequest@59bf2967]
2026-02-17T09:33:20.401+05:30 DEBUG 11684 --- [http-nio-10000-exec-5] org.hibernate.SQL                        : 
    select
        u1_0.id,
        u1_0.bio,
        u1_0.completed_jobs,
        u1_0.country,
        u1_0.created_at,
        u1_0.email,
        u1_0.email_verification_token,
        u1_0.email_verification_token_expiry,
        u1_0.email_verified,
        u1_0.hourly_rate,
        u1_0.name,
        u1_0.password,
        u1_0.phone,
        u1_0.profile_picture,
        u1_0.rating,
        u1_0.role,
        u1_0.skills 
    from
        users u1_0 
    where
        u1_0.email=?
2026-02-17T09:33:20.579+05:30 DEBUG 11684 --- [http-nio-10000-exec-5] org.hibernate.SQL                        : 
    delete rt1_0 
    from
        refersh_token rt1_0 
    where
        rt1_0.user_id=?
2026-02-17T09:33:20.589+05:30 DEBUG 11684 --- [http-nio-10000-exec-5] org.hibernate.SQL                        : 
    insert 
    into
        refersh_token
        (expiry_date, token, user_id) 
    values
        (?, ?, ?)
2026-02-17T09:33:20.599+05:30 DEBUG 11684 --- [http-nio-10000-exec-5] o.s.w.s.m.m.a.HttpEntityMethodProcessor  : Using 'application/json', given [application/json, text/plain, */*] and supported [application/json, application/*+json, application/yaml]
2026-02-17T09:33:20.602+05:30 DEBUG 11684 --- [http-nio-10000-exec-5] o.s.w.s.m.m.a.HttpEntityMethodProcessor  : Writing [com.marketplace.auth.AuthResponse@2b66c2e2]
2026-02-17T09:33:20.604+05:30 DEBUG 11684 --- [http-nio-10000-exec-5] o.s.web.servlet.DispatcherServlet        : Completed 200 OK
2026-02-17T09:33:20.617+05:30 DEBUG 11684 --- [http-nio-10000-exec-4] o.s.security.web.FilterChainProxy        : Securing GET /api/profile/me
2026-02-17T09:33:20.629+05:30 DEBUG 11684 --- [http-nio-10000-exec-4] org.hibernate.SQL                        : 
    select
        u1_0.id,
        u1_0.bio,
        u1_0.completed_jobs,
        u1_0.country,
        u1_0.created_at,
        u1_0.email,
        u1_0.email_verification_token,
        u1_0.email_verification_token_expiry,
        u1_0.email_verified,
        u1_0.hourly_rate,
        u1_0.name,
        u1_0.password,
        u1_0.phone,
        u1_0.profile_picture,
        u1_0.rating,
        u1_0.role,
        u1_0.skills 
    from
        users u1_0 
    where
        u1_0.email=?
2026-02-17T09:33:20.645+05:30 DEBUG 11684 --- [http-nio-10000-exec-4] o.s.security.web.FilterChainProxy        : Secured GET /api/profile/me
2026-02-17T09:33:20.646+05:30 DEBUG 11684 --- [http-nio-10000-exec-4] o.s.web.servlet.DispatcherServlet        : GET "/api/profile/me", parameters={}
2026-02-17T09:33:20.647+05:30 DEBUG 11684 --- [http-nio-10000-exec-4] s.w.s.m.m.a.RequestMappingHandlerMapping : Mapped to com.marketplace.profile.ProfileController#getMyProfile()
2026-02-17T09:33:20.652+05:30 DEBUG 11684 --- [http-nio-10000-exec-4] org.hibernate.SQL                        : 
    select
        u1_0.id,
        u1_0.bio,
        u1_0.completed_jobs,
        u1_0.country,
        u1_0.created_at,
        u1_0.email,
        u1_0.email_verification_token,
        u1_0.email_verification_token_expiry,
        u1_0.email_verified,
        u1_0.hourly_rate,
        u1_0.name,
        u1_0.password,
        u1_0.phone,
        u1_0.profile_picture,
        u1_0.rating,
        u1_0.role,
        u1_0.skills 
    from
        users u1_0 
    where
        u1_0.email=?
2026-02-17T09:33:20.656+05:30 DEBUG 11684 --- [http-nio-10000-exec-4] o.s.w.s.m.m.a.HttpEntityMethodProcessor  : Using 'application/json', given [application/json, text/plain, */*] and supported [application/json, application/*+json, application/yaml]
2026-02-17T09:33:20.657+05:30 DEBUG 11684 --- [http-nio-10000-exec-4] o.s.w.s.m.m.a.HttpEntityMethodProcessor  : Writing [{skills=Java,Spring Boot,React, createdAt=2026-01-14T09:27:52.501037, profilePicture=null, role=FREE (truncated)...]
2026-02-17T09:33:20.660+05:30 DEBUG 11684 --- [http-nio-10000-exec-4] o.s.web.servlet.DispatcherServlet        : Completed 200 OK
2026-02-17T09:33:20.819+05:30 DEBUG 11684 --- [http-nio-10000-exec-6] o.s.security.web.FilterChainProxy        : Securing OPTIONS /api/jobs/open
2026-02-17T09:33:20.831+05:30 DEBUG 11684 --- [http-nio-10000-exec-7] o.s.security.web.FilterChainProxy        : Securing GET /api/jobs/open
2026-02-17T09:33:20.833+05:30 DEBUG 11684 --- [http-nio-10000-exec-7] o.s.s.w.a.AnonymousAuthenticationFilter  : Set SecurityContextHolder to anonymous SecurityContext
2026-02-17T09:33:20.836+05:30 DEBUG 11684 --- [http-nio-10000-exec-7] o.s.security.web.FilterChainProxy        : Secured GET /api/jobs/open
2026-02-17T09:33:20.836+05:30 DEBUG 11684 --- [http-nio-10000-exec-7] o.s.web.servlet.DispatcherServlet        : GET "/api/jobs/open", parameters={}
2026-02-17T09:33:20.839+05:30 DEBUG 11684 --- [http-nio-10000-exec-7] s.w.s.m.m.a.RequestMappingHandlerMapping : Mapped to com.marketplace.job.JobController#getOpenJobs()
2026-02-17T09:33:20.853+05:30 DEBUG 11684 --- [http-nio-10000-exec-7] org.hibernate.SQL                        : 
    select
        j1_0.id,
        j1_0.freelancer_id,
        j1_0.budget,
        j1_0.client_id,
        j1_0.created_at,
        j1_0.deadline,
        j1_0.description,
        j1_0.estimated_duration,
        j1_0.skills_required,
        j1_0.status,
        j1_0.title,
        j1_0.type 
    from
        jobs j1_0 
    where
        j1_0.status=? 
    order by
        j1_0.created_at desc
2026-02-17T09:33:20.863+05:30 DEBUG 11684 --- [http-nio-10000-exec-7] org.hibernate.SQL                        : 
    select
        c1_0.id,
        c1_0.amount_in_escrow,
        c1_0.amount_paid_to_freelancer,
        c1_0.cancellation_reason,
        c1_0.cancelled_at,
        c1_0.client_id,
        c1_0.client_rating,
        c1_0.client_review,
        c1_0.completed_at,
        c1_0.created_at,
        c1_0.deadline,
        c1_0.description,
        c1_0.due_date,
        c1_0.end_date,
        c1_0.escrow_funded,
        c1_0.escrow_funded_at,
        c1_0.freelancer_id,
        c1_0.freelancer_earnings,
        c1_0.freelancer_rating,
        c1_0.freelancer_review,
        c1_0.job_id,
        c1_0.platform_fee,
        c1_0.proposal_id,
        p1_0.id,
        p1_0.client_message,
        p1_0.cover_letter,
        p1_0.estimated_days,
        p1_0.freelancer_id,
        p1_0.job_id,
        p1_0.proposed_price,
        p1_0.responded_at,
        p1_0.status,
        p1_0.submitted_at,
        c1_0.protection_period,
        c1_0.start_date,
        c1_0.status,
        c1_0.title,
        c1_0.total_amount 
    from
        contracts c1_0 
    join
        proposals p1_0 
            on p1_0.id=c1_0.proposal_id 
    where
        c1_0.job_id=?
2026-02-17T09:33:20.866+05:30 DEBUG 11684 --- [http-nio-10000-exec-7] org.hibernate.SQL                        : 
    select
        c1_0.id,
        c1_0.amount_in_escrow,
        c1_0.amount_paid_to_freelancer,
        c1_0.cancellation_reason,
        c1_0.cancelled_at,
        c1_0.client_id,
        c1_0.client_rating,
        c1_0.client_review,
        c1_0.completed_at,
        c1_0.created_at,
        c1_0.deadline,
        c1_0.description,
        c1_0.due_date,
        c1_0.end_date,
        c1_0.escrow_funded,
        c1_0.escrow_funded_at,
        c1_0.freelancer_id,
        c1_0.freelancer_earnings,
        c1_0.freelancer_rating,
        c1_0.freelancer_review,
        c1_0.job_id,
        c1_0.platform_fee,
        c1_0.proposal_id,
        p1_0.id,
        p1_0.client_message,
        p1_0.cover_letter,
        p1_0.estimated_days,
        p1_0.freelancer_id,
        p1_0.job_id,
        p1_0.proposed_price,
        p1_0.responded_at,
        p1_0.status,
        p1_0.submitted_at,
        c1_0.protection_period,
        c1_0.start_date,
        c1_0.status,
        c1_0.title,
        c1_0.total_amount 
    from
        contracts c1_0 
    join
        proposals p1_0 
            on p1_0.id=c1_0.proposal_id 
    where
        c1_0.job_id=?
2026-02-17T09:33:20.871+05:30 DEBUG 11684 --- [http-nio-10000-exec-7] org.hibernate.SQL                        : 
    select
        c1_0.id,
        c1_0.amount_in_escrow,
        c1_0.amount_paid_to_freelancer,
        c1_0.cancellation_reason,
        c1_0.cancelled_at,
        c1_0.client_id,
        c1_0.client_rating,
        c1_0.client_review,
        c1_0.completed_at,
        c1_0.created_at,
        c1_0.deadline,
        c1_0.description,
        c1_0.due_date,
        c1_0.end_date,
        c1_0.escrow_funded,
        c1_0.escrow_funded_at,
        c1_0.freelancer_id,
        c1_0.freelancer_earnings,
        c1_0.freelancer_rating,
        c1_0.freelancer_review,
        c1_0.job_id,
        c1_0.platform_fee,
        c1_0.proposal_id,
        p1_0.id,
        p1_0.client_message,
        p1_0.cover_letter,
        p1_0.estimated_days,
        p1_0.freelancer_id,
        p1_0.job_id,
        p1_0.proposed_price,
        p1_0.responded_at,
        p1_0.status,
        p1_0.submitted_at,
        c1_0.protection_period,
        c1_0.start_date,
        c1_0.status,
        c1_0.title,
        c1_0.total_amount 
    from
        contracts c1_0 
    join
        proposals p1_0 
            on p1_0.id=c1_0.proposal_id 
    where
        c1_0.job_id=?
2026-02-17T09:33:20.880+05:30 DEBUG 11684 --- [http-nio-10000-exec-7] org.hibernate.SQL                        : 
    select
        c1_0.id,
        c1_0.amount_in_escrow,
        c1_0.amount_paid_to_freelancer,
        c1_0.cancellation_reason,
        c1_0.cancelled_at,
        c1_0.client_id,
        c1_0.client_rating,
        c1_0.client_review,
        c1_0.completed_at,
        c1_0.created_at,
        c1_0.deadline,
        c1_0.description,
        c1_0.due_date,
        c1_0.end_date,
        c1_0.escrow_funded,
        c1_0.escrow_funded_at,
        c1_0.freelancer_id,
        c1_0.freelancer_earnings,
        c1_0.freelancer_rating,
        c1_0.freelancer_review,
        c1_0.job_id,
        c1_0.platform_fee,
        c1_0.proposal_id,
        p1_0.id,
        p1_0.client_message,
        p1_0.cover_letter,
        p1_0.estimated_days,
        p1_0.freelancer_id,
        p1_0.job_id,
        p1_0.proposed_price,
        p1_0.responded_at,
        p1_0.status,
        p1_0.submitted_at,
        c1_0.protection_period,
        c1_0.start_date,
        c1_0.status,
        c1_0.title,
        c1_0.total_amount 
    from
        contracts c1_0 
    join
        proposals p1_0 
            on p1_0.id=c1_0.proposal_id 
    where
        c1_0.job_id=?
2026-02-17T09:33:20.886+05:30 DEBUG 11684 --- [http-nio-10000-exec-7] org.hibernate.SQL                        : 
    select
        u1_0.id,
        u1_0.bio,
        u1_0.completed_jobs,
        u1_0.country,
        u1_0.created_at,
        u1_0.email,
        u1_0.email_verification_token,
        u1_0.email_verification_token_expiry,
        u1_0.email_verified,
        u1_0.hourly_rate,
        u1_0.name,
        u1_0.password,
        u1_0.phone,
        u1_0.profile_picture,
        u1_0.rating,
        u1_0.role,
        u1_0.skills 
    from
        users u1_0 
    where
        u1_0.id=?
2026-02-17T09:33:20.890+05:30 DEBUG 11684 --- [http-nio-10000-exec-7] org.hibernate.SQL                        : 
    select
        u1_0.id,
        u1_0.bio,
        u1_0.completed_jobs,
        u1_0.country,
        u1_0.created_at,
        u1_0.email,
        u1_0.email_verification_token,
        u1_0.email_verification_token_expiry,
        u1_0.email_verified,
        u1_0.hourly_rate,
        u1_0.name,
        u1_0.password,
        u1_0.phone,
        u1_0.profile_picture,
        u1_0.rating,
        u1_0.role,
        u1_0.skills 
    from
        users u1_0 
    where
        u1_0.id=?
2026-02-17T09:33:20.897+05:30 DEBUG 11684 --- [http-nio-10000-exec-7] org.hibernate.SQL                        : 
    select
        u1_0.id,
        u1_0.bio,
        u1_0.completed_jobs,
        u1_0.country,
        u1_0.created_at,
        u1_0.email,
        u1_0.email_verification_token,
        u1_0.email_verification_token_expiry,
        u1_0.email_verified,
        u1_0.hourly_rate,
        u1_0.name,
        u1_0.password,
        u1_0.phone,
        u1_0.profile_picture,
        u1_0.rating,
        u1_0.role,
        u1_0.skills 
    from
        users u1_0 
    where
        u1_0.id=?
2026-02-17T09:33:20.904+05:30 DEBUG 11684 --- [http-nio-10000-exec-7] o.s.w.s.m.m.a.HttpEntityMethodProcessor  : Using 'application/json', given [application/json, text/plain, */*] and supported [application/json, application/*+json, application/yaml]
2026-02-17T09:33:20.904+05:30 DEBUG 11684 --- [http-nio-10000-exec-7] o.s.w.s.m.m.a.HttpEntityMethodProcessor  : Writing [[com.marketplace.job.JobResponseDTO@41a6806b, com.marketplace.job.JobResponseDTO@39efa23f, com.marke (truncated)...]
2026-02-17T09:33:20.906+05:30 DEBUG 11684 --- [http-nio-10000-exec-7] o.s.web.servlet.DispatcherServlet        : Completed 200 OK
2026-02-17T09:33:20.928+05:30 DEBUG 11684 --- [http-nio-10000-exec-8] o.s.security.web.FilterChainProxy        : Securing OPTIONS /api/proposals/my-proposals
2026-02-17T09:33:20.943+05:30 DEBUG 11684 --- [http-nio-10000-exec-9] o.s.security.web.FilterChainProxy        : Securing GET /api/proposals/my-proposals
2026-02-17T09:33:20.952+05:30 DEBUG 11684 --- [http-nio-10000-exec-9] org.hibernate.SQL                        : 
    select
        u1_0.id,
        u1_0.bio,
        u1_0.completed_jobs,
        u1_0.country,
        u1_0.created_at,
        u1_0.email,
        u1_0.email_verification_token,
        u1_0.email_verification_token_expiry,
        u1_0.email_verified,
        u1_0.hourly_rate,
        u1_0.name,
        u1_0.password,
        u1_0.phone,
        u1_0.profile_picture,
        u1_0.rating,
        u1_0.role,
        u1_0.skills 
    from
        users u1_0 
    where
        u1_0.email=?
2026-02-17T09:33:20.964+05:30 DEBUG 11684 --- [http-nio-10000-exec-9] o.s.security.web.FilterChainProxy        : Secured GET /api/proposals/my-proposals
2026-02-17T09:33:20.965+05:30 DEBUG 11684 --- [http-nio-10000-exec-9] o.s.web.servlet.DispatcherServlet        : GET "/api/proposals/my-proposals", parameters={}
2026-02-17T09:33:20.966+05:30 DEBUG 11684 --- [http-nio-10000-exec-9] s.w.s.m.m.a.RequestMappingHandlerMapping : Mapped to com.marketplace.proposal.ProposalController#getMyProposals()
2026-02-17T09:33:20.969+05:30 DEBUG 11684 --- [http-nio-10000-exec-9] org.hibernate.SQL                        : 
    select
        u1_0.id,
        u1_0.bio,
        u1_0.completed_jobs,
        u1_0.country,
        u1_0.created_at,
        u1_0.email,
        u1_0.email_verification_token,
        u1_0.email_verification_token_expiry,
        u1_0.email_verified,
        u1_0.hourly_rate,
        u1_0.name,
        u1_0.password,
        u1_0.phone,
        u1_0.profile_picture,
        u1_0.rating,
        u1_0.role,
        u1_0.skills 
    from
        users u1_0 
    where
        u1_0.email=?
2026-02-17T09:33:20.977+05:30 DEBUG 11684 --- [http-nio-10000-exec-9] org.hibernate.SQL                        : 
    select
        u1_0.id,
        u1_0.bio,
        u1_0.completed_jobs,
        u1_0.country,
        u1_0.created_at,
        u1_0.email,
        u1_0.email_verification_token,
        u1_0.email_verification_token_expiry,
        u1_0.email_verified,
        u1_0.hourly_rate,
        u1_0.name,
        u1_0.password,
        u1_0.phone,
        u1_0.profile_picture,
        u1_0.rating,
        u1_0.role,
        u1_0.skills 
    from
        users u1_0 
    where
        u1_0.email=?
2026-02-17T09:33:20.992+05:30 DEBUG 11684 --- [http-nio-10000-exec-9] org.hibernate.SQL                        : 
    select
        p1_0.id,
        p1_0.client_message,
        p1_0.cover_letter,
        p1_0.estimated_days,
        p1_0.freelancer_id,
        p1_0.job_id,
        p1_0.proposed_price,
        p1_0.responded_at,
        p1_0.status,
        p1_0.submitted_at 
    from
        proposals p1_0 
    where
        p1_0.freelancer_id=?
2026-02-17T09:33:21.003+05:30 DEBUG 11684 --- [http-nio-10000-exec-9] org.hibernate.SQL                        : 
    select
        j1_0.id,
        j1_0.freelancer_id,
        j1_0.budget,
        j1_0.client_id,
        j1_0.created_at,
        j1_0.deadline,
        j1_0.description,
        j1_0.estimated_duration,
        j1_0.skills_required,
        j1_0.status,
        j1_0.title,
        j1_0.type 
    from
        jobs j1_0 
    where
        j1_0.id=?
2026-02-17T09:33:21.007+05:30 DEBUG 11684 --- [http-nio-10000-exec-9] org.hibernate.SQL                        : 
    select
        c1_0.id,
        c1_0.amount_in_escrow,
        c1_0.amount_paid_to_freelancer,
        c1_0.cancellation_reason,
        c1_0.cancelled_at,
        c1_0.client_id,
        c1_0.client_rating,
        c1_0.client_review,
        c1_0.completed_at,
        c1_0.created_at,
        c1_0.deadline,
        c1_0.description,
        c1_0.due_date,
        c1_0.end_date,
        c1_0.escrow_funded,
        c1_0.escrow_funded_at,
        c1_0.freelancer_id,
        c1_0.freelancer_earnings,
        c1_0.freelancer_rating,
        c1_0.freelancer_review,
        c1_0.job_id,
        c1_0.platform_fee,
        c1_0.proposal_id,
        p1_0.id,
        p1_0.client_message,
        p1_0.cover_letter,
        p1_0.estimated_days,
        p1_0.freelancer_id,
        p1_0.job_id,
        p1_0.proposed_price,
        p1_0.responded_at,
        p1_0.status,
        p1_0.submitted_at,
        c1_0.protection_period,
        c1_0.start_date,
        c1_0.status,
        c1_0.title,
        c1_0.total_amount 
    from
        contracts c1_0 
    join
        proposals p1_0 
            on p1_0.id=c1_0.proposal_id 
    where
        c1_0.job_id=?
2026-02-17T09:33:21.014+05:30 DEBUG 11684 --- [http-nio-10000-exec-9] org.hibernate.SQL                        : 
    select
        j1_0.id,
        j1_0.freelancer_id,
        j1_0.budget,
        j1_0.client_id,
        j1_0.created_at,
        j1_0.deadline,
        j1_0.description,
        j1_0.estimated_duration,
        j1_0.skills_required,
        j1_0.status,
        j1_0.title,
        j1_0.type 
    from
        jobs j1_0 
    where
        j1_0.id=?
2026-02-17T09:33:21.017+05:30 DEBUG 11684 --- [http-nio-10000-exec-9] org.hibernate.SQL                        : 
    select
        c1_0.id,
        c1_0.amount_in_escrow,
        c1_0.amount_paid_to_freelancer,
        c1_0.cancellation_reason,
        c1_0.cancelled_at,
        c1_0.client_id,
        c1_0.client_rating,
        c1_0.client_review,
        c1_0.completed_at,
        c1_0.created_at,
        c1_0.deadline,
        c1_0.description,
        c1_0.due_date,
        c1_0.end_date,
        c1_0.escrow_funded,
        c1_0.escrow_funded_at,
        c1_0.freelancer_id,
        c1_0.freelancer_earnings,
        c1_0.freelancer_rating,
        c1_0.freelancer_review,
        c1_0.job_id,
        c1_0.platform_fee,
        c1_0.proposal_id,
        p1_0.id,
        p1_0.client_message,
        p1_0.cover_letter,
        p1_0.estimated_days,
        p1_0.freelancer_id,
        p1_0.job_id,
        p1_0.proposed_price,
        p1_0.responded_at,
        p1_0.status,
        p1_0.submitted_at,
        c1_0.protection_period,
        c1_0.start_date,
        c1_0.status,
        c1_0.title,
        c1_0.total_amount 
    from
        contracts c1_0 
    join
        proposals p1_0 
            on p1_0.id=c1_0.proposal_id 
    where
        c1_0.job_id=?
2026-02-17T09:33:21.022+05:30 DEBUG 11684 --- [http-nio-10000-exec-9] org.hibernate.SQL                        : 
    select
        j1_0.id,
        j1_0.freelancer_id,
        j1_0.budget,
        j1_0.client_id,
        j1_0.created_at,
        j1_0.deadline,
        j1_0.description,
        j1_0.estimated_duration,
        j1_0.skills_required,
        j1_0.status,
        j1_0.title,
        j1_0.type 
    from
        jobs j1_0 
    where
        j1_0.id=?
2026-02-17T09:33:21.026+05:30 DEBUG 11684 --- [http-nio-10000-exec-9] org.hibernate.SQL                        : 
    select
        c1_0.id,
        c1_0.amount_in_escrow,
        c1_0.amount_paid_to_freelancer,
        c1_0.cancellation_reason,
        c1_0.cancelled_at,
        c1_0.client_id,
        c1_0.client_rating,
        c1_0.client_review,
        c1_0.completed_at,
        c1_0.created_at,
        c1_0.deadline,
        c1_0.description,
        c1_0.due_date,
        c1_0.end_date,
        c1_0.escrow_funded,
        c1_0.escrow_funded_at,
        c1_0.freelancer_id,
        c1_0.freelancer_earnings,
        c1_0.freelancer_rating,
        c1_0.freelancer_review,
        c1_0.job_id,
        c1_0.platform_fee,
        c1_0.proposal_id,
        p1_0.id,
        p1_0.client_message,
        p1_0.cover_letter,
        p1_0.estimated_days,
        p1_0.freelancer_id,
        p1_0.job_id,
        p1_0.proposed_price,
        p1_0.responded_at,
        p1_0.status,
        p1_0.submitted_at,
        c1_0.protection_period,
        c1_0.start_date,
        c1_0.status,
        c1_0.title,
        c1_0.total_amount 
    from
        contracts c1_0 
    join
        proposals p1_0 
            on p1_0.id=c1_0.proposal_id 
    where
        c1_0.job_id=?
2026-02-17T09:33:21.032+05:30 DEBUG 11684 --- [http-nio-10000-exec-9] o.s.w.s.m.m.a.HttpEntityMethodProcessor  : Using 'application/json', given [application/json, text/plain, */*] and supported [application/json, application/*+json, application/yaml]
2026-02-17T09:33:21.032+05:30 DEBUG 11684 --- [http-nio-10000-exec-9] o.s.w.s.m.m.a.HttpEntityMethodProcessor  : Writing [[com.marketplace.proposal.ProposalResponseDTO@1328f552, com.marketplace.proposal.ProposalResponseDTO (truncated)...]
2026-02-17T09:33:21.035+05:30 DEBUG 11684 --- [http-nio-10000-exec-9] o.s.web.servlet.DispatcherServlet        : Completed 200 OK
2026-02-17T09:33:21.043+05:30 DEBUG 11684 --- [http-nio-10000-exec-10] o.s.security.web.FilterChainProxy        : Securing OPTIONS /api/contracts/my-contracts
2026-02-17T09:33:21.052+05:30 DEBUG 11684 --- [http-nio-10000-exec-1] o.s.security.web.FilterChainProxy        : Securing GET /api/contracts/my-contracts
2026-02-17T09:33:21.062+05:30 DEBUG 11684 --- [http-nio-10000-exec-1] org.hibernate.SQL                        : 
    select
        u1_0.id,
        u1_0.bio,
        u1_0.completed_jobs,
        u1_0.country,
        u1_0.created_at,
        u1_0.email,
        u1_0.email_verification_token,
        u1_0.email_verification_token_expiry,
        u1_0.email_verified,
        u1_0.hourly_rate,
        u1_0.name,
        u1_0.password,
        u1_0.phone,
        u1_0.profile_picture,
        u1_0.rating,
        u1_0.role,
        u1_0.skills 
    from
        users u1_0 
    where
        u1_0.email=?
2026-02-17T09:33:21.070+05:30 DEBUG 11684 --- [http-nio-10000-exec-1] o.s.security.web.FilterChainProxy        : Secured GET /api/contracts/my-contracts
2026-02-17T09:33:21.070+05:30 DEBUG 11684 --- [http-nio-10000-exec-1] o.s.web.servlet.DispatcherServlet        : GET "/api/contracts/my-contracts", parameters={}
2026-02-17T09:33:21.071+05:30 DEBUG 11684 --- [http-nio-10000-exec-1] s.w.s.m.m.a.RequestMappingHandlerMapping : Mapped to com.marketplace.contract.ContractController#getMyContracts()
2026-02-17T09:33:21.075+05:30 DEBUG 11684 --- [http-nio-10000-exec-1] org.hibernate.SQL                        : 
    select
        u1_0.id,
        u1_0.bio,
        u1_0.completed_jobs,
        u1_0.country,
        u1_0.created_at,
        u1_0.email,
        u1_0.email_verification_token,
        u1_0.email_verification_token_expiry,
        u1_0.email_verified,
        u1_0.hourly_rate,
        u1_0.name,
        u1_0.password,
        u1_0.phone,
        u1_0.profile_picture,
        u1_0.rating,
        u1_0.role,
        u1_0.skills 
    from
        users u1_0 
    where
        u1_0.email=?
2026-02-17T09:33:21.092+05:30 DEBUG 11684 --- [http-nio-10000-exec-1] org.hibernate.SQL                        : 
    select
        c1_0.id,
        c1_0.amount_in_escrow,
        c1_0.amount_paid_to_freelancer,
        c1_0.cancellation_reason,
        c1_0.cancelled_at,
        c1_0.client_id,
        c1_0.client_rating,
        c1_0.client_review,
        c1_0.completed_at,
        c1_0.created_at,
        c1_0.deadline,
        c1_0.description,
        c1_0.due_date,
        c1_0.end_date,
        c1_0.escrow_funded,
        c1_0.escrow_funded_at,
        c1_0.freelancer_id,
        c1_0.freelancer_earnings,
        c1_0.freelancer_rating,
        c1_0.freelancer_review,
        c1_0.job_id,
        c1_0.platform_fee,
        c1_0.proposal_id,
        c1_0.protection_period,
        c1_0.start_date,
        c1_0.status,
        c1_0.title,
        c1_0.total_amount 
    from
        contracts c1_0 
    where
        c1_0.client_id=?
2026-02-17T09:33:21.107+05:30 DEBUG 11684 --- [http-nio-10000-exec-1] org.hibernate.SQL                        : 
    select
        c1_0.id,
        c1_0.amount_in_escrow,
        c1_0.amount_paid_to_freelancer,
        c1_0.cancellation_reason,
        c1_0.cancelled_at,
        c1_0.client_id,
        c1_0.client_rating,
        c1_0.client_review,
        c1_0.completed_at,
        c1_0.created_at,
        c1_0.deadline,
        c1_0.description,
        c1_0.due_date,
        c1_0.end_date,
        c1_0.escrow_funded,
        c1_0.escrow_funded_at,
        c1_0.freelancer_id,
        c1_0.freelancer_earnings,
        c1_0.freelancer_rating,
        c1_0.freelancer_review,
        c1_0.job_id,
        c1_0.platform_fee,
        c1_0.proposal_id,
        c1_0.protection_period,
        c1_0.start_date,
        c1_0.status,
        c1_0.title,
        c1_0.total_amount 
    from
        contracts c1_0 
    where
        c1_0.freelancer_id=?
2026-02-17T09:33:21.113+05:30 DEBUG 11684 --- [http-nio-10000-exec-1] org.hibernate.SQL                        : 
    select
        p1_0.id,
        p1_0.client_message,
        p1_0.cover_letter,
        p1_0.estimated_days,
        p1_0.freelancer_id,
        p1_0.job_id,
        p1_0.proposed_price,
        p1_0.responded_at,
        p1_0.status,
        p1_0.submitted_at 
    from
        proposals p1_0 
    where
        p1_0.id=?
2026-02-17T09:33:21.118+05:30 DEBUG 11684 --- [http-nio-10000-exec-1] org.hibernate.SQL                        : 
    select
        p1_0.id,
        p1_0.client_message,
        p1_0.cover_letter,
        p1_0.estimated_days,
        p1_0.freelancer_id,
        p1_0.job_id,
        p1_0.proposed_price,
        p1_0.responded_at,
        p1_0.status,
        p1_0.submitted_at 
    from
        proposals p1_0 
    where
        p1_0.id=?
2026-02-17T09:33:21.123+05:30 DEBUG 11684 --- [http-nio-10000-exec-1] org.hibernate.SQL                        : 
    select
        j1_0.id,
        j1_0.freelancer_id,
        j1_0.budget,
        j1_0.client_id,
        j1_0.created_at,
        j1_0.deadline,
        j1_0.description,
        j1_0.estimated_duration,
        j1_0.skills_required,
        j1_0.status,
        j1_0.title,
        j1_0.type 
    from
        jobs j1_0 
    where
        j1_0.id=?
2026-02-17T09:33:21.126+05:30 DEBUG 11684 --- [http-nio-10000-exec-1] org.hibernate.SQL                        : 
    select
        u1_0.id,
        u1_0.bio,
        u1_0.completed_jobs,
        u1_0.country,
        u1_0.created_at,
        u1_0.email,
        u1_0.email_verification_token,
        u1_0.email_verification_token_expiry,
        u1_0.email_verified,
        u1_0.hourly_rate,
        u1_0.name,
        u1_0.password,
        u1_0.phone,
        u1_0.profile_picture,
        u1_0.rating,
        u1_0.role,
        u1_0.skills 
    from
        users u1_0 
    where
        u1_0.id=?
2026-02-17T09:33:21.131+05:30 DEBUG 11684 --- [http-nio-10000-exec-1] org.hibernate.SQL                        : 
    select
        j1_0.id,
        j1_0.freelancer_id,
        j1_0.budget,
        j1_0.client_id,
        j1_0.created_at,
        j1_0.deadline,
        j1_0.description,
        j1_0.estimated_duration,
        j1_0.skills_required,
        j1_0.status,
        j1_0.title,
        j1_0.type 
    from
        jobs j1_0 
    where
        j1_0.id=?
2026-02-17T09:33:21.139+05:30 DEBUG 11684 --- [http-nio-10000-exec-1] o.s.w.s.m.m.a.HttpEntityMethodProcessor  : Using 'application/json', given [application/json, text/plain, */*] and supported [application/json, application/*+json, application/yaml]
2026-02-17T09:33:21.139+05:30 DEBUG 11684 --- [http-nio-10000-exec-1] o.s.w.s.m.m.a.HttpEntityMethodProcessor  : Writing [[com.marketplace.contract.ContractResponseDTO@75c683a4, com.marketplace.contract.ContractResponseDTO (truncated)...]
2026-02-17T09:33:21.149+05:30 DEBUG 11684 --- [http-nio-10000-exec-1] o.s.web.servlet.DispatcherServlet        : Completed 200 OK
2026-02-17T09:34:10.546+05:30 DEBUG 11684 --- [http-nio-10000-exec-2] o.s.security.web.FilterChainProxy        : Securing OPTIONS /api/proposals
2026-02-17T09:34:10.554+05:30 DEBUG 11684 --- [http-nio-10000-exec-3] o.s.security.web.FilterChainProxy        : Securing POST /api/proposals
2026-02-17T09:34:10.566+05:30 DEBUG 11684 --- [http-nio-10000-exec-3] org.hibernate.SQL                        : 
    select
        u1_0.id,
        u1_0.bio,
        u1_0.completed_jobs,
        u1_0.country,
        u1_0.created_at,
        u1_0.email,
        u1_0.email_verification_token,
        u1_0.email_verification_token_expiry,
        u1_0.email_verified,
        u1_0.hourly_rate,
        u1_0.name,
        u1_0.password,
        u1_0.phone,
        u1_0.profile_picture,
        u1_0.rating,
        u1_0.role,
        u1_0.skills 
    from
        users u1_0 
    where
        u1_0.email=?
2026-02-17T09:34:10.578+05:30 DEBUG 11684 --- [http-nio-10000-exec-3] o.s.security.web.FilterChainProxy        : Secured POST /api/proposals
2026-02-17T09:34:10.579+05:30 DEBUG 11684 --- [http-nio-10000-exec-3] o.s.web.servlet.DispatcherServlet        : POST "/api/proposals", parameters={}
2026-02-17T09:34:10.580+05:30 DEBUG 11684 --- [http-nio-10000-exec-3] s.w.s.m.m.a.RequestMappingHandlerMapping : Mapped to com.marketplace.proposal.ProposalController#submitProposal(ProposalRequestDTO)
2026-02-17T09:34:10.606+05:30 DEBUG 11684 --- [http-nio-10000-exec-3] m.m.a.RequestResponseBodyMethodProcessor : Read "application/json;charset=UTF-8" to [com.marketplace.proposal.ProposalRequestDTO@1d2171af]
2026-02-17T09:34:10.635+05:30 DEBUG 11684 --- [http-nio-10000-exec-3] org.hibernate.SQL                        : 
    select
        u1_0.id,
        u1_0.bio,
        u1_0.completed_jobs,
        u1_0.country,
        u1_0.created_at,
        u1_0.email,
        u1_0.email_verification_token,
        u1_0.email_verification_token_expiry,
        u1_0.email_verified,
        u1_0.hourly_rate,
        u1_0.name,
        u1_0.password,
        u1_0.phone,
        u1_0.profile_picture,
        u1_0.rating,
        u1_0.role,
        u1_0.skills 
    from
        users u1_0 
    where
        u1_0.email=?
2026-02-17T09:34:10.643+05:30 DEBUG 11684 --- [http-nio-10000-exec-3] org.hibernate.SQL                        : 
    select
        u1_0.id,
        u1_0.bio,
        u1_0.completed_jobs,
        u1_0.country,
        u1_0.created_at,
        u1_0.email,
        u1_0.email_verification_token,
        u1_0.email_verification_token_expiry,
        u1_0.email_verified,
        u1_0.hourly_rate,
        u1_0.name,
        u1_0.password,
        u1_0.phone,
        u1_0.profile_picture,
        u1_0.rating,
        u1_0.role,
        u1_0.skills 
    from
        users u1_0 
    where
        u1_0.email=?
2026-02-17T09:34:10.647+05:30 DEBUG 11684 --- [http-nio-10000-exec-3] org.hibernate.SQL                        : 
    select
        j1_0.id,
        j1_0.freelancer_id,
        j1_0.budget,
        j1_0.client_id,
        j1_0.created_at,
        j1_0.deadline,
        j1_0.description,
        j1_0.estimated_duration,
        j1_0.skills_required,
        j1_0.status,
        j1_0.title,
        j1_0.type 
    from
        jobs j1_0 
    where
        j1_0.id=?
2026-02-17T09:34:10.650+05:30 DEBUG 11684 --- [http-nio-10000-exec-3] org.hibernate.SQL                        : 
    select
        c1_0.id,
        c1_0.amount_in_escrow,
        c1_0.amount_paid_to_freelancer,
        c1_0.cancellation_reason,
        c1_0.cancelled_at,
        c1_0.client_id,
        c1_0.client_rating,
        c1_0.client_review,
        c1_0.completed_at,
        c1_0.created_at,
        c1_0.deadline,
        c1_0.description,
        c1_0.due_date,
        c1_0.end_date,
        c1_0.escrow_funded,
        c1_0.escrow_funded_at,
        c1_0.freelancer_id,
        c1_0.freelancer_earnings,
        c1_0.freelancer_rating,
        c1_0.freelancer_review,
        c1_0.job_id,
        c1_0.platform_fee,
        c1_0.proposal_id,
        p1_0.id,
        p1_0.client_message,
        p1_0.cover_letter,
        p1_0.estimated_days,
        p1_0.freelancer_id,
        p1_0.job_id,
        p1_0.proposed_price,
        p1_0.responded_at,
        p1_0.status,
        p1_0.submitted_at,
        c1_0.protection_period,
        c1_0.start_date,
        c1_0.status,
        c1_0.title,
        c1_0.total_amount 
    from
        contracts c1_0 
    join
        proposals p1_0 
            on p1_0.id=c1_0.proposal_id 
    where
        c1_0.job_id=?
2026-02-17T09:34:10.668+05:30 DEBUG 11684 --- [http-nio-10000-exec-3] org.hibernate.SQL                        : 
    select
        p1_0.id,
        p1_0.client_message,
        p1_0.cover_letter,
        p1_0.estimated_days,
        p1_0.freelancer_id,
        p1_0.job_id,
        p1_0.proposed_price,
        p1_0.responded_at,
        p1_0.status,
        p1_0.submitted_at 
    from
        proposals p1_0 
    where
        p1_0.job_id=? 
        and p1_0.freelancer_id=?
2026-02-17T09:34:10.680+05:30 DEBUG 11684 --- [http-nio-10000-exec-3] org.hibernate.SQL                        : 
    insert 
    into
        proposals
        (client_message, cover_letter, estimated_days, freelancer_id, job_id, proposed_price, responded_at, status, submitted_at) 
    values
        (?, ?, ?, ?, ?, ?, ?, ?, ?)
2026-02-17T09:34:10.699+05:30 DEBUG 11684 --- [http-nio-10000-exec-3] o.s.w.s.m.m.a.HttpEntityMethodProcessor  : Using 'application/json', given [application/json, text/plain, */*] and supported [application/json, application/*+json, application/yaml]
2026-02-17T09:34:10.699+05:30 DEBUG 11684 --- [http-nio-10000-exec-3] o.s.w.s.m.m.a.HttpEntityMethodProcessor  : Writing [com.marketplace.proposal.ProposalResponseDTO@5f54eb3f]
2026-02-17T09:34:10.701+05:30 DEBUG 11684 --- [http-nio-10000-exec-3] o.s.web.servlet.DispatcherServlet        : Completed 200 OK
2026-02-17T09:34:10.753+05:30 DEBUG 11684 --- [http-nio-10000-exec-5] o.s.security.web.FilterChainProxy        : Securing OPTIONS /api/jobs/4
2026-02-17T09:34:10.770+05:30 DEBUG 11684 --- [http-nio-10000-exec-4] o.s.security.web.FilterChainProxy        : Securing GET /api/jobs/4
2026-02-17T09:34:10.772+05:30 DEBUG 11684 --- [http-nio-10000-exec-4] o.s.s.w.a.AnonymousAuthenticationFilter  : Set SecurityContextHolder to anonymous SecurityContext
2026-02-17T09:34:10.773+05:30 DEBUG 11684 --- [http-nio-10000-exec-4] o.s.security.web.FilterChainProxy        : Secured GET /api/jobs/4
2026-02-17T09:34:10.774+05:30 DEBUG 11684 --- [http-nio-10000-exec-4] o.s.web.servlet.DispatcherServlet        : GET "/api/jobs/4", parameters={}
2026-02-17T09:34:10.774+05:30 DEBUG 11684 --- [http-nio-10000-exec-4] s.w.s.m.m.a.RequestMappingHandlerMapping : Mapped to com.marketplace.job.JobController#getJobById(Long)
2026-02-17T09:34:10.779+05:30 DEBUG 11684 --- [http-nio-10000-exec-4] org.hibernate.SQL                        : 
    select
        j1_0.id,
        j1_0.freelancer_id,
        j1_0.budget,
        j1_0.client_id,
        j1_0.created_at,
        j1_0.deadline,
        j1_0.description,
        j1_0.estimated_duration,
        j1_0.skills_required,
        j1_0.status,
        j1_0.title,
        j1_0.type 
    from
        jobs j1_0 
    where
        j1_0.id=?
2026-02-17T09:34:10.781+05:30 DEBUG 11684 --- [http-nio-10000-exec-4] org.hibernate.SQL                        : 
    select
        c1_0.id,
        c1_0.amount_in_escrow,
        c1_0.amount_paid_to_freelancer,
        c1_0.cancellation_reason,
        c1_0.cancelled_at,
        c1_0.client_id,
        c1_0.client_rating,
        c1_0.client_review,
        c1_0.completed_at,
        c1_0.created_at,
        c1_0.deadline,
        c1_0.description,
        c1_0.due_date,
        c1_0.end_date,
        c1_0.escrow_funded,
        c1_0.escrow_funded_at,
        c1_0.freelancer_id,
        c1_0.freelancer_earnings,
        c1_0.freelancer_rating,
        c1_0.freelancer_review,
        c1_0.job_id,
        c1_0.platform_fee,
        c1_0.proposal_id,
        p1_0.id,
        p1_0.client_message,
        p1_0.cover_letter,
        p1_0.estimated_days,
        p1_0.freelancer_id,
        p1_0.job_id,
        p1_0.proposed_price,
        p1_0.responded_at,
        p1_0.status,
        p1_0.submitted_at,
        c1_0.protection_period,
        c1_0.start_date,
        c1_0.status,
        c1_0.title,
        c1_0.total_amount 
    from
        contracts c1_0 
    join
        proposals p1_0 
            on p1_0.id=c1_0.proposal_id 
    where
        c1_0.job_id=?
2026-02-17T09:34:10.787+05:30 DEBUG 11684 --- [http-nio-10000-exec-4] org.hibernate.SQL                        : 
    select
        u1_0.id,
        u1_0.bio,
        u1_0.completed_jobs,
        u1_0.country,
        u1_0.created_at,
        u1_0.email,
        u1_0.email_verification_token,
        u1_0.email_verification_token_expiry,
        u1_0.email_verified,
        u1_0.hourly_rate,
        u1_0.name,
        u1_0.password,
        u1_0.phone,
        u1_0.profile_picture,
        u1_0.rating,
        u1_0.role,
        u1_0.skills 
    from
        users u1_0 
    where
        u1_0.id=?
2026-02-17T09:34:10.793+05:30 DEBUG 11684 --- [http-nio-10000-exec-4] o.s.w.s.m.m.a.HttpEntityMethodProcessor  : Using 'application/json', given [application/json, text/plain, */*] and supported [application/json, application/*+json, application/yaml]
2026-02-17T09:34:10.793+05:30 DEBUG 11684 --- [http-nio-10000-exec-4] o.s.w.s.m.m.a.HttpEntityMethodProcessor  : Writing [com.marketplace.job.JobResponseDTO@71d8c56b]
2026-02-17T09:34:10.796+05:30 DEBUG 11684 --- [http-nio-10000-exec-4] o.s.web.servlet.DispatcherServlet        : Completed 200 OK
2026-02-17T09:34:55.227+05:30 DEBUG 11684 --- [http-nio-10000-exec-7] o.s.security.web.FilterChainProxy        : Securing POST /api/proposals
2026-02-17T09:34:55.242+05:30 DEBUG 11684 --- [http-nio-10000-exec-7] org.hibernate.SQL                        : 
    select
        u1_0.id,
        u1_0.bio,
        u1_0.completed_jobs,
        u1_0.country,
        u1_0.created_at,
        u1_0.email,
        u1_0.email_verification_token,
        u1_0.email_verification_token_expiry,
        u1_0.email_verified,
        u1_0.hourly_rate,
        u1_0.name,
        u1_0.password,
        u1_0.phone,
        u1_0.profile_picture,
        u1_0.rating,
        u1_0.role,
        u1_0.skills 
    from
        users u1_0 
    where
        u1_0.email=?
2026-02-17T09:34:55.255+05:30 DEBUG 11684 --- [http-nio-10000-exec-7] o.s.security.web.FilterChainProxy        : Secured POST /api/proposals
2026-02-17T09:34:55.256+05:30 DEBUG 11684 --- [http-nio-10000-exec-7] o.s.web.servlet.DispatcherServlet        : POST "/api/proposals", parameters={}
2026-02-17T09:34:55.256+05:30 DEBUG 11684 --- [http-nio-10000-exec-7] s.w.s.m.m.a.RequestMappingHandlerMapping : Mapped to com.marketplace.proposal.ProposalController#submitProposal(ProposalRequestDTO)
2026-02-17T09:34:55.259+05:30 DEBUG 11684 --- [http-nio-10000-exec-7] m.m.a.RequestResponseBodyMethodProcessor : Read "application/json;charset=UTF-8" to [com.marketplace.proposal.ProposalRequestDTO@74ed58e1]
2026-02-17T09:34:55.266+05:30 DEBUG 11684 --- [http-nio-10000-exec-7] org.hibernate.SQL                        : 
    select
        u1_0.id,
        u1_0.bio,
        u1_0.completed_jobs,
        u1_0.country,
        u1_0.created_at,
        u1_0.email,
        u1_0.email_verification_token,
        u1_0.email_verification_token_expiry,
        u1_0.email_verified,
        u1_0.hourly_rate,
        u1_0.name,
        u1_0.password,
        u1_0.phone,
        u1_0.profile_picture,
        u1_0.rating,
        u1_0.role,
        u1_0.skills 
    from
        users u1_0 
    where
        u1_0.email=?
2026-02-17T09:34:55.273+05:30 DEBUG 11684 --- [http-nio-10000-exec-7] org.hibernate.SQL                        : 
    select
        u1_0.id,
        u1_0.bio,
        u1_0.completed_jobs,
        u1_0.country,
        u1_0.created_at,
        u1_0.email,
        u1_0.email_verification_token,
        u1_0.email_verification_token_expiry,
        u1_0.email_verified,
        u1_0.hourly_rate,
        u1_0.name,
        u1_0.password,
        u1_0.phone,
        u1_0.profile_picture,
        u1_0.rating,
        u1_0.role,
        u1_0.skills 
    from
        users u1_0 
    where
        u1_0.email=?
2026-02-17T09:34:55.280+05:30 DEBUG 11684 --- [http-nio-10000-exec-7] org.hibernate.SQL                        : 
    select
        j1_0.id,
        j1_0.freelancer_id,
        j1_0.budget,
        j1_0.client_id,
        j1_0.created_at,
        j1_0.deadline,
        j1_0.description,
        j1_0.estimated_duration,
        j1_0.skills_required,
        j1_0.status,
        j1_0.title,
        j1_0.type 
    from
        jobs j1_0 
    where
        j1_0.id=?
2026-02-17T09:34:55.285+05:30 DEBUG 11684 --- [http-nio-10000-exec-7] org.hibernate.SQL                        : 
    select
        c1_0.id,
        c1_0.amount_in_escrow,
        c1_0.amount_paid_to_freelancer,
        c1_0.cancellation_reason,
        c1_0.cancelled_at,
        c1_0.client_id,
        c1_0.client_rating,
        c1_0.client_review,
        c1_0.completed_at,
        c1_0.created_at,
        c1_0.deadline,
        c1_0.description,
        c1_0.due_date,
        c1_0.end_date,
        c1_0.escrow_funded,
        c1_0.escrow_funded_at,
        c1_0.freelancer_id,
        c1_0.freelancer_earnings,
        c1_0.freelancer_rating,
        c1_0.freelancer_review,
        c1_0.job_id,
        c1_0.platform_fee,
        c1_0.proposal_id,
        p1_0.id,
        p1_0.client_message,
        p1_0.cover_letter,
        p1_0.estimated_days,
        p1_0.freelancer_id,
        p1_0.job_id,
        p1_0.proposed_price,
        p1_0.responded_at,
        p1_0.status,
        p1_0.submitted_at,
        c1_0.protection_period,
        c1_0.start_date,
        c1_0.status,
        c1_0.title,
        c1_0.total_amount 
    from
        contracts c1_0 
    join
        proposals p1_0 
            on p1_0.id=c1_0.proposal_id 
    where
        c1_0.job_id=?
2026-02-17T09:34:55.307+05:30 DEBUG 11684 --- [http-nio-10000-exec-7] org.hibernate.SQL                        : 
    select
        p1_0.id,
        p1_0.client_message,
        p1_0.cover_letter,
        p1_0.estimated_days,
        p1_0.freelancer_id,
        p1_0.job_id,
        p1_0.proposed_price,
        p1_0.responded_at,
        p1_0.status,
        p1_0.submitted_at 
    from
        proposals p1_0 
    where
        p1_0.job_id=? 
        and p1_0.freelancer_id=?
2026-02-17T09:34:55.351+05:30 DEBUG 11684 --- [http-nio-10000-exec-7] .m.m.a.ExceptionHandlerExceptionResolver : Using @ExceptionHandler com.marketplace.exception.GlobalExceptionHandler#handleRuntimeException(RuntimeException)
2026-02-17T09:34:55.376+05:30 DEBUG 11684 --- [http-nio-10000-exec-7] o.s.w.s.m.m.a.HttpEntityMethodProcessor  : Using 'application/json', given [application/json, text/plain, */*] and supported [application/json, application/*+json, application/yaml]
2026-02-17T09:34:55.378+05:30 DEBUG 11684 --- [http-nio-10000-exec-7] o.s.w.s.m.m.a.HttpEntityMethodProcessor  : Writing [com.marketplace.exception.ErrorResponse@661de564]
2026-02-17T09:34:55.383+05:30 DEBUG 11684 --- [http-nio-10000-exec-7] .m.m.a.ExceptionHandlerExceptionResolver : Resolved [java.lang.RuntimeException: You have already submitted a proposal for this job]
2026-02-17T09:34:55.383+05:30 DEBUG 11684 --- [http-nio-10000-exec-7] o.s.web.servlet.DispatcherServlet        : Completed 400 BAD_REQUEST
2026-02-17T09:35:10.974+05:30 DEBUG 11684 --- [http-nio-10000-exec-8] o.s.security.web.FilterChainProxy        : Securing GET /api/jobs/open
2026-02-17T09:35:10.976+05:30 DEBUG 11684 --- [http-nio-10000-exec-8] o.s.s.w.a.AnonymousAuthenticationFilter  : Set SecurityContextHolder to anonymous SecurityContext
2026-02-17T09:35:10.978+05:30 DEBUG 11684 --- [http-nio-10000-exec-8] o.s.security.web.FilterChainProxy        : Secured GET /api/jobs/open
2026-02-17T09:35:10.978+05:30 DEBUG 11684 --- [http-nio-10000-exec-8] o.s.web.servlet.DispatcherServlet        : GET "/api/jobs/open", parameters={}
2026-02-17T09:35:10.979+05:30 DEBUG 11684 --- [http-nio-10000-exec-8] s.w.s.m.m.a.RequestMappingHandlerMapping : Mapped to com.marketplace.job.JobController#getOpenJobs()
2026-02-17T09:35:10.986+05:30 DEBUG 11684 --- [http-nio-10000-exec-8] org.hibernate.SQL                        : 
    select
        j1_0.id,
        j1_0.freelancer_id,
        j1_0.budget,
        j1_0.client_id,
        j1_0.created_at,
        j1_0.deadline,
        j1_0.description,
        j1_0.estimated_duration,
        j1_0.skills_required,
        j1_0.status,
        j1_0.title,
        j1_0.type 
    from
        jobs j1_0 
    where
        j1_0.status=? 
    order by
        j1_0.created_at desc
2026-02-17T09:35:10.992+05:30 DEBUG 11684 --- [http-nio-10000-exec-8] org.hibernate.SQL                        : 
    select
        c1_0.id,
        c1_0.amount_in_escrow,
        c1_0.amount_paid_to_freelancer,
        c1_0.cancellation_reason,
        c1_0.cancelled_at,
        c1_0.client_id,
        c1_0.client_rating,
        c1_0.client_review,
        c1_0.completed_at,
        c1_0.created_at,
        c1_0.deadline,
        c1_0.description,
        c1_0.due_date,
        c1_0.end_date,
        c1_0.escrow_funded,
        c1_0.escrow_funded_at,
        c1_0.freelancer_id,
        c1_0.freelancer_earnings,
        c1_0.freelancer_rating,
        c1_0.freelancer_review,
        c1_0.job_id,
        c1_0.platform_fee,
        c1_0.proposal_id,
        p1_0.id,
        p1_0.client_message,
        p1_0.cover_letter,
        p1_0.estimated_days,
        p1_0.freelancer_id,
        p1_0.job_id,
        p1_0.proposed_price,
        p1_0.responded_at,
        p1_0.status,
        p1_0.submitted_at,
        c1_0.protection_period,
        c1_0.start_date,
        c1_0.status,
        c1_0.title,
        c1_0.total_amount 
    from
        contracts c1_0 
    join
        proposals p1_0 
            on p1_0.id=c1_0.proposal_id 
    where
        c1_0.job_id=?
2026-02-17T09:35:10.996+05:30 DEBUG 11684 --- [http-nio-10000-exec-8] org.hibernate.SQL                        : 
    select
        c1_0.id,
        c1_0.amount_in_escrow,
        c1_0.amount_paid_to_freelancer,
        c1_0.cancellation_reason,
        c1_0.cancelled_at,
        c1_0.client_id,
        c1_0.client_rating,
        c1_0.client_review,
        c1_0.completed_at,
        c1_0.created_at,
        c1_0.deadline,
        c1_0.description,
        c1_0.due_date,
        c1_0.end_date,
        c1_0.escrow_funded,
        c1_0.escrow_funded_at,
        c1_0.freelancer_id,
        c1_0.freelancer_earnings,
        c1_0.freelancer_rating,
        c1_0.freelancer_review,
        c1_0.job_id,
        c1_0.platform_fee,
        c1_0.proposal_id,
        p1_0.id,
        p1_0.client_message,
        p1_0.cover_letter,
        p1_0.estimated_days,
        p1_0.freelancer_id,
        p1_0.job_id,
        p1_0.proposed_price,
        p1_0.responded_at,
        p1_0.status,
        p1_0.submitted_at,
        c1_0.protection_period,
        c1_0.start_date,
        c1_0.status,
        c1_0.title,
        c1_0.total_amount 
    from
        contracts c1_0 
    join
        proposals p1_0 
            on p1_0.id=c1_0.proposal_id 
    where
        c1_0.job_id=?
2026-02-17T09:35:10.999+05:30 DEBUG 11684 --- [http-nio-10000-exec-8] org.hibernate.SQL                        : 
    select
        c1_0.id,
        c1_0.amount_in_escrow,
        c1_0.amount_paid_to_freelancer,
        c1_0.cancellation_reason,
        c1_0.cancelled_at,
        c1_0.client_id,
        c1_0.client_rating,
        c1_0.client_review,
        c1_0.completed_at,
        c1_0.created_at,
        c1_0.deadline,
        c1_0.description,
        c1_0.due_date,
        c1_0.end_date,
        c1_0.escrow_funded,
        c1_0.escrow_funded_at,
        c1_0.freelancer_id,
        c1_0.freelancer_earnings,
        c1_0.freelancer_rating,
        c1_0.freelancer_review,
        c1_0.job_id,
        c1_0.platform_fee,
        c1_0.proposal_id,
        p1_0.id,
        p1_0.client_message,
        p1_0.cover_letter,
        p1_0.estimated_days,
        p1_0.freelancer_id,
        p1_0.job_id,
        p1_0.proposed_price,
        p1_0.responded_at,
        p1_0.status,
        p1_0.submitted_at,
        c1_0.protection_period,
        c1_0.start_date,
        c1_0.status,
        c1_0.title,
        c1_0.total_amount 
    from
        contracts c1_0 
    join
        proposals p1_0 
            on p1_0.id=c1_0.proposal_id 
    where
        c1_0.job_id=?
2026-02-17T09:35:11.004+05:30 DEBUG 11684 --- [http-nio-10000-exec-8] org.hibernate.SQL                        : 
    select
        c1_0.id,
        c1_0.amount_in_escrow,
        c1_0.amount_paid_to_freelancer,
        c1_0.cancellation_reason,
        c1_0.cancelled_at,
        c1_0.client_id,
        c1_0.client_rating,
        c1_0.client_review,
        c1_0.completed_at,
        c1_0.created_at,
        c1_0.deadline,
        c1_0.description,
        c1_0.due_date,
        c1_0.end_date,
        c1_0.escrow_funded,
        c1_0.escrow_funded_at,
        c1_0.freelancer_id,
        c1_0.freelancer_earnings,
        c1_0.freelancer_rating,
        c1_0.freelancer_review,
        c1_0.job_id,
        c1_0.platform_fee,
        c1_0.proposal_id,
        p1_0.id,
        p1_0.client_message,
        p1_0.cover_letter,
        p1_0.estimated_days,
        p1_0.freelancer_id,
        p1_0.job_id,
        p1_0.proposed_price,
        p1_0.responded_at,
        p1_0.status,
        p1_0.submitted_at,
        c1_0.protection_period,
        c1_0.start_date,
        c1_0.status,
        c1_0.title,
        c1_0.total_amount 
    from
        contracts c1_0 
    join
        proposals p1_0 
            on p1_0.id=c1_0.proposal_id 
    where
        c1_0.job_id=?
2026-02-17T09:35:11.007+05:30 DEBUG 11684 --- [http-nio-10000-exec-8] org.hibernate.SQL                        : 
    select
        u1_0.id,
        u1_0.bio,
        u1_0.completed_jobs,
        u1_0.country,
        u1_0.created_at,
        u1_0.email,
        u1_0.email_verification_token,
        u1_0.email_verification_token_expiry,
        u1_0.email_verified,
        u1_0.hourly_rate,
        u1_0.name,
        u1_0.password,
        u1_0.phone,
        u1_0.profile_picture,
        u1_0.rating,
        u1_0.role,
        u1_0.skills 
    from
        users u1_0 
    where
        u1_0.id=?
2026-02-17T09:35:11.011+05:30 DEBUG 11684 --- [http-nio-10000-exec-8] org.hibernate.SQL                        : 
    select
        u1_0.id,
        u1_0.bio,
        u1_0.completed_jobs,
        u1_0.country,
        u1_0.created_at,
        u1_0.email,
        u1_0.email_verification_token,
        u1_0.email_verification_token_expiry,
        u1_0.email_verified,
        u1_0.hourly_rate,
        u1_0.name,
        u1_0.password,
        u1_0.phone,
        u1_0.profile_picture,
        u1_0.rating,
        u1_0.role,
        u1_0.skills 
    from
        users u1_0 
    where
        u1_0.id=?
2026-02-17T09:35:11.013+05:30 DEBUG 11684 --- [http-nio-10000-exec-8] org.hibernate.SQL                        : 
    select
        u1_0.id,
        u1_0.bio,
        u1_0.completed_jobs,
        u1_0.country,
        u1_0.created_at,
        u1_0.email,
        u1_0.email_verification_token,
        u1_0.email_verification_token_expiry,
        u1_0.email_verified,
        u1_0.hourly_rate,
        u1_0.name,
        u1_0.password,
        u1_0.phone,
        u1_0.profile_picture,
        u1_0.rating,
        u1_0.role,
        u1_0.skills 
    from
        users u1_0 
    where
        u1_0.id=?
2026-02-17T09:35:11.020+05:30 DEBUG 11684 --- [http-nio-10000-exec-8] o.s.w.s.m.m.a.HttpEntityMethodProcessor  : Using 'application/json', given [application/json, text/plain, */*] and supported [application/json, application/*+json, application/yaml]
2026-02-17T09:35:11.021+05:30 DEBUG 11684 --- [http-nio-10000-exec-8] o.s.w.s.m.m.a.HttpEntityMethodProcessor  : Writing [[com.marketplace.job.JobResponseDTO@7147ec18, com.marketplace.job.JobResponseDTO@5538163f, com.marke (truncated)...]
2026-02-17T09:35:11.023+05:30 DEBUG 11684 --- [http-nio-10000-exec-8] o.s.web.servlet.DispatcherServlet        : Completed 200 OK
2026-02-17T09:35:11.053+05:30 DEBUG 11684 --- [http-nio-10000-exec-9] o.s.security.web.FilterChainProxy        : Securing GET /api/proposals/my-proposals
2026-02-17T09:35:11.059+05:30 DEBUG 11684 --- [http-nio-10000-exec-9] org.hibernate.SQL                        : 
    select
        u1_0.id,
        u1_0.bio,
        u1_0.completed_jobs,
        u1_0.country,
        u1_0.created_at,
        u1_0.email,
        u1_0.email_verification_token,
        u1_0.email_verification_token_expiry,
        u1_0.email_verified,
        u1_0.hourly_rate,
        u1_0.name,
        u1_0.password,
        u1_0.phone,
        u1_0.profile_picture,
        u1_0.rating,
        u1_0.role,
        u1_0.skills 
    from
        users u1_0 
    where
        u1_0.email=?
2026-02-17T09:35:11.069+05:30 DEBUG 11684 --- [http-nio-10000-exec-9] o.s.security.web.FilterChainProxy        : Secured GET /api/proposals/my-proposals
2026-02-17T09:35:11.070+05:30 DEBUG 11684 --- [http-nio-10000-exec-9] o.s.web.servlet.DispatcherServlet        : GET "/api/proposals/my-proposals", parameters={}
2026-02-17T09:35:11.070+05:30 DEBUG 11684 --- [http-nio-10000-exec-9] s.w.s.m.m.a.RequestMappingHandlerMapping : Mapped to com.marketplace.proposal.ProposalController#getMyProposals()
2026-02-17T09:35:11.073+05:30 DEBUG 11684 --- [http-nio-10000-exec-9] org.hibernate.SQL                        : 
    select
        u1_0.id,
        u1_0.bio,
        u1_0.completed_jobs,
        u1_0.country,
        u1_0.created_at,
        u1_0.email,
        u1_0.email_verification_token,
        u1_0.email_verification_token_expiry,
        u1_0.email_verified,
        u1_0.hourly_rate,
        u1_0.name,
        u1_0.password,
        u1_0.phone,
        u1_0.profile_picture,
        u1_0.rating,
        u1_0.role,
        u1_0.skills 
    from
        users u1_0 
    where
        u1_0.email=?
2026-02-17T09:35:11.078+05:30 DEBUG 11684 --- [http-nio-10000-exec-9] org.hibernate.SQL                        : 
    select
        u1_0.id,
        u1_0.bio,
        u1_0.completed_jobs,
        u1_0.country,
        u1_0.created_at,
        u1_0.email,
        u1_0.email_verification_token,
        u1_0.email_verification_token_expiry,
        u1_0.email_verified,
        u1_0.hourly_rate,
        u1_0.name,
        u1_0.password,
        u1_0.phone,
        u1_0.profile_picture,
        u1_0.rating,
        u1_0.role,
        u1_0.skills 
    from
        users u1_0 
    where
        u1_0.email=?
2026-02-17T09:35:11.087+05:30 DEBUG 11684 --- [http-nio-10000-exec-9] org.hibernate.SQL                        : 
    select
        p1_0.id,
        p1_0.client_message,
        p1_0.cover_letter,
        p1_0.estimated_days,
        p1_0.freelancer_id,
        p1_0.job_id,
        p1_0.proposed_price,
        p1_0.responded_at,
        p1_0.status,
        p1_0.submitted_at 
    from
        proposals p1_0 
    where
        p1_0.freelancer_id=?
2026-02-17T09:35:11.092+05:30 DEBUG 11684 --- [http-nio-10000-exec-9] org.hibernate.SQL                        : 
    select
        j1_0.id,
        j1_0.freelancer_id,
        j1_0.budget,
        j1_0.client_id,
        j1_0.created_at,
        j1_0.deadline,
        j1_0.description,
        j1_0.estimated_duration,
        j1_0.skills_required,
        j1_0.status,
        j1_0.title,
        j1_0.type 
    from
        jobs j1_0 
    where
        j1_0.id=?
2026-02-17T09:35:11.094+05:30 DEBUG 11684 --- [http-nio-10000-exec-9] org.hibernate.SQL                        : 
    select
        c1_0.id,
        c1_0.amount_in_escrow,
        c1_0.amount_paid_to_freelancer,
        c1_0.cancellation_reason,
        c1_0.cancelled_at,
        c1_0.client_id,
        c1_0.client_rating,
        c1_0.client_review,
        c1_0.completed_at,
        c1_0.created_at,
        c1_0.deadline,
        c1_0.description,
        c1_0.due_date,
        c1_0.end_date,
        c1_0.escrow_funded,
        c1_0.escrow_funded_at,
        c1_0.freelancer_id,
        c1_0.freelancer_earnings,
        c1_0.freelancer_rating,
        c1_0.freelancer_review,
        c1_0.job_id,
        c1_0.platform_fee,
        c1_0.proposal_id,
        p1_0.id,
        p1_0.client_message,
        p1_0.cover_letter,
        p1_0.estimated_days,
        p1_0.freelancer_id,
        p1_0.job_id,
        p1_0.proposed_price,
        p1_0.responded_at,
        p1_0.status,
        p1_0.submitted_at,
        c1_0.protection_period,
        c1_0.start_date,
        c1_0.status,
        c1_0.title,
        c1_0.total_amount 
    from
        contracts c1_0 
    join
        proposals p1_0 
            on p1_0.id=c1_0.proposal_id 
    where
        c1_0.job_id=?
2026-02-17T09:35:11.099+05:30 DEBUG 11684 --- [http-nio-10000-exec-9] org.hibernate.SQL                        : 
    select
        j1_0.id,
        j1_0.freelancer_id,
        j1_0.budget,
        j1_0.client_id,
        j1_0.created_at,
        j1_0.deadline,
        j1_0.description,
        j1_0.estimated_duration,
        j1_0.skills_required,
        j1_0.status,
        j1_0.title,
        j1_0.type 
    from
        jobs j1_0 
    where
        j1_0.id=?
2026-02-17T09:35:11.101+05:30 DEBUG 11684 --- [http-nio-10000-exec-9] org.hibernate.SQL                        : 
    select
        c1_0.id,
        c1_0.amount_in_escrow,
        c1_0.amount_paid_to_freelancer,
        c1_0.cancellation_reason,
        c1_0.cancelled_at,
        c1_0.client_id,
        c1_0.client_rating,
        c1_0.client_review,
        c1_0.completed_at,
        c1_0.created_at,
        c1_0.deadline,
        c1_0.description,
        c1_0.due_date,
        c1_0.end_date,
        c1_0.escrow_funded,
        c1_0.escrow_funded_at,
        c1_0.freelancer_id,
        c1_0.freelancer_earnings,
        c1_0.freelancer_rating,
        c1_0.freelancer_review,
        c1_0.job_id,
        c1_0.platform_fee,
        c1_0.proposal_id,
        p1_0.id,
        p1_0.client_message,
        p1_0.cover_letter,
        p1_0.estimated_days,
        p1_0.freelancer_id,
        p1_0.job_id,
        p1_0.proposed_price,
        p1_0.responded_at,
        p1_0.status,
        p1_0.submitted_at,
        c1_0.protection_period,
        c1_0.start_date,
        c1_0.status,
        c1_0.title,
        c1_0.total_amount 
    from
        contracts c1_0 
    join
        proposals p1_0 
            on p1_0.id=c1_0.proposal_id 
    where
        c1_0.job_id=?
2026-02-17T09:35:11.105+05:30 DEBUG 11684 --- [http-nio-10000-exec-9] org.hibernate.SQL                        : 
    select
        j1_0.id,
        j1_0.freelancer_id,
        j1_0.budget,
        j1_0.client_id,
        j1_0.created_at,
        j1_0.deadline,
        j1_0.description,
        j1_0.estimated_duration,
        j1_0.skills_required,
        j1_0.status,
        j1_0.title,
        j1_0.type 
    from
        jobs j1_0 
    where
        j1_0.id=?
2026-02-17T09:35:11.107+05:30 DEBUG 11684 --- [http-nio-10000-exec-9] org.hibernate.SQL                        : 
    select
        c1_0.id,
        c1_0.amount_in_escrow,
        c1_0.amount_paid_to_freelancer,
        c1_0.cancellation_reason,
        c1_0.cancelled_at,
        c1_0.client_id,
        c1_0.client_rating,
        c1_0.client_review,
        c1_0.completed_at,
        c1_0.created_at,
        c1_0.deadline,
        c1_0.description,
        c1_0.due_date,
        c1_0.end_date,
        c1_0.escrow_funded,
        c1_0.escrow_funded_at,
        c1_0.freelancer_id,
        c1_0.freelancer_earnings,
        c1_0.freelancer_rating,
        c1_0.freelancer_review,
        c1_0.job_id,
        c1_0.platform_fee,
        c1_0.proposal_id,
        p1_0.id,
        p1_0.client_message,
        p1_0.cover_letter,
        p1_0.estimated_days,
        p1_0.freelancer_id,
        p1_0.job_id,
        p1_0.proposed_price,
        p1_0.responded_at,
        p1_0.status,
        p1_0.submitted_at,
        c1_0.protection_period,
        c1_0.start_date,
        c1_0.status,
        c1_0.title,
        c1_0.total_amount 
    from
        contracts c1_0 
    join
        proposals p1_0 
            on p1_0.id=c1_0.proposal_id 
    where
        c1_0.job_id=?
2026-02-17T09:35:11.111+05:30 DEBUG 11684 --- [http-nio-10000-exec-9] org.hibernate.SQL                        : 
    select
        j1_0.id,
        j1_0.freelancer_id,
        j1_0.budget,
        j1_0.client_id,
        j1_0.created_at,
        j1_0.deadline,
        j1_0.description,
        j1_0.estimated_duration,
        j1_0.skills_required,
        j1_0.status,
        j1_0.title,
        j1_0.type 
    from
        jobs j1_0 
    where
        j1_0.id=?
2026-02-17T09:35:11.115+05:30 DEBUG 11684 --- [http-nio-10000-exec-9] org.hibernate.SQL                        : 
    select
        c1_0.id,
        c1_0.amount_in_escrow,
        c1_0.amount_paid_to_freelancer,
        c1_0.cancellation_reason,
        c1_0.cancelled_at,
        c1_0.client_id,
        c1_0.client_rating,
        c1_0.client_review,
        c1_0.completed_at,
        c1_0.created_at,
        c1_0.deadline,
        c1_0.description,
        c1_0.due_date,
        c1_0.end_date,
        c1_0.escrow_funded,
        c1_0.escrow_funded_at,
        c1_0.freelancer_id,
        c1_0.freelancer_earnings,
        c1_0.freelancer_rating,
        c1_0.freelancer_review,
        c1_0.job_id,
        c1_0.platform_fee,
        c1_0.proposal_id,
        p1_0.id,
        p1_0.client_message,
        p1_0.cover_letter,
        p1_0.estimated_days,
        p1_0.freelancer_id,
        p1_0.job_id,
        p1_0.proposed_price,
        p1_0.responded_at,
        p1_0.status,
        p1_0.submitted_at,
        c1_0.protection_period,
        c1_0.start_date,
        c1_0.status,
        c1_0.title,
        c1_0.total_amount 
    from
        contracts c1_0 
    join
        proposals p1_0 
            on p1_0.id=c1_0.proposal_id 
    where
        c1_0.job_id=?
2026-02-17T09:35:11.123+05:30 DEBUG 11684 --- [http-nio-10000-exec-9] o.s.w.s.m.m.a.HttpEntityMethodProcessor  : Using 'application/json', given [application/json, text/plain, */*] and supported [application/json, application/*+json, application/yaml]
2026-02-17T09:35:11.123+05:30 DEBUG 11684 --- [http-nio-10000-exec-9] o.s.w.s.m.m.a.HttpEntityMethodProcessor  : Writing [[com.marketplace.proposal.ProposalResponseDTO@6adadd64, com.marketplace.proposal.ProposalResponseDTO (truncated)...]
2026-02-17T09:35:11.125+05:30 DEBUG 11684 --- [http-nio-10000-exec-9] o.s.web.servlet.DispatcherServlet        : Completed 200 OK
2026-02-17T09:35:11.133+05:30 DEBUG 11684 --- [http-nio-10000-exec-10] o.s.security.web.FilterChainProxy        : Securing GET /api/contracts/my-contracts
2026-02-17T09:35:11.142+05:30 DEBUG 11684 --- [http-nio-10000-exec-10] org.hibernate.SQL                        : 
    select
        u1_0.id,
        u1_0.bio,
        u1_0.completed_jobs,
        u1_0.country,
        u1_0.created_at,
        u1_0.email,
        u1_0.email_verification_token,
        u1_0.email_verification_token_expiry,
        u1_0.email_verified,
        u1_0.hourly_rate,
        u1_0.name,
        u1_0.password,
        u1_0.phone,
        u1_0.profile_picture,
        u1_0.rating,
        u1_0.role,
        u1_0.skills 
    from
        users u1_0 
    where
        u1_0.email=?
2026-02-17T09:35:11.155+05:30 DEBUG 11684 --- [http-nio-10000-exec-10] o.s.security.web.FilterChainProxy        : Secured GET /api/contracts/my-contracts
2026-02-17T09:35:11.156+05:30 DEBUG 11684 --- [http-nio-10000-exec-10] o.s.web.servlet.DispatcherServlet        : GET "/api/contracts/my-contracts", parameters={}
2026-02-17T09:35:11.157+05:30 DEBUG 11684 --- [http-nio-10000-exec-10] s.w.s.m.m.a.RequestMappingHandlerMapping : Mapped to com.marketplace.contract.ContractController#getMyContracts()
2026-02-17T09:35:11.162+05:30 DEBUG 11684 --- [http-nio-10000-exec-10] org.hibernate.SQL                        : 
    select
        u1_0.id,
        u1_0.bio,
        u1_0.completed_jobs,
        u1_0.country,
        u1_0.created_at,
        u1_0.email,
        u1_0.email_verification_token,
        u1_0.email_verification_token_expiry,
        u1_0.email_verified,
        u1_0.hourly_rate,
        u1_0.name,
        u1_0.password,
        u1_0.phone,
        u1_0.profile_picture,
        u1_0.rating,
        u1_0.role,
        u1_0.skills 
    from
        users u1_0 
    where
        u1_0.email=?
2026-02-17T09:35:11.172+05:30 DEBUG 11684 --- [http-nio-10000-exec-10] org.hibernate.SQL                        : 
    select
        c1_0.id,
        c1_0.amount_in_escrow,
        c1_0.amount_paid_to_freelancer,
        c1_0.cancellation_reason,
        c1_0.cancelled_at,
        c1_0.client_id,
        c1_0.client_rating,
        c1_0.client_review,
        c1_0.completed_at,
        c1_0.created_at,
        c1_0.deadline,
        c1_0.description,
        c1_0.due_date,
        c1_0.end_date,
        c1_0.escrow_funded,
        c1_0.escrow_funded_at,
        c1_0.freelancer_id,
        c1_0.freelancer_earnings,
        c1_0.freelancer_rating,
        c1_0.freelancer_review,
        c1_0.job_id,
        c1_0.platform_fee,
        c1_0.proposal_id,
        c1_0.protection_period,
        c1_0.start_date,
        c1_0.status,
        c1_0.title,
        c1_0.total_amount 
    from
        contracts c1_0 
    where
        c1_0.client_id=?
2026-02-17T09:35:11.177+05:30 DEBUG 11684 --- [http-nio-10000-exec-10] org.hibernate.SQL                        : 
    select
        c1_0.id,
        c1_0.amount_in_escrow,
        c1_0.amount_paid_to_freelancer,
        c1_0.cancellation_reason,
        c1_0.cancelled_at,
        c1_0.client_id,
        c1_0.client_rating,
        c1_0.client_review,
        c1_0.completed_at,
        c1_0.created_at,
        c1_0.deadline,
        c1_0.description,
        c1_0.due_date,
        c1_0.end_date,
        c1_0.escrow_funded,
        c1_0.escrow_funded_at,
        c1_0.freelancer_id,
        c1_0.freelancer_earnings,
        c1_0.freelancer_rating,
        c1_0.freelancer_review,
        c1_0.job_id,
        c1_0.platform_fee,
        c1_0.proposal_id,
        c1_0.protection_period,
        c1_0.start_date,
        c1_0.status,
        c1_0.title,
        c1_0.total_amount 
    from
        contracts c1_0 
    where
        c1_0.freelancer_id=?
2026-02-17T09:35:11.182+05:30 DEBUG 11684 --- [http-nio-10000-exec-10] org.hibernate.SQL                        : 
    select
        p1_0.id,
        p1_0.client_message,
        p1_0.cover_letter,
        p1_0.estimated_days,
        p1_0.freelancer_id,
        p1_0.job_id,
        p1_0.proposed_price,
        p1_0.responded_at,
        p1_0.status,
        p1_0.submitted_at 
    from
        proposals p1_0 
    where
        p1_0.id=?
2026-02-17T09:35:11.186+05:30 DEBUG 11684 --- [http-nio-10000-exec-10] org.hibernate.SQL                        : 
    select
        p1_0.id,
        p1_0.client_message,
        p1_0.cover_letter,
        p1_0.estimated_days,
        p1_0.freelancer_id,
        p1_0.job_id,
        p1_0.proposed_price,
        p1_0.responded_at,
        p1_0.status,
        p1_0.submitted_at 
    from
        proposals p1_0 
    where
        p1_0.id=?
2026-02-17T09:35:11.189+05:30 DEBUG 11684 --- [http-nio-10000-exec-10] org.hibernate.SQL                        : 
    select
        j1_0.id,
        j1_0.freelancer_id,
        j1_0.budget,
        j1_0.client_id,
        j1_0.created_at,
        j1_0.deadline,
        j1_0.description,
        j1_0.estimated_duration,
        j1_0.skills_required,
        j1_0.status,
        j1_0.title,
        j1_0.type 
    from
        jobs j1_0 
    where
        j1_0.id=?
2026-02-17T09:35:11.191+05:30 DEBUG 11684 --- [http-nio-10000-exec-10] org.hibernate.SQL                        : 
    select
        u1_0.id,
        u1_0.bio,
        u1_0.completed_jobs,
        u1_0.country,
        u1_0.created_at,
        u1_0.email,
        u1_0.email_verification_token,
        u1_0.email_verification_token_expiry,
        u1_0.email_verified,
        u1_0.hourly_rate,
        u1_0.name,
        u1_0.password,
        u1_0.phone,
        u1_0.profile_picture,
        u1_0.rating,
        u1_0.role,
        u1_0.skills 
    from
        users u1_0 
    where
        u1_0.id=?
2026-02-17T09:35:11.195+05:30 DEBUG 11684 --- [http-nio-10000-exec-10] org.hibernate.SQL                        : 
    select
        j1_0.id,
        j1_0.freelancer_id,
        j1_0.budget,
        j1_0.client_id,
        j1_0.created_at,
        j1_0.deadline,
        j1_0.description,
        j1_0.estimated_duration,
        j1_0.skills_required,
        j1_0.status,
        j1_0.title,
        j1_0.type 
    from
        jobs j1_0 
    where
        j1_0.id=?
2026-02-17T09:35:11.201+05:30 DEBUG 11684 --- [http-nio-10000-exec-10] o.s.w.s.m.m.a.HttpEntityMethodProcessor  : Using 'application/json', given [application/json, text/plain, */*] and supported [application/json, application/*+json, application/yaml]
2026-02-17T09:35:11.201+05:30 DEBUG 11684 --- [http-nio-10000-exec-10] o.s.w.s.m.m.a.HttpEntityMethodProcessor  : Writing [[com.marketplace.contract.ContractResponseDTO@25328223, com.marketplace.contract.ContractResponseDTO (truncated)...]
2026-02-17T09:35:11.203+05:30 DEBUG 11684 --- [http-nio-10000-exec-10] o.s.web.servlet.DispatcherServlet        : Completed 200 OK
2026-02-17T09:35:18.629+05:30 DEBUG 11684 --- [http-nio-10000-exec-1] o.s.security.web.FilterChainProxy        : Securing GET /api/jobs/open
2026-02-17T09:35:18.630+05:30 DEBUG 11684 --- [http-nio-10000-exec-1] o.s.s.w.a.AnonymousAuthenticationFilter  : Set SecurityContextHolder to anonymous SecurityContext
2026-02-17T09:35:18.632+05:30 DEBUG 11684 --- [http-nio-10000-exec-1] o.s.security.web.FilterChainProxy        : Secured GET /api/jobs/open
2026-02-17T09:35:18.634+05:30 DEBUG 11684 --- [http-nio-10000-exec-1] o.s.web.servlet.DispatcherServlet        : GET "/api/jobs/open", parameters={}
2026-02-17T09:35:18.635+05:30 DEBUG 11684 --- [http-nio-10000-exec-1] s.w.s.m.m.a.RequestMappingHandlerMapping : Mapped to com.marketplace.job.JobController#getOpenJobs()
2026-02-17T09:35:18.642+05:30 DEBUG 11684 --- [http-nio-10000-exec-1] org.hibernate.SQL                        : 
    select
        j1_0.id,
        j1_0.freelancer_id,
        j1_0.budget,
        j1_0.client_id,
        j1_0.created_at,
        j1_0.deadline,
        j1_0.description,
        j1_0.estimated_duration,
        j1_0.skills_required,
        j1_0.status,
        j1_0.title,
        j1_0.type 
    from
        jobs j1_0 
    where
        j1_0.status=? 
    order by
        j1_0.created_at desc
2026-02-17T09:35:18.645+05:30 DEBUG 11684 --- [http-nio-10000-exec-1] org.hibernate.SQL                        : 
    select
        c1_0.id,
        c1_0.amount_in_escrow,
        c1_0.amount_paid_to_freelancer,
        c1_0.cancellation_reason,
        c1_0.cancelled_at,
        c1_0.client_id,
        c1_0.client_rating,
        c1_0.client_review,
        c1_0.completed_at,
        c1_0.created_at,
        c1_0.deadline,
        c1_0.description,
        c1_0.due_date,
        c1_0.end_date,
        c1_0.escrow_funded,
        c1_0.escrow_funded_at,
        c1_0.freelancer_id,
        c1_0.freelancer_earnings,
        c1_0.freelancer_rating,
        c1_0.freelancer_review,
        c1_0.job_id,
        c1_0.platform_fee,
        c1_0.proposal_id,
        p1_0.id,
        p1_0.client_message,
        p1_0.cover_letter,
        p1_0.estimated_days,
        p1_0.freelancer_id,
        p1_0.job_id,
        p1_0.proposed_price,
        p1_0.responded_at,
        p1_0.status,
        p1_0.submitted_at,
        c1_0.protection_period,
        c1_0.start_date,
        c1_0.status,
        c1_0.title,
        c1_0.total_amount 
    from
        contracts c1_0 
    join
        proposals p1_0 
            on p1_0.id=c1_0.proposal_id 
    where
        c1_0.job_id=?
2026-02-17T09:35:18.648+05:30 DEBUG 11684 --- [http-nio-10000-exec-1] org.hibernate.SQL                        : 
    select
        c1_0.id,
        c1_0.amount_in_escrow,
        c1_0.amount_paid_to_freelancer,
        c1_0.cancellation_reason,
        c1_0.cancelled_at,
        c1_0.client_id,
        c1_0.client_rating,
        c1_0.client_review,
        c1_0.completed_at,
        c1_0.created_at,
        c1_0.deadline,
        c1_0.description,
        c1_0.due_date,
        c1_0.end_date,
        c1_0.escrow_funded,
        c1_0.escrow_funded_at,
        c1_0.freelancer_id,
        c1_0.freelancer_earnings,
        c1_0.freelancer_rating,
        c1_0.freelancer_review,
        c1_0.job_id,
        c1_0.platform_fee,
        c1_0.proposal_id,
        p1_0.id,
        p1_0.client_message,
        p1_0.cover_letter,
        p1_0.estimated_days,
        p1_0.freelancer_id,
        p1_0.job_id,
        p1_0.proposed_price,
        p1_0.responded_at,
        p1_0.status,
        p1_0.submitted_at,
        c1_0.protection_period,
        c1_0.start_date,
        c1_0.status,
        c1_0.title,
        c1_0.total_amount 
    from
        contracts c1_0 
    join
        proposals p1_0 
            on p1_0.id=c1_0.proposal_id 
    where
        c1_0.job_id=?
2026-02-17T09:35:18.651+05:30 DEBUG 11684 --- [http-nio-10000-exec-1] org.hibernate.SQL                        : 
    select
        c1_0.id,
        c1_0.amount_in_escrow,
        c1_0.amount_paid_to_freelancer,
        c1_0.cancellation_reason,
        c1_0.cancelled_at,
        c1_0.client_id,
        c1_0.client_rating,
        c1_0.client_review,
        c1_0.completed_at,
        c1_0.created_at,
        c1_0.deadline,
        c1_0.description,
        c1_0.due_date,
        c1_0.end_date,
        c1_0.escrow_funded,
        c1_0.escrow_funded_at,
        c1_0.freelancer_id,
        c1_0.freelancer_earnings,
        c1_0.freelancer_rating,
        c1_0.freelancer_review,
        c1_0.job_id,
        c1_0.platform_fee,
        c1_0.proposal_id,
        p1_0.id,
        p1_0.client_message,
        p1_0.cover_letter,
        p1_0.estimated_days,
        p1_0.freelancer_id,
        p1_0.job_id,
        p1_0.proposed_price,
        p1_0.responded_at,
        p1_0.status,
        p1_0.submitted_at,
        c1_0.protection_period,
        c1_0.start_date,
        c1_0.status,
        c1_0.title,
        c1_0.total_amount 
    from
        contracts c1_0 
    join
        proposals p1_0 
            on p1_0.id=c1_0.proposal_id 
    where
        c1_0.job_id=?
2026-02-17T09:35:18.656+05:30 DEBUG 11684 --- [http-nio-10000-exec-1] org.hibernate.SQL                        : 
    select
        c1_0.id,
        c1_0.amount_in_escrow,
        c1_0.amount_paid_to_freelancer,
        c1_0.cancellation_reason,
        c1_0.cancelled_at,
        c1_0.client_id,
        c1_0.client_rating,
        c1_0.client_review,
        c1_0.completed_at,
        c1_0.created_at,
        c1_0.deadline,
        c1_0.description,
        c1_0.due_date,
        c1_0.end_date,
        c1_0.escrow_funded,
        c1_0.escrow_funded_at,
        c1_0.freelancer_id,
        c1_0.freelancer_earnings,
        c1_0.freelancer_rating,
        c1_0.freelancer_review,
        c1_0.job_id,
        c1_0.platform_fee,
        c1_0.proposal_id,
        p1_0.id,
        p1_0.client_message,
        p1_0.cover_letter,
        p1_0.estimated_days,
        p1_0.freelancer_id,
        p1_0.job_id,
        p1_0.proposed_price,
        p1_0.responded_at,
        p1_0.status,
        p1_0.submitted_at,
        c1_0.protection_period,
        c1_0.start_date,
        c1_0.status,
        c1_0.title,
        c1_0.total_amount 
    from
        contracts c1_0 
    join
        proposals p1_0 
            on p1_0.id=c1_0.proposal_id 
    where
        c1_0.job_id=?
2026-02-17T09:35:18.662+05:30 DEBUG 11684 --- [http-nio-10000-exec-1] org.hibernate.SQL                        : 
    select
        u1_0.id,
        u1_0.bio,
        u1_0.completed_jobs,
        u1_0.country,
        u1_0.created_at,
        u1_0.email,
        u1_0.email_verification_token,
        u1_0.email_verification_token_expiry,
        u1_0.email_verified,
        u1_0.hourly_rate,
        u1_0.name,
        u1_0.password,
        u1_0.phone,
        u1_0.profile_picture,
        u1_0.rating,
        u1_0.role,
        u1_0.skills 
    from
        users u1_0 
    where
        u1_0.id=?
2026-02-17T09:35:18.665+05:30 DEBUG 11684 --- [http-nio-10000-exec-1] org.hibernate.SQL                        : 
    select
        u1_0.id,
        u1_0.bio,
        u1_0.completed_jobs,
        u1_0.country,
        u1_0.created_at,
        u1_0.email,
        u1_0.email_verification_token,
        u1_0.email_verification_token_expiry,
        u1_0.email_verified,
        u1_0.hourly_rate,
        u1_0.name,
        u1_0.password,
        u1_0.phone,
        u1_0.profile_picture,
        u1_0.rating,
        u1_0.role,
        u1_0.skills 
    from
        users u1_0 
    where
        u1_0.id=?
2026-02-17T09:35:18.668+05:30 DEBUG 11684 --- [http-nio-10000-exec-1] org.hibernate.SQL                        : 
    select
        u1_0.id,
        u1_0.bio,
        u1_0.completed_jobs,
        u1_0.country,
        u1_0.created_at,
        u1_0.email,
        u1_0.email_verification_token,
        u1_0.email_verification_token_expiry,
        u1_0.email_verified,
        u1_0.hourly_rate,
        u1_0.name,
        u1_0.password,
        u1_0.phone,
        u1_0.profile_picture,
        u1_0.rating,
        u1_0.role,
        u1_0.skills 
    from
        users u1_0 
    where
        u1_0.id=?
2026-02-17T09:35:18.678+05:30 DEBUG 11684 --- [http-nio-10000-exec-1] o.s.w.s.m.m.a.HttpEntityMethodProcessor  : Using 'application/json', given [application/json, text/plain, */*] and supported [application/json, application/*+json, application/yaml]
2026-02-17T09:35:18.678+05:30 DEBUG 11684 --- [http-nio-10000-exec-1] o.s.w.s.m.m.a.HttpEntityMethodProcessor  : Writing [[com.marketplace.job.JobResponseDTO@20545c60, com.marketplace.job.JobResponseDTO@4263cd81, com.marke (truncated)...]
2026-02-17T09:35:18.681+05:30 DEBUG 11684 --- [http-nio-10000-exec-1] o.s.web.servlet.DispatcherServlet        : Completed 200 OK
2026-02-17T09:35:24.673+05:30 DEBUG 11684 --- [http-nio-10000-exec-2] o.s.security.web.FilterChainProxy        : Securing GET /api/jobs/open
2026-02-17T09:35:24.674+05:30 DEBUG 11684 --- [http-nio-10000-exec-2] o.s.s.w.a.AnonymousAuthenticationFilter  : Set SecurityContextHolder to anonymous SecurityContext
2026-02-17T09:35:24.676+05:30 DEBUG 11684 --- [http-nio-10000-exec-2] o.s.security.web.FilterChainProxy        : Secured GET /api/jobs/open
2026-02-17T09:35:24.676+05:30 DEBUG 11684 --- [http-nio-10000-exec-2] o.s.web.servlet.DispatcherServlet        : GET "/api/jobs/open", parameters={}
2026-02-17T09:35:24.677+05:30 DEBUG 11684 --- [http-nio-10000-exec-2] s.w.s.m.m.a.RequestMappingHandlerMapping : Mapped to com.marketplace.job.JobController#getOpenJobs()
2026-02-17T09:35:24.683+05:30 DEBUG 11684 --- [http-nio-10000-exec-2] org.hibernate.SQL                        : 
    select
        j1_0.id,
        j1_0.freelancer_id,
        j1_0.budget,
        j1_0.client_id,
        j1_0.created_at,
        j1_0.deadline,
        j1_0.description,
        j1_0.estimated_duration,
        j1_0.skills_required,
        j1_0.status,
        j1_0.title,
        j1_0.type 
    from
        jobs j1_0 
    where
        j1_0.status=? 
    order by
        j1_0.created_at desc
2026-02-17T09:35:24.686+05:30 DEBUG 11684 --- [http-nio-10000-exec-2] org.hibernate.SQL                        : 
    select
        c1_0.id,
        c1_0.amount_in_escrow,
        c1_0.amount_paid_to_freelancer,
        c1_0.cancellation_reason,
        c1_0.cancelled_at,
        c1_0.client_id,
        c1_0.client_rating,
        c1_0.client_review,
        c1_0.completed_at,
        c1_0.created_at,
        c1_0.deadline,
        c1_0.description,
        c1_0.due_date,
        c1_0.end_date,
        c1_0.escrow_funded,
        c1_0.escrow_funded_at,
        c1_0.freelancer_id,
        c1_0.freelancer_earnings,
        c1_0.freelancer_rating,
        c1_0.freelancer_review,
        c1_0.job_id,
        c1_0.platform_fee,
        c1_0.proposal_id,
        p1_0.id,
        p1_0.client_message,
        p1_0.cover_letter,
        p1_0.estimated_days,
        p1_0.freelancer_id,
        p1_0.job_id,
        p1_0.proposed_price,
        p1_0.responded_at,
        p1_0.status,
        p1_0.submitted_at,
        c1_0.protection_period,
        c1_0.start_date,
        c1_0.status,
        c1_0.title,
        c1_0.total_amount 
    from
        contracts c1_0 
    join
        proposals p1_0 
            on p1_0.id=c1_0.proposal_id 
    where
        c1_0.job_id=?
2026-02-17T09:35:24.690+05:30 DEBUG 11684 --- [http-nio-10000-exec-2] org.hibernate.SQL                        : 
    select
        c1_0.id,
        c1_0.amount_in_escrow,
        c1_0.amount_paid_to_freelancer,
        c1_0.cancellation_reason,
        c1_0.cancelled_at,
        c1_0.client_id,
        c1_0.client_rating,
        c1_0.client_review,
        c1_0.completed_at,
        c1_0.created_at,
        c1_0.deadline,
        c1_0.description,
        c1_0.due_date,
        c1_0.end_date,
        c1_0.escrow_funded,
        c1_0.escrow_funded_at,
        c1_0.freelancer_id,
        c1_0.freelancer_earnings,
        c1_0.freelancer_rating,
        c1_0.freelancer_review,
        c1_0.job_id,
        c1_0.platform_fee,
        c1_0.proposal_id,
        p1_0.id,
        p1_0.client_message,
        p1_0.cover_letter,
        p1_0.estimated_days,
        p1_0.freelancer_id,
        p1_0.job_id,
        p1_0.proposed_price,
        p1_0.responded_at,
        p1_0.status,
        p1_0.submitted_at,
        c1_0.protection_period,
        c1_0.start_date,
        c1_0.status,
        c1_0.title,
        c1_0.total_amount 
    from
        contracts c1_0 
    join
        proposals p1_0 
            on p1_0.id=c1_0.proposal_id 
    where
        c1_0.job_id=?
2026-02-17T09:35:24.693+05:30 DEBUG 11684 --- [http-nio-10000-exec-2] org.hibernate.SQL                        : 
    select
        c1_0.id,
        c1_0.amount_in_escrow,
        c1_0.amount_paid_to_freelancer,
        c1_0.cancellation_reason,
        c1_0.cancelled_at,
        c1_0.client_id,
        c1_0.client_rating,
        c1_0.client_review,
        c1_0.completed_at,
        c1_0.created_at,
        c1_0.deadline,
        c1_0.description,
        c1_0.due_date,
        c1_0.end_date,
        c1_0.escrow_funded,
        c1_0.escrow_funded_at,
        c1_0.freelancer_id,
        c1_0.freelancer_earnings,
        c1_0.freelancer_rating,
        c1_0.freelancer_review,
        c1_0.job_id,
        c1_0.platform_fee,
        c1_0.proposal_id,
        p1_0.id,
        p1_0.client_message,
        p1_0.cover_letter,
        p1_0.estimated_days,
        p1_0.freelancer_id,
        p1_0.job_id,
        p1_0.proposed_price,
        p1_0.responded_at,
        p1_0.status,
        p1_0.submitted_at,
        c1_0.protection_period,
        c1_0.start_date,
        c1_0.status,
        c1_0.title,
        c1_0.total_amount 
    from
        contracts c1_0 
    join
        proposals p1_0 
            on p1_0.id=c1_0.proposal_id 
    where
        c1_0.job_id=?
2026-02-17T09:35:24.696+05:30 DEBUG 11684 --- [http-nio-10000-exec-2] org.hibernate.SQL                        : 
    select
        c1_0.id,
        c1_0.amount_in_escrow,
        c1_0.amount_paid_to_freelancer,
        c1_0.cancellation_reason,
        c1_0.cancelled_at,
        c1_0.client_id,
        c1_0.client_rating,
        c1_0.client_review,
        c1_0.completed_at,
        c1_0.created_at,
        c1_0.deadline,
        c1_0.description,
        c1_0.due_date,
        c1_0.end_date,
        c1_0.escrow_funded,
        c1_0.escrow_funded_at,
        c1_0.freelancer_id,
        c1_0.freelancer_earnings,
        c1_0.freelancer_rating,
        c1_0.freelancer_review,
        c1_0.job_id,
        c1_0.platform_fee,
        c1_0.proposal_id,
        p1_0.id,
        p1_0.client_message,
        p1_0.cover_letter,
        p1_0.estimated_days,
        p1_0.freelancer_id,
        p1_0.job_id,
        p1_0.proposed_price,
        p1_0.responded_at,
        p1_0.status,
        p1_0.submitted_at,
        c1_0.protection_period,
        c1_0.start_date,
        c1_0.status,
        c1_0.title,
        c1_0.total_amount 
    from
        contracts c1_0 
    join
        proposals p1_0 
            on p1_0.id=c1_0.proposal_id 
    where
        c1_0.job_id=?
2026-02-17T09:35:24.699+05:30 DEBUG 11684 --- [http-nio-10000-exec-2] org.hibernate.SQL                        : 
    select
        u1_0.id,
        u1_0.bio,
        u1_0.completed_jobs,
        u1_0.country,
        u1_0.created_at,
        u1_0.email,
        u1_0.email_verification_token,
        u1_0.email_verification_token_expiry,
        u1_0.email_verified,
        u1_0.hourly_rate,
        u1_0.name,
        u1_0.password,
        u1_0.phone,
        u1_0.profile_picture,
        u1_0.rating,
        u1_0.role,
        u1_0.skills 
    from
        users u1_0 
    where
        u1_0.id=?
2026-02-17T09:35:24.703+05:30 DEBUG 11684 --- [http-nio-10000-exec-2] org.hibernate.SQL                        : 
    select
        u1_0.id,
        u1_0.bio,
        u1_0.completed_jobs,
        u1_0.country,
        u1_0.created_at,
        u1_0.email,
        u1_0.email_verification_token,
        u1_0.email_verification_token_expiry,
        u1_0.email_verified,
        u1_0.hourly_rate,
        u1_0.name,
        u1_0.password,
        u1_0.phone,
        u1_0.profile_picture,
        u1_0.rating,
        u1_0.role,
        u1_0.skills 
    from
        users u1_0 
    where
        u1_0.id=?
2026-02-17T09:35:24.707+05:30 DEBUG 11684 --- [http-nio-10000-exec-2] org.hibernate.SQL                        : 
    select
        u1_0.id,
        u1_0.bio,
        u1_0.completed_jobs,
        u1_0.country,
        u1_0.created_at,
        u1_0.email,
        u1_0.email_verification_token,
        u1_0.email_verification_token_expiry,
        u1_0.email_verified,
        u1_0.hourly_rate,
        u1_0.name,
        u1_0.password,
        u1_0.phone,
        u1_0.profile_picture,
        u1_0.rating,
        u1_0.role,
        u1_0.skills 
    from
        users u1_0 
    where
        u1_0.id=?
2026-02-17T09:35:24.711+05:30 DEBUG 11684 --- [http-nio-10000-exec-2] o.s.w.s.m.m.a.HttpEntityMethodProcessor  : Using 'application/json', given [application/json, text/plain, */*] and supported [application/json, application/*+json, application/yaml]
2026-02-17T09:35:24.711+05:30 DEBUG 11684 --- [http-nio-10000-exec-2] o.s.w.s.m.m.a.HttpEntityMethodProcessor  : Writing [[com.marketplace.job.JobResponseDTO@30f77e90, com.marketplace.job.JobResponseDTO@349520e7, com.marke (truncated)...]
2026-02-17T09:35:24.713+05:30 DEBUG 11684 --- [http-nio-10000-exec-2] o.s.web.servlet.DispatcherServlet        : Completed 200 OK
2026-02-17T09:37:59.301+05:30 DEBUG 11684 --- [http-nio-10000-exec-5] o.s.security.web.FilterChainProxy        : Securing POST /api/auth/login
2026-02-17T09:37:59.332+05:30 DEBUG 11684 --- [http-nio-10000-exec-5] o.s.s.w.a.AnonymousAuthenticationFilter  : Set SecurityContextHolder to anonymous SecurityContext
2026-02-17T09:37:59.334+05:30 DEBUG 11684 --- [http-nio-10000-exec-5] o.s.security.web.FilterChainProxy        : Secured POST /api/auth/login
2026-02-17T09:37:59.336+05:30 DEBUG 11684 --- [http-nio-10000-exec-5] o.s.web.servlet.DispatcherServlet        : POST "/api/auth/login", parameters={}
2026-02-17T09:37:59.337+05:30 DEBUG 11684 --- [http-nio-10000-exec-5] s.w.s.m.m.a.RequestMappingHandlerMapping : Mapped to com.marketplace.auth.AuthController#login(AuthRequest)
2026-02-17T09:37:59.362+05:30 DEBUG 11684 --- [http-nio-10000-exec-5] m.m.a.RequestResponseBodyMethodProcessor : Read "application/json;charset=UTF-8" to [com.marketplace.auth.AuthRequest@141d34c2]
2026-02-17T09:37:59.415+05:30 DEBUG 11684 --- [http-nio-10000-exec-5] org.hibernate.SQL                        : 
    select
        u1_0.id,
        u1_0.bio,
        u1_0.completed_jobs,
        u1_0.country,
        u1_0.created_at,
        u1_0.email,
        u1_0.email_verification_token,
        u1_0.email_verification_token_expiry,
        u1_0.email_verified,
        u1_0.hourly_rate,
        u1_0.name,
        u1_0.password,
        u1_0.phone,
        u1_0.profile_picture,
        u1_0.rating,
        u1_0.role,
        u1_0.skills 
    from
        users u1_0 
    where
        u1_0.email=?
2026-02-17T09:37:59.617+05:30 DEBUG 11684 --- [http-nio-10000-exec-5] org.hibernate.SQL                        : 
    delete rt1_0 
    from
        refersh_token rt1_0 
    where
        rt1_0.user_id=?
2026-02-17T09:37:59.638+05:30 DEBUG 11684 --- [http-nio-10000-exec-5] org.hibernate.SQL                        : 
    insert 
    into
        refersh_token
        (expiry_date, token, user_id) 
    values
        (?, ?, ?)
2026-02-17T09:37:59.662+05:30 DEBUG 11684 --- [http-nio-10000-exec-5] o.s.w.s.m.m.a.HttpEntityMethodProcessor  : Using 'application/json', given [application/json, text/plain, */*] and supported [application/json, application/*+json, application/yaml]
2026-02-17T09:37:59.663+05:30 DEBUG 11684 --- [http-nio-10000-exec-5] o.s.w.s.m.m.a.HttpEntityMethodProcessor  : Writing [com.marketplace.auth.AuthResponse@579e2a84]
2026-02-17T09:37:59.667+05:30 DEBUG 11684 --- [http-nio-10000-exec-5] o.s.web.servlet.DispatcherServlet        : Completed 200 OK
2026-02-17T09:37:59.679+05:30 DEBUG 11684 --- [http-nio-10000-exec-4] o.s.security.web.FilterChainProxy        : Securing GET /api/profile/me
2026-02-17T09:37:59.697+05:30 DEBUG 11684 --- [http-nio-10000-exec-4] org.hibernate.SQL                        : 
    select
        u1_0.id,
        u1_0.bio,
        u1_0.completed_jobs,
        u1_0.country,
        u1_0.created_at,
        u1_0.email,
        u1_0.email_verification_token,
        u1_0.email_verification_token_expiry,
        u1_0.email_verified,
        u1_0.hourly_rate,
        u1_0.name,
        u1_0.password,
        u1_0.phone,
        u1_0.profile_picture,
        u1_0.rating,
        u1_0.role,
        u1_0.skills 
    from
        users u1_0 
    where
        u1_0.email=?
2026-02-17T09:37:59.705+05:30 DEBUG 11684 --- [http-nio-10000-exec-4] o.s.security.web.FilterChainProxy        : Secured GET /api/profile/me
2026-02-17T09:37:59.706+05:30 DEBUG 11684 --- [http-nio-10000-exec-4] o.s.web.servlet.DispatcherServlet        : GET "/api/profile/me", parameters={}
2026-02-17T09:37:59.707+05:30 DEBUG 11684 --- [http-nio-10000-exec-4] s.w.s.m.m.a.RequestMappingHandlerMapping : Mapped to com.marketplace.profile.ProfileController#getMyProfile()
2026-02-17T09:37:59.713+05:30 DEBUG 11684 --- [http-nio-10000-exec-4] org.hibernate.SQL                        : 
    select
        u1_0.id,
        u1_0.bio,
        u1_0.completed_jobs,
        u1_0.country,
        u1_0.created_at,
        u1_0.email,
        u1_0.email_verification_token,
        u1_0.email_verification_token_expiry,
        u1_0.email_verified,
        u1_0.hourly_rate,
        u1_0.name,
        u1_0.password,
        u1_0.phone,
        u1_0.profile_picture,
        u1_0.rating,
        u1_0.role,
        u1_0.skills 
    from
        users u1_0 
    where
        u1_0.email=?
2026-02-17T09:37:59.717+05:30 DEBUG 11684 --- [http-nio-10000-exec-4] o.s.w.s.m.m.a.HttpEntityMethodProcessor  : Using 'application/json', given [application/json, text/plain, */*] and supported [application/json, application/*+json, application/yaml]
2026-02-17T09:37:59.719+05:30 DEBUG 11684 --- [http-nio-10000-exec-4] o.s.w.s.m.m.a.HttpEntityMethodProcessor  : Writing [{skills=Java,Spring Boot,React, createdAt=2026-01-14T09:27:52.501037, profilePicture=null, role=FREE (truncated)...]
2026-02-17T09:37:59.724+05:30 DEBUG 11684 --- [http-nio-10000-exec-4] o.s.web.servlet.DispatcherServlet        : Completed 200 OK
2026-02-17T09:37:59.846+05:30 DEBUG 11684 --- [http-nio-10000-exec-6] o.s.security.web.FilterChainProxy        : Securing GET /api/jobs/open
2026-02-17T09:37:59.848+05:30 DEBUG 11684 --- [http-nio-10000-exec-6] o.s.s.w.a.AnonymousAuthenticationFilter  : Set SecurityContextHolder to anonymous SecurityContext
2026-02-17T09:37:59.849+05:30 DEBUG 11684 --- [http-nio-10000-exec-6] o.s.security.web.FilterChainProxy        : Secured GET /api/jobs/open
2026-02-17T09:37:59.850+05:30 DEBUG 11684 --- [http-nio-10000-exec-6] o.s.web.servlet.DispatcherServlet        : GET "/api/jobs/open", parameters={}
2026-02-17T09:37:59.851+05:30 DEBUG 11684 --- [http-nio-10000-exec-6] s.w.s.m.m.a.RequestMappingHandlerMapping : Mapped to com.marketplace.job.JobController#getOpenJobs()
2026-02-17T09:37:59.858+05:30 DEBUG 11684 --- [http-nio-10000-exec-6] org.hibernate.SQL                        : 
    select
        j1_0.id,
        j1_0.freelancer_id,
        j1_0.budget,
        j1_0.client_id,
        j1_0.created_at,
        j1_0.deadline,
        j1_0.description,
        j1_0.estimated_duration,
        j1_0.skills_required,
        j1_0.status,
        j1_0.title,
        j1_0.type 
    from
        jobs j1_0 
    where
        j1_0.status=? 
    order by
        j1_0.created_at desc
2026-02-17T09:37:59.863+05:30 DEBUG 11684 --- [http-nio-10000-exec-6] org.hibernate.SQL                        : 
    select
        c1_0.id,
        c1_0.amount_in_escrow,
        c1_0.amount_paid_to_freelancer,
        c1_0.cancellation_reason,
        c1_0.cancelled_at,
        c1_0.client_id,
        c1_0.client_rating,
        c1_0.client_review,
        c1_0.completed_at,
        c1_0.created_at,
        c1_0.deadline,
        c1_0.description,
        c1_0.due_date,
        c1_0.end_date,
        c1_0.escrow_funded,
        c1_0.escrow_funded_at,
        c1_0.freelancer_id,
        c1_0.freelancer_earnings,
        c1_0.freelancer_rating,
        c1_0.freelancer_review,
        c1_0.job_id,
        c1_0.platform_fee,
        c1_0.proposal_id,
        p1_0.id,
        p1_0.client_message,
        p1_0.cover_letter,
        p1_0.estimated_days,
        p1_0.freelancer_id,
        p1_0.job_id,
        p1_0.proposed_price,
        p1_0.responded_at,
        p1_0.status,
        p1_0.submitted_at,
        c1_0.protection_period,
        c1_0.start_date,
        c1_0.status,
        c1_0.title,
        c1_0.total_amount 
    from
        contracts c1_0 
    join
        proposals p1_0 
            on p1_0.id=c1_0.proposal_id 
    where
        c1_0.job_id=?
2026-02-17T09:37:59.867+05:30 DEBUG 11684 --- [http-nio-10000-exec-6] org.hibernate.SQL                        : 
    select
        c1_0.id,
        c1_0.amount_in_escrow,
        c1_0.amount_paid_to_freelancer,
        c1_0.cancellation_reason,
        c1_0.cancelled_at,
        c1_0.client_id,
        c1_0.client_rating,
        c1_0.client_review,
        c1_0.completed_at,
        c1_0.created_at,
        c1_0.deadline,
        c1_0.description,
        c1_0.due_date,
        c1_0.end_date,
        c1_0.escrow_funded,
        c1_0.escrow_funded_at,
        c1_0.freelancer_id,
        c1_0.freelancer_earnings,
        c1_0.freelancer_rating,
        c1_0.freelancer_review,
        c1_0.job_id,
        c1_0.platform_fee,
        c1_0.proposal_id,
        p1_0.id,
        p1_0.client_message,
        p1_0.cover_letter,
        p1_0.estimated_days,
        p1_0.freelancer_id,
        p1_0.job_id,
        p1_0.proposed_price,
        p1_0.responded_at,
        p1_0.status,
        p1_0.submitted_at,
        c1_0.protection_period,
        c1_0.start_date,
        c1_0.status,
        c1_0.title,
        c1_0.total_amount 
    from
        contracts c1_0 
    join
        proposals p1_0 
            on p1_0.id=c1_0.proposal_id 
    where
        c1_0.job_id=?
2026-02-17T09:37:59.870+05:30 DEBUG 11684 --- [http-nio-10000-exec-6] org.hibernate.SQL                        : 
    select
        c1_0.id,
        c1_0.amount_in_escrow,
        c1_0.amount_paid_to_freelancer,
        c1_0.cancellation_reason,
        c1_0.cancelled_at,
        c1_0.client_id,
        c1_0.client_rating,
        c1_0.client_review,
        c1_0.completed_at,
        c1_0.created_at,
        c1_0.deadline,
        c1_0.description,
        c1_0.due_date,
        c1_0.end_date,
        c1_0.escrow_funded,
        c1_0.escrow_funded_at,
        c1_0.freelancer_id,
        c1_0.freelancer_earnings,
        c1_0.freelancer_rating,
        c1_0.freelancer_review,
        c1_0.job_id,
        c1_0.platform_fee,
        c1_0.proposal_id,
        p1_0.id,
        p1_0.client_message,
        p1_0.cover_letter,
        p1_0.estimated_days,
        p1_0.freelancer_id,
        p1_0.job_id,
        p1_0.proposed_price,
        p1_0.responded_at,
        p1_0.status,
        p1_0.submitted_at,
        c1_0.protection_period,
        c1_0.start_date,
        c1_0.status,
        c1_0.title,
        c1_0.total_amount 
    from
        contracts c1_0 
    join
        proposals p1_0 
            on p1_0.id=c1_0.proposal_id 
    where
        c1_0.job_id=?
2026-02-17T09:37:59.874+05:30 DEBUG 11684 --- [http-nio-10000-exec-6] org.hibernate.SQL                        : 
    select
        c1_0.id,
        c1_0.amount_in_escrow,
        c1_0.amount_paid_to_freelancer,
        c1_0.cancellation_reason,
        c1_0.cancelled_at,
        c1_0.client_id,
        c1_0.client_rating,
        c1_0.client_review,
        c1_0.completed_at,
        c1_0.created_at,
        c1_0.deadline,
        c1_0.description,
        c1_0.due_date,
        c1_0.end_date,
        c1_0.escrow_funded,
        c1_0.escrow_funded_at,
        c1_0.freelancer_id,
        c1_0.freelancer_earnings,
        c1_0.freelancer_rating,
        c1_0.freelancer_review,
        c1_0.job_id,
        c1_0.platform_fee,
        c1_0.proposal_id,
        p1_0.id,
        p1_0.client_message,
        p1_0.cover_letter,
        p1_0.estimated_days,
        p1_0.freelancer_id,
        p1_0.job_id,
        p1_0.proposed_price,
        p1_0.responded_at,
        p1_0.status,
        p1_0.submitted_at,
        c1_0.protection_period,
        c1_0.start_date,
        c1_0.status,
        c1_0.title,
        c1_0.total_amount 
    from
        contracts c1_0 
    join
        proposals p1_0 
            on p1_0.id=c1_0.proposal_id 
    where
        c1_0.job_id=?
2026-02-17T09:37:59.877+05:30 DEBUG 11684 --- [http-nio-10000-exec-6] org.hibernate.SQL                        : 
    select
        u1_0.id,
        u1_0.bio,
        u1_0.completed_jobs,
        u1_0.country,
        u1_0.created_at,
        u1_0.email,
        u1_0.email_verification_token,
        u1_0.email_verification_token_expiry,
        u1_0.email_verified,
        u1_0.hourly_rate,
        u1_0.name,
        u1_0.password,
        u1_0.phone,
        u1_0.profile_picture,
        u1_0.rating,
        u1_0.role,
        u1_0.skills 
    from
        users u1_0 
    where
        u1_0.id=?
2026-02-17T09:37:59.880+05:30 DEBUG 11684 --- [http-nio-10000-exec-6] org.hibernate.SQL                        : 
    select
        u1_0.id,
        u1_0.bio,
        u1_0.completed_jobs,
        u1_0.country,
        u1_0.created_at,
        u1_0.email,
        u1_0.email_verification_token,
        u1_0.email_verification_token_expiry,
        u1_0.email_verified,
        u1_0.hourly_rate,
        u1_0.name,
        u1_0.password,
        u1_0.phone,
        u1_0.profile_picture,
        u1_0.rating,
        u1_0.role,
        u1_0.skills 
    from
        users u1_0 
    where
        u1_0.id=?
2026-02-17T09:37:59.882+05:30 DEBUG 11684 --- [http-nio-10000-exec-6] org.hibernate.SQL                        : 
    select
        u1_0.id,
        u1_0.bio,
        u1_0.completed_jobs,
        u1_0.country,
        u1_0.created_at,
        u1_0.email,
        u1_0.email_verification_token,
        u1_0.email_verification_token_expiry,
        u1_0.email_verified,
        u1_0.hourly_rate,
        u1_0.name,
        u1_0.password,
        u1_0.phone,
        u1_0.profile_picture,
        u1_0.rating,
        u1_0.role,
        u1_0.skills 
    from
        users u1_0 
    where
        u1_0.id=?
2026-02-17T09:37:59.886+05:30 DEBUG 11684 --- [http-nio-10000-exec-6] o.s.w.s.m.m.a.HttpEntityMethodProcessor  : Using 'application/json', given [application/json, text/plain, */*] and supported [application/json, application/*+json, application/yaml]
2026-02-17T09:37:59.887+05:30 DEBUG 11684 --- [http-nio-10000-exec-6] o.s.w.s.m.m.a.HttpEntityMethodProcessor  : Writing [[com.marketplace.job.JobResponseDTO@531e54f6, com.marketplace.job.JobResponseDTO@302bf3bf, com.marke (truncated)...]
2026-02-17T09:37:59.891+05:30 DEBUG 11684 --- [http-nio-10000-exec-6] o.s.web.servlet.DispatcherServlet        : Completed 200 OK
2026-02-17T09:37:59.903+05:30 DEBUG 11684 --- [http-nio-10000-exec-7] o.s.security.web.FilterChainProxy        : Securing GET /api/proposals/my-proposals
2026-02-17T09:37:59.914+05:30 DEBUG 11684 --- [http-nio-10000-exec-7] org.hibernate.SQL                        : 
    select
        u1_0.id,
        u1_0.bio,
        u1_0.completed_jobs,
        u1_0.country,
        u1_0.created_at,
        u1_0.email,
        u1_0.email_verification_token,
        u1_0.email_verification_token_expiry,
        u1_0.email_verified,
        u1_0.hourly_rate,
        u1_0.name,
        u1_0.password,
        u1_0.phone,
        u1_0.profile_picture,
        u1_0.rating,
        u1_0.role,
        u1_0.skills 
    from
        users u1_0 
    where
        u1_0.email=?
2026-02-17T09:37:59.928+05:30 DEBUG 11684 --- [http-nio-10000-exec-7] o.s.security.web.FilterChainProxy        : Secured GET /api/proposals/my-proposals
2026-02-17T09:37:59.928+05:30 DEBUG 11684 --- [http-nio-10000-exec-7] o.s.web.servlet.DispatcherServlet        : GET "/api/proposals/my-proposals", parameters={}
2026-02-17T09:37:59.929+05:30 DEBUG 11684 --- [http-nio-10000-exec-7] s.w.s.m.m.a.RequestMappingHandlerMapping : Mapped to com.marketplace.proposal.ProposalController#getMyProposals()
2026-02-17T09:37:59.932+05:30 DEBUG 11684 --- [http-nio-10000-exec-7] org.hibernate.SQL                        : 
    select
        u1_0.id,
        u1_0.bio,
        u1_0.completed_jobs,
        u1_0.country,
        u1_0.created_at,
        u1_0.email,
        u1_0.email_verification_token,
        u1_0.email_verification_token_expiry,
        u1_0.email_verified,
        u1_0.hourly_rate,
        u1_0.name,
        u1_0.password,
        u1_0.phone,
        u1_0.profile_picture,
        u1_0.rating,
        u1_0.role,
        u1_0.skills 
    from
        users u1_0 
    where
        u1_0.email=?
2026-02-17T09:37:59.937+05:30 DEBUG 11684 --- [http-nio-10000-exec-7] org.hibernate.SQL                        : 
    select
        u1_0.id,
        u1_0.bio,
        u1_0.completed_jobs,
        u1_0.country,
        u1_0.created_at,
        u1_0.email,
        u1_0.email_verification_token,
        u1_0.email_verification_token_expiry,
        u1_0.email_verified,
        u1_0.hourly_rate,
        u1_0.name,
        u1_0.password,
        u1_0.phone,
        u1_0.profile_picture,
        u1_0.rating,
        u1_0.role,
        u1_0.skills 
    from
        users u1_0 
    where
        u1_0.email=?
2026-02-17T09:37:59.945+05:30 DEBUG 11684 --- [http-nio-10000-exec-7] org.hibernate.SQL                        : 
    select
        p1_0.id,
        p1_0.client_message,
        p1_0.cover_letter,
        p1_0.estimated_days,
        p1_0.freelancer_id,
        p1_0.job_id,
        p1_0.proposed_price,
        p1_0.responded_at,
        p1_0.status,
        p1_0.submitted_at 
    from
        proposals p1_0 
    where
        p1_0.freelancer_id=?
2026-02-17T09:37:59.949+05:30 DEBUG 11684 --- [http-nio-10000-exec-7] org.hibernate.SQL                        : 
    select
        j1_0.id,
        j1_0.freelancer_id,
        j1_0.budget,
        j1_0.client_id,
        j1_0.created_at,
        j1_0.deadline,
        j1_0.description,
        j1_0.estimated_duration,
        j1_0.skills_required,
        j1_0.status,
        j1_0.title,
        j1_0.type 
    from
        jobs j1_0 
    where
        j1_0.id=?
2026-02-17T09:37:59.952+05:30 DEBUG 11684 --- [http-nio-10000-exec-7] org.hibernate.SQL                        : 
    select
        c1_0.id,
        c1_0.amount_in_escrow,
        c1_0.amount_paid_to_freelancer,
        c1_0.cancellation_reason,
        c1_0.cancelled_at,
        c1_0.client_id,
        c1_0.client_rating,
        c1_0.client_review,
        c1_0.completed_at,
        c1_0.created_at,
        c1_0.deadline,
        c1_0.description,
        c1_0.due_date,
        c1_0.end_date,
        c1_0.escrow_funded,
        c1_0.escrow_funded_at,
        c1_0.freelancer_id,
        c1_0.freelancer_earnings,
        c1_0.freelancer_rating,
        c1_0.freelancer_review,
        c1_0.job_id,
        c1_0.platform_fee,
        c1_0.proposal_id,
        p1_0.id,
        p1_0.client_message,
        p1_0.cover_letter,
        p1_0.estimated_days,
        p1_0.freelancer_id,
        p1_0.job_id,
        p1_0.proposed_price,
        p1_0.responded_at,
        p1_0.status,
        p1_0.submitted_at,
        c1_0.protection_period,
        c1_0.start_date,
        c1_0.status,
        c1_0.title,
        c1_0.total_amount 
    from
        contracts c1_0 
    join
        proposals p1_0 
            on p1_0.id=c1_0.proposal_id 
    where
        c1_0.job_id=?
2026-02-17T09:37:59.957+05:30 DEBUG 11684 --- [http-nio-10000-exec-7] org.hibernate.SQL                        : 
    select
        j1_0.id,
        j1_0.freelancer_id,
        j1_0.budget,
        j1_0.client_id,
        j1_0.created_at,
        j1_0.deadline,
        j1_0.description,
        j1_0.estimated_duration,
        j1_0.skills_required,
        j1_0.status,
        j1_0.title,
        j1_0.type 
    from
        jobs j1_0 
    where
        j1_0.id=?
2026-02-17T09:37:59.959+05:30 DEBUG 11684 --- [http-nio-10000-exec-7] org.hibernate.SQL                        : 
    select
        c1_0.id,
        c1_0.amount_in_escrow,
        c1_0.amount_paid_to_freelancer,
        c1_0.cancellation_reason,
        c1_0.cancelled_at,
        c1_0.client_id,
        c1_0.client_rating,
        c1_0.client_review,
        c1_0.completed_at,
        c1_0.created_at,
        c1_0.deadline,
        c1_0.description,
        c1_0.due_date,
        c1_0.end_date,
        c1_0.escrow_funded,
        c1_0.escrow_funded_at,
        c1_0.freelancer_id,
        c1_0.freelancer_earnings,
        c1_0.freelancer_rating,
        c1_0.freelancer_review,
        c1_0.job_id,
        c1_0.platform_fee,
        c1_0.proposal_id,
        p1_0.id,
        p1_0.client_message,
        p1_0.cover_letter,
        p1_0.estimated_days,
        p1_0.freelancer_id,
        p1_0.job_id,
        p1_0.proposed_price,
        p1_0.responded_at,
        p1_0.status,
        p1_0.submitted_at,
        c1_0.protection_period,
        c1_0.start_date,
        c1_0.status,
        c1_0.title,
        c1_0.total_amount 
    from
        contracts c1_0 
    join
        proposals p1_0 
            on p1_0.id=c1_0.proposal_id 
    where
        c1_0.job_id=?
2026-02-17T09:37:59.964+05:30 DEBUG 11684 --- [http-nio-10000-exec-7] org.hibernate.SQL                        : 
    select
        j1_0.id,
        j1_0.freelancer_id,
        j1_0.budget,
        j1_0.client_id,
        j1_0.created_at,
        j1_0.deadline,
        j1_0.description,
        j1_0.estimated_duration,
        j1_0.skills_required,
        j1_0.status,
        j1_0.title,
        j1_0.type 
    from
        jobs j1_0 
    where
        j1_0.id=?
2026-02-17T09:37:59.966+05:30 DEBUG 11684 --- [http-nio-10000-exec-7] org.hibernate.SQL                        : 
    select
        c1_0.id,
        c1_0.amount_in_escrow,
        c1_0.amount_paid_to_freelancer,
        c1_0.cancellation_reason,
        c1_0.cancelled_at,
        c1_0.client_id,
        c1_0.client_rating,
        c1_0.client_review,
        c1_0.completed_at,
        c1_0.created_at,
        c1_0.deadline,
        c1_0.description,
        c1_0.due_date,
        c1_0.end_date,
        c1_0.escrow_funded,
        c1_0.escrow_funded_at,
        c1_0.freelancer_id,
        c1_0.freelancer_earnings,
        c1_0.freelancer_rating,
        c1_0.freelancer_review,
        c1_0.job_id,
        c1_0.platform_fee,
        c1_0.proposal_id,
        p1_0.id,
        p1_0.client_message,
        p1_0.cover_letter,
        p1_0.estimated_days,
        p1_0.freelancer_id,
        p1_0.job_id,
        p1_0.proposed_price,
        p1_0.responded_at,
        p1_0.status,
        p1_0.submitted_at,
        c1_0.protection_period,
        c1_0.start_date,
        c1_0.status,
        c1_0.title,
        c1_0.total_amount 
    from
        contracts c1_0 
    join
        proposals p1_0 
            on p1_0.id=c1_0.proposal_id 
    where
        c1_0.job_id=?
2026-02-17T09:37:59.968+05:30 DEBUG 11684 --- [http-nio-10000-exec-7] org.hibernate.SQL                        : 
    select
        j1_0.id,
        j1_0.freelancer_id,
        j1_0.budget,
        j1_0.client_id,
        j1_0.created_at,
        j1_0.deadline,
        j1_0.description,
        j1_0.estimated_duration,
        j1_0.skills_required,
        j1_0.status,
        j1_0.title,
        j1_0.type 
    from
        jobs j1_0 
    where
        j1_0.id=?
2026-02-17T09:37:59.972+05:30 DEBUG 11684 --- [http-nio-10000-exec-7] org.hibernate.SQL                        : 
    select
        c1_0.id,
        c1_0.amount_in_escrow,
        c1_0.amount_paid_to_freelancer,
        c1_0.cancellation_reason,
        c1_0.cancelled_at,
        c1_0.client_id,
        c1_0.client_rating,
        c1_0.client_review,
        c1_0.completed_at,
        c1_0.created_at,
        c1_0.deadline,
        c1_0.description,
        c1_0.due_date,
        c1_0.end_date,
        c1_0.escrow_funded,
        c1_0.escrow_funded_at,
        c1_0.freelancer_id,
        c1_0.freelancer_earnings,
        c1_0.freelancer_rating,
        c1_0.freelancer_review,
        c1_0.job_id,
        c1_0.platform_fee,
        c1_0.proposal_id,
        p1_0.id,
        p1_0.client_message,
        p1_0.cover_letter,
        p1_0.estimated_days,
        p1_0.freelancer_id,
        p1_0.job_id,
        p1_0.proposed_price,
        p1_0.responded_at,
        p1_0.status,
        p1_0.submitted_at,
        c1_0.protection_period,
        c1_0.start_date,
        c1_0.status,
        c1_0.title,
        c1_0.total_amount 
    from
        contracts c1_0 
    join
        proposals p1_0 
            on p1_0.id=c1_0.proposal_id 
    where
        c1_0.job_id=?
2026-02-17T09:37:59.979+05:30 DEBUG 11684 --- [http-nio-10000-exec-7] o.s.w.s.m.m.a.HttpEntityMethodProcessor  : Using 'application/json', given [application/json, text/plain, */*] and supported [application/json, application/*+json, application/yaml]
2026-02-17T09:37:59.979+05:30 DEBUG 11684 --- [http-nio-10000-exec-7] o.s.w.s.m.m.a.HttpEntityMethodProcessor  : Writing [[com.marketplace.proposal.ProposalResponseDTO@7f7b3bb, com.marketplace.proposal.ProposalResponseDTO@ (truncated)...]
2026-02-17T09:37:59.981+05:30 DEBUG 11684 --- [http-nio-10000-exec-7] o.s.web.servlet.DispatcherServlet        : Completed 200 OK
2026-02-17T09:37:59.989+05:30 DEBUG 11684 --- [http-nio-10000-exec-8] o.s.security.web.FilterChainProxy        : Securing GET /api/contracts/my-contracts
2026-02-17T09:38:00.000+05:30 DEBUG 11684 --- [http-nio-10000-exec-8] org.hibernate.SQL                        : 
    select
        u1_0.id,
        u1_0.bio,
        u1_0.completed_jobs,
        u1_0.country,
        u1_0.created_at,
        u1_0.email,
        u1_0.email_verification_token,
        u1_0.email_verification_token_expiry,
        u1_0.email_verified,
        u1_0.hourly_rate,
        u1_0.name,
        u1_0.password,
        u1_0.phone,
        u1_0.profile_picture,
        u1_0.rating,
        u1_0.role,
        u1_0.skills 
    from
        users u1_0 
    where
        u1_0.email=?
2026-02-17T09:38:00.012+05:30 DEBUG 11684 --- [http-nio-10000-exec-8] o.s.security.web.FilterChainProxy        : Secured GET /api/contracts/my-contracts
2026-02-17T09:38:00.013+05:30 DEBUG 11684 --- [http-nio-10000-exec-8] o.s.web.servlet.DispatcherServlet        : GET "/api/contracts/my-contracts", parameters={}
2026-02-17T09:38:00.014+05:30 DEBUG 11684 --- [http-nio-10000-exec-8] s.w.s.m.m.a.RequestMappingHandlerMapping : Mapped to com.marketplace.contract.ContractController#getMyContracts()
2026-02-17T09:38:00.017+05:30 DEBUG 11684 --- [http-nio-10000-exec-8] org.hibernate.SQL                        : 
    select
        u1_0.id,
        u1_0.bio,
        u1_0.completed_jobs,
        u1_0.country,
        u1_0.created_at,
        u1_0.email,
        u1_0.email_verification_token,
        u1_0.email_verification_token_expiry,
        u1_0.email_verified,
        u1_0.hourly_rate,
        u1_0.name,
        u1_0.password,
        u1_0.phone,
        u1_0.profile_picture,
        u1_0.rating,
        u1_0.role,
        u1_0.skills 
    from
        users u1_0 
    where
        u1_0.email=?
2026-02-17T09:38:00.025+05:30 DEBUG 11684 --- [http-nio-10000-exec-8] org.hibernate.SQL                        : 
    select
        c1_0.id,
        c1_0.amount_in_escrow,
        c1_0.amount_paid_to_freelancer,
        c1_0.cancellation_reason,
        c1_0.cancelled_at,
        c1_0.client_id,
        c1_0.client_rating,
        c1_0.client_review,
        c1_0.completed_at,
        c1_0.created_at,
        c1_0.deadline,
        c1_0.description,
        c1_0.due_date,
        c1_0.end_date,
        c1_0.escrow_funded,
        c1_0.escrow_funded_at,
        c1_0.freelancer_id,
        c1_0.freelancer_earnings,
        c1_0.freelancer_rating,
        c1_0.freelancer_review,
        c1_0.job_id,
        c1_0.platform_fee,
        c1_0.proposal_id,
        c1_0.protection_period,
        c1_0.start_date,
        c1_0.status,
        c1_0.title,
        c1_0.total_amount 
    from
        contracts c1_0 
    where
        c1_0.client_id=?
2026-02-17T09:38:00.034+05:30 DEBUG 11684 --- [http-nio-10000-exec-8] org.hibernate.SQL                        : 
    select
        c1_0.id,
        c1_0.amount_in_escrow,
        c1_0.amount_paid_to_freelancer,
        c1_0.cancellation_reason,
        c1_0.cancelled_at,
        c1_0.client_id,
        c1_0.client_rating,
        c1_0.client_review,
        c1_0.completed_at,
        c1_0.created_at,
        c1_0.deadline,
        c1_0.description,
        c1_0.due_date,
        c1_0.end_date,
        c1_0.escrow_funded,
        c1_0.escrow_funded_at,
        c1_0.freelancer_id,
        c1_0.freelancer_earnings,
        c1_0.freelancer_rating,
        c1_0.freelancer_review,
        c1_0.job_id,
        c1_0.platform_fee,
        c1_0.proposal_id,
        c1_0.protection_period,
        c1_0.start_date,
        c1_0.status,
        c1_0.title,
        c1_0.total_amount 
    from
        contracts c1_0 
    where
        c1_0.freelancer_id=?
2026-02-17T09:38:00.039+05:30 DEBUG 11684 --- [http-nio-10000-exec-8] org.hibernate.SQL                        : 
    select
        p1_0.id,
        p1_0.client_message,
        p1_0.cover_letter,
        p1_0.estimated_days,
        p1_0.freelancer_id,
        p1_0.job_id,
        p1_0.proposed_price,
        p1_0.responded_at,
        p1_0.status,
        p1_0.submitted_at 
    from
        proposals p1_0 
    where
        p1_0.id=?
2026-02-17T09:38:00.043+05:30 DEBUG 11684 --- [http-nio-10000-exec-8] org.hibernate.SQL                        : 
    select
        p1_0.id,
        p1_0.client_message,
        p1_0.cover_letter,
        p1_0.estimated_days,
        p1_0.freelancer_id,
        p1_0.job_id,
        p1_0.proposed_price,
        p1_0.responded_at,
        p1_0.status,
        p1_0.submitted_at 
    from
        proposals p1_0 
    where
        p1_0.id=?
2026-02-17T09:38:00.046+05:30 DEBUG 11684 --- [http-nio-10000-exec-8] org.hibernate.SQL                        : 
    select
        j1_0.id,
        j1_0.freelancer_id,
        j1_0.budget,
        j1_0.client_id,
        j1_0.created_at,
        j1_0.deadline,
        j1_0.description,
        j1_0.estimated_duration,
        j1_0.skills_required,
        j1_0.status,
        j1_0.title,
        j1_0.type 
    from
        jobs j1_0 
    where
        j1_0.id=?
2026-02-17T09:38:00.051+05:30 DEBUG 11684 --- [http-nio-10000-exec-8] org.hibernate.SQL                        : 
    select
        u1_0.id,
        u1_0.bio,
        u1_0.completed_jobs,
        u1_0.country,
        u1_0.created_at,
        u1_0.email,
        u1_0.email_verification_token,
        u1_0.email_verification_token_expiry,
        u1_0.email_verified,
        u1_0.hourly_rate,
        u1_0.name,
        u1_0.password,
        u1_0.phone,
        u1_0.profile_picture,
        u1_0.rating,
        u1_0.role,
        u1_0.skills 
    from
        users u1_0 
    where
        u1_0.id=?
2026-02-17T09:38:00.053+05:30 DEBUG 11684 --- [http-nio-10000-exec-8] org.hibernate.SQL                        : 
    select
        j1_0.id,
        j1_0.freelancer_id,
        j1_0.budget,
        j1_0.client_id,
        j1_0.created_at,
        j1_0.deadline,
        j1_0.description,
        j1_0.estimated_duration,
        j1_0.skills_required,
        j1_0.status,
        j1_0.title,
        j1_0.type 
    from
        jobs j1_0 
    where
        j1_0.id=?
2026-02-17T09:38:00.058+05:30 DEBUG 11684 --- [http-nio-10000-exec-8] o.s.w.s.m.m.a.HttpEntityMethodProcessor  : Using 'application/json', given [application/json, text/plain, */*] and supported [application/json, application/*+json, application/yaml]
2026-02-17T09:38:00.059+05:30 DEBUG 11684 --- [http-nio-10000-exec-8] o.s.w.s.m.m.a.HttpEntityMethodProcessor  : Writing [[com.marketplace.contract.ContractResponseDTO@579b3867, com.marketplace.contract.ContractResponseDTO (truncated)...]
2026-02-17T09:38:00.061+05:30 DEBUG 11684 --- [http-nio-10000-exec-8] o.s.web.servlet.DispatcherServlet        : Completed 200 OK
2026-02-17T09:38:10.623+05:30 DEBUG 11684 --- [http-nio-10000-exec-10] o.s.security.web.FilterChainProxy        : Securing GET /api/jobs/open
2026-02-17T09:38:10.626+05:30 DEBUG 11684 --- [http-nio-10000-exec-10] o.s.s.w.a.AnonymousAuthenticationFilter  : Set SecurityContextHolder to anonymous SecurityContext
2026-02-17T09:38:10.628+05:30 DEBUG 11684 --- [http-nio-10000-exec-10] o.s.security.web.FilterChainProxy        : Secured GET /api/jobs/open
2026-02-17T09:38:10.628+05:30 DEBUG 11684 --- [http-nio-10000-exec-10] o.s.web.servlet.DispatcherServlet        : GET "/api/jobs/open", parameters={}
2026-02-17T09:38:10.629+05:30 DEBUG 11684 --- [http-nio-10000-exec-10] s.w.s.m.m.a.RequestMappingHandlerMapping : Mapped to com.marketplace.job.JobController#getOpenJobs()
2026-02-17T09:38:10.637+05:30 DEBUG 11684 --- [http-nio-10000-exec-10] org.hibernate.SQL                        : 
    select
        j1_0.id,
        j1_0.freelancer_id,
        j1_0.budget,
        j1_0.client_id,
        j1_0.created_at,
        j1_0.deadline,
        j1_0.description,
        j1_0.estimated_duration,
        j1_0.skills_required,
        j1_0.status,
        j1_0.title,
        j1_0.type 
    from
        jobs j1_0 
    where
        j1_0.status=? 
    order by
        j1_0.created_at desc
2026-02-17T09:38:10.640+05:30 DEBUG 11684 --- [http-nio-10000-exec-10] org.hibernate.SQL                        : 
    select
        c1_0.id,
        c1_0.amount_in_escrow,
        c1_0.amount_paid_to_freelancer,
        c1_0.cancellation_reason,
        c1_0.cancelled_at,
        c1_0.client_id,
        c1_0.client_rating,
        c1_0.client_review,
        c1_0.completed_at,
        c1_0.created_at,
        c1_0.deadline,
        c1_0.description,
        c1_0.due_date,
        c1_0.end_date,
        c1_0.escrow_funded,
        c1_0.escrow_funded_at,
        c1_0.freelancer_id,
        c1_0.freelancer_earnings,
        c1_0.freelancer_rating,
        c1_0.freelancer_review,
        c1_0.job_id,
        c1_0.platform_fee,
        c1_0.proposal_id,
        p1_0.id,
        p1_0.client_message,
        p1_0.cover_letter,
        p1_0.estimated_days,
        p1_0.freelancer_id,
        p1_0.job_id,
        p1_0.proposed_price,
        p1_0.responded_at,
        p1_0.status,
        p1_0.submitted_at,
        c1_0.protection_period,
        c1_0.start_date,
        c1_0.status,
        c1_0.title,
        c1_0.total_amount 
    from
        contracts c1_0 
    join
        proposals p1_0 
            on p1_0.id=c1_0.proposal_id 
    where
        c1_0.job_id=?
2026-02-17T09:38:10.642+05:30 DEBUG 11684 --- [http-nio-10000-exec-10] org.hibernate.SQL                        : 
    select
        c1_0.id,
        c1_0.amount_in_escrow,
        c1_0.amount_paid_to_freelancer,
        c1_0.cancellation_reason,
        c1_0.cancelled_at,
        c1_0.client_id,
        c1_0.client_rating,
        c1_0.client_review,
        c1_0.completed_at,
        c1_0.created_at,
        c1_0.deadline,
        c1_0.description,
        c1_0.due_date,
        c1_0.end_date,
        c1_0.escrow_funded,
        c1_0.escrow_funded_at,
        c1_0.freelancer_id,
        c1_0.freelancer_earnings,
        c1_0.freelancer_rating,
        c1_0.freelancer_review,
        c1_0.job_id,
        c1_0.platform_fee,
        c1_0.proposal_id,
        p1_0.id,
        p1_0.client_message,
        p1_0.cover_letter,
        p1_0.estimated_days,
        p1_0.freelancer_id,
        p1_0.job_id,
        p1_0.proposed_price,
        p1_0.responded_at,
        p1_0.status,
        p1_0.submitted_at,
        c1_0.protection_period,
        c1_0.start_date,
        c1_0.status,
        c1_0.title,
        c1_0.total_amount 
    from
        contracts c1_0 
    join
        proposals p1_0 
            on p1_0.id=c1_0.proposal_id 
    where
        c1_0.job_id=?
2026-02-17T09:38:10.645+05:30 DEBUG 11684 --- [http-nio-10000-exec-10] org.hibernate.SQL                        : 
    select
        c1_0.id,
        c1_0.amount_in_escrow,
        c1_0.amount_paid_to_freelancer,
        c1_0.cancellation_reason,
        c1_0.cancelled_at,
        c1_0.client_id,
        c1_0.client_rating,
        c1_0.client_review,
        c1_0.completed_at,
        c1_0.created_at,
        c1_0.deadline,
        c1_0.description,
        c1_0.due_date,
        c1_0.end_date,
        c1_0.escrow_funded,
        c1_0.escrow_funded_at,
        c1_0.freelancer_id,
        c1_0.freelancer_earnings,
        c1_0.freelancer_rating,
        c1_0.freelancer_review,
        c1_0.job_id,
        c1_0.platform_fee,
        c1_0.proposal_id,
        p1_0.id,
        p1_0.client_message,
        p1_0.cover_letter,
        p1_0.estimated_days,
        p1_0.freelancer_id,
        p1_0.job_id,
        p1_0.proposed_price,
        p1_0.responded_at,
        p1_0.status,
        p1_0.submitted_at,
        c1_0.protection_period,
        c1_0.start_date,
        c1_0.status,
        c1_0.title,
        c1_0.total_amount 
    from
        contracts c1_0 
    join
        proposals p1_0 
            on p1_0.id=c1_0.proposal_id 
    where
        c1_0.job_id=?
2026-02-17T09:38:10.649+05:30 DEBUG 11684 --- [http-nio-10000-exec-10] org.hibernate.SQL                        : 
    select
        c1_0.id,
        c1_0.amount_in_escrow,
        c1_0.amount_paid_to_freelancer,
        c1_0.cancellation_reason,
        c1_0.cancelled_at,
        c1_0.client_id,
        c1_0.client_rating,
        c1_0.client_review,
        c1_0.completed_at,
        c1_0.created_at,
        c1_0.deadline,
        c1_0.description,
        c1_0.due_date,
        c1_0.end_date,
        c1_0.escrow_funded,
        c1_0.escrow_funded_at,
        c1_0.freelancer_id,
        c1_0.freelancer_earnings,
        c1_0.freelancer_rating,
        c1_0.freelancer_review,
        c1_0.job_id,
        c1_0.platform_fee,
        c1_0.proposal_id,
        p1_0.id,
        p1_0.client_message,
        p1_0.cover_letter,
        p1_0.estimated_days,
        p1_0.freelancer_id,
        p1_0.job_id,
        p1_0.proposed_price,
        p1_0.responded_at,
        p1_0.status,
        p1_0.submitted_at,
        c1_0.protection_period,
        c1_0.start_date,
        c1_0.status,
        c1_0.title,
        c1_0.total_amount 
    from
        contracts c1_0 
    join
        proposals p1_0 
            on p1_0.id=c1_0.proposal_id 
    where
        c1_0.job_id=?
2026-02-17T09:38:10.653+05:30 DEBUG 11684 --- [http-nio-10000-exec-10] org.hibernate.SQL                        : 
    select
        u1_0.id,
        u1_0.bio,
        u1_0.completed_jobs,
        u1_0.country,
        u1_0.created_at,
        u1_0.email,
        u1_0.email_verification_token,
        u1_0.email_verification_token_expiry,
        u1_0.email_verified,
        u1_0.hourly_rate,
        u1_0.name,
        u1_0.password,
        u1_0.phone,
        u1_0.profile_picture,
        u1_0.rating,
        u1_0.role,
        u1_0.skills 
    from
        users u1_0 
    where
        u1_0.id=?
2026-02-17T09:38:10.655+05:30 DEBUG 11684 --- [http-nio-10000-exec-10] org.hibernate.SQL                        : 
    select
        u1_0.id,
        u1_0.bio,
        u1_0.completed_jobs,
        u1_0.country,
        u1_0.created_at,
        u1_0.email,
        u1_0.email_verification_token,
        u1_0.email_verification_token_expiry,
        u1_0.email_verified,
        u1_0.hourly_rate,
        u1_0.name,
        u1_0.password,
        u1_0.phone,
        u1_0.profile_picture,
        u1_0.rating,
        u1_0.role,
        u1_0.skills 
    from
        users u1_0 
    where
        u1_0.id=?
2026-02-17T09:38:10.656+05:30 DEBUG 11684 --- [http-nio-10000-exec-10] org.hibernate.SQL                        : 
    select
        u1_0.id,
        u1_0.bio,
        u1_0.completed_jobs,
        u1_0.country,
        u1_0.created_at,
        u1_0.email,
        u1_0.email_verification_token,
        u1_0.email_verification_token_expiry,
        u1_0.email_verified,
        u1_0.hourly_rate,
        u1_0.name,
        u1_0.password,
        u1_0.phone,
        u1_0.profile_picture,
        u1_0.rating,
        u1_0.role,
        u1_0.skills 
    from
        users u1_0 
    where
        u1_0.id=?
2026-02-17T09:38:10.662+05:30 DEBUG 11684 --- [http-nio-10000-exec-10] o.s.w.s.m.m.a.HttpEntityMethodProcessor  : Using 'application/json', given [application/json, text/plain, */*] and supported [application/json, application/*+json, application/yaml]
2026-02-17T09:38:10.662+05:30 DEBUG 11684 --- [http-nio-10000-exec-10] o.s.w.s.m.m.a.HttpEntityMethodProcessor  : Writing [[com.marketplace.job.JobResponseDTO@37836919, com.marketplace.job.JobResponseDTO@f10651e, com.market (truncated)...]
2026-02-17T09:38:10.664+05:30 DEBUG 11684 --- [http-nio-10000-exec-10] o.s.web.servlet.DispatcherServlet        : Completed 200 OK
2026-02-17T09:38:10.723+05:30 DEBUG 11684 --- [http-nio-10000-exec-1] o.s.security.web.FilterChainProxy        : Securing GET /api/proposals/my-proposals
2026-02-17T09:38:10.736+05:30 DEBUG 11684 --- [http-nio-10000-exec-1] org.hibernate.SQL                        : 
    select
        u1_0.id,
        u1_0.bio,
        u1_0.completed_jobs,
        u1_0.country,
        u1_0.created_at,
        u1_0.email,
        u1_0.email_verification_token,
        u1_0.email_verification_token_expiry,
        u1_0.email_verified,
        u1_0.hourly_rate,
        u1_0.name,
        u1_0.password,
        u1_0.phone,
        u1_0.profile_picture,
        u1_0.rating,
        u1_0.role,
        u1_0.skills 
    from
        users u1_0 
    where
        u1_0.email=?
2026-02-17T09:38:10.745+05:30 DEBUG 11684 --- [http-nio-10000-exec-1] o.s.security.web.FilterChainProxy        : Secured GET /api/proposals/my-proposals
2026-02-17T09:38:10.746+05:30 DEBUG 11684 --- [http-nio-10000-exec-1] o.s.web.servlet.DispatcherServlet        : GET "/api/proposals/my-proposals", parameters={}
2026-02-17T09:38:10.747+05:30 DEBUG 11684 --- [http-nio-10000-exec-1] s.w.s.m.m.a.RequestMappingHandlerMapping : Mapped to com.marketplace.proposal.ProposalController#getMyProposals()
2026-02-17T09:38:10.749+05:30 DEBUG 11684 --- [http-nio-10000-exec-1] org.hibernate.SQL                        : 
    select
        u1_0.id,
        u1_0.bio,
        u1_0.completed_jobs,
        u1_0.country,
        u1_0.created_at,
        u1_0.email,
        u1_0.email_verification_token,
        u1_0.email_verification_token_expiry,
        u1_0.email_verified,
        u1_0.hourly_rate,
        u1_0.name,
        u1_0.password,
        u1_0.phone,
        u1_0.profile_picture,
        u1_0.rating,
        u1_0.role,
        u1_0.skills 
    from
        users u1_0 
    where
        u1_0.email=?
2026-02-17T09:38:10.755+05:30 DEBUG 11684 --- [http-nio-10000-exec-1] org.hibernate.SQL                        : 
    select
        u1_0.id,
        u1_0.bio,
        u1_0.completed_jobs,
        u1_0.country,
        u1_0.created_at,
        u1_0.email,
        u1_0.email_verification_token,
        u1_0.email_verification_token_expiry,
        u1_0.email_verified,
        u1_0.hourly_rate,
        u1_0.name,
        u1_0.password,
        u1_0.phone,
        u1_0.profile_picture,
        u1_0.rating,
        u1_0.role,
        u1_0.skills 
    from
        users u1_0 
    where
        u1_0.email=?
2026-02-17T09:38:10.762+05:30 DEBUG 11684 --- [http-nio-10000-exec-1] org.hibernate.SQL                        : 
    select
        p1_0.id,
        p1_0.client_message,
        p1_0.cover_letter,
        p1_0.estimated_days,
        p1_0.freelancer_id,
        p1_0.job_id,
        p1_0.proposed_price,
        p1_0.responded_at,
        p1_0.status,
        p1_0.submitted_at 
    from
        proposals p1_0 
    where
        p1_0.freelancer_id=?
2026-02-17T09:38:10.767+05:30 DEBUG 11684 --- [http-nio-10000-exec-1] org.hibernate.SQL                        : 
    select
        j1_0.id,
        j1_0.freelancer_id,
        j1_0.budget,
        j1_0.client_id,
        j1_0.created_at,
        j1_0.deadline,
        j1_0.description,
        j1_0.estimated_duration,
        j1_0.skills_required,
        j1_0.status,
        j1_0.title,
        j1_0.type 
    from
        jobs j1_0 
    where
        j1_0.id=?
2026-02-17T09:38:10.769+05:30 DEBUG 11684 --- [http-nio-10000-exec-1] org.hibernate.SQL                        : 
    select
        c1_0.id,
        c1_0.amount_in_escrow,
        c1_0.amount_paid_to_freelancer,
        c1_0.cancellation_reason,
        c1_0.cancelled_at,
        c1_0.client_id,
        c1_0.client_rating,
        c1_0.client_review,
        c1_0.completed_at,
        c1_0.created_at,
        c1_0.deadline,
        c1_0.description,
        c1_0.due_date,
        c1_0.end_date,
        c1_0.escrow_funded,
        c1_0.escrow_funded_at,
        c1_0.freelancer_id,
        c1_0.freelancer_earnings,
        c1_0.freelancer_rating,
        c1_0.freelancer_review,
        c1_0.job_id,
        c1_0.platform_fee,
        c1_0.proposal_id,
        p1_0.id,
        p1_0.client_message,
        p1_0.cover_letter,
        p1_0.estimated_days,
        p1_0.freelancer_id,
        p1_0.job_id,
        p1_0.proposed_price,
        p1_0.responded_at,
        p1_0.status,
        p1_0.submitted_at,
        c1_0.protection_period,
        c1_0.start_date,
        c1_0.status,
        c1_0.title,
        c1_0.total_amount 
    from
        contracts c1_0 
    join
        proposals p1_0 
            on p1_0.id=c1_0.proposal_id 
    where
        c1_0.job_id=?
2026-02-17T09:38:10.772+05:30 DEBUG 11684 --- [http-nio-10000-exec-1] org.hibernate.SQL                        : 
    select
        j1_0.id,
        j1_0.freelancer_id,
        j1_0.budget,
        j1_0.client_id,
        j1_0.created_at,
        j1_0.deadline,
        j1_0.description,
        j1_0.estimated_duration,
        j1_0.skills_required,
        j1_0.status,
        j1_0.title,
        j1_0.type 
    from
        jobs j1_0 
    where
        j1_0.id=?
2026-02-17T09:38:10.774+05:30 DEBUG 11684 --- [http-nio-10000-exec-1] org.hibernate.SQL                        : 
    select
        c1_0.id,
        c1_0.amount_in_escrow,
        c1_0.amount_paid_to_freelancer,
        c1_0.cancellation_reason,
        c1_0.cancelled_at,
        c1_0.client_id,
        c1_0.client_rating,
        c1_0.client_review,
        c1_0.completed_at,
        c1_0.created_at,
        c1_0.deadline,
        c1_0.description,
        c1_0.due_date,
        c1_0.end_date,
        c1_0.escrow_funded,
        c1_0.escrow_funded_at,
        c1_0.freelancer_id,
        c1_0.freelancer_earnings,
        c1_0.freelancer_rating,
        c1_0.freelancer_review,
        c1_0.job_id,
        c1_0.platform_fee,
        c1_0.proposal_id,
        p1_0.id,
        p1_0.client_message,
        p1_0.cover_letter,
        p1_0.estimated_days,
        p1_0.freelancer_id,
        p1_0.job_id,
        p1_0.proposed_price,
        p1_0.responded_at,
        p1_0.status,
        p1_0.submitted_at,
        c1_0.protection_period,
        c1_0.start_date,
        c1_0.status,
        c1_0.title,
        c1_0.total_amount 
    from
        contracts c1_0 
    join
        proposals p1_0 
            on p1_0.id=c1_0.proposal_id 
    where
        c1_0.job_id=?
2026-02-17T09:38:10.778+05:30 DEBUG 11684 --- [http-nio-10000-exec-1] org.hibernate.SQL                        : 
    select
        j1_0.id,
        j1_0.freelancer_id,
        j1_0.budget,
        j1_0.client_id,
        j1_0.created_at,
        j1_0.deadline,
        j1_0.description,
        j1_0.estimated_duration,
        j1_0.skills_required,
        j1_0.status,
        j1_0.title,
        j1_0.type 
    from
        jobs j1_0 
    where
        j1_0.id=?
2026-02-17T09:38:10.781+05:30 DEBUG 11684 --- [http-nio-10000-exec-1] org.hibernate.SQL                        : 
    select
        c1_0.id,
        c1_0.amount_in_escrow,
        c1_0.amount_paid_to_freelancer,
        c1_0.cancellation_reason,
        c1_0.cancelled_at,
        c1_0.client_id,
        c1_0.client_rating,
        c1_0.client_review,
        c1_0.completed_at,
        c1_0.created_at,
        c1_0.deadline,
        c1_0.description,
        c1_0.due_date,
        c1_0.end_date,
        c1_0.escrow_funded,
        c1_0.escrow_funded_at,
        c1_0.freelancer_id,
        c1_0.freelancer_earnings,
        c1_0.freelancer_rating,
        c1_0.freelancer_review,
        c1_0.job_id,
        c1_0.platform_fee,
        c1_0.proposal_id,
        p1_0.id,
        p1_0.client_message,
        p1_0.cover_letter,
        p1_0.estimated_days,
        p1_0.freelancer_id,
        p1_0.job_id,
        p1_0.proposed_price,
        p1_0.responded_at,
        p1_0.status,
        p1_0.submitted_at,
        c1_0.protection_period,
        c1_0.start_date,
        c1_0.status,
        c1_0.title,
        c1_0.total_amount 
    from
        contracts c1_0 
    join
        proposals p1_0 
            on p1_0.id=c1_0.proposal_id 
    where
        c1_0.job_id=?
2026-02-17T09:38:10.784+05:30 DEBUG 11684 --- [http-nio-10000-exec-1] org.hibernate.SQL                        : 
    select
        j1_0.id,
        j1_0.freelancer_id,
        j1_0.budget,
        j1_0.client_id,
        j1_0.created_at,
        j1_0.deadline,
        j1_0.description,
        j1_0.estimated_duration,
        j1_0.skills_required,
        j1_0.status,
        j1_0.title,
        j1_0.type 
    from
        jobs j1_0 
    where
        j1_0.id=?
2026-02-17T09:38:10.787+05:30 DEBUG 11684 --- [http-nio-10000-exec-1] org.hibernate.SQL                        : 
    select
        c1_0.id,
        c1_0.amount_in_escrow,
        c1_0.amount_paid_to_freelancer,
        c1_0.cancellation_reason,
        c1_0.cancelled_at,
        c1_0.client_id,
        c1_0.client_rating,
        c1_0.client_review,
        c1_0.completed_at,
        c1_0.created_at,
        c1_0.deadline,
        c1_0.description,
        c1_0.due_date,
        c1_0.end_date,
        c1_0.escrow_funded,
        c1_0.escrow_funded_at,
        c1_0.freelancer_id,
        c1_0.freelancer_earnings,
        c1_0.freelancer_rating,
        c1_0.freelancer_review,
        c1_0.job_id,
        c1_0.platform_fee,
        c1_0.proposal_id,
        p1_0.id,
        p1_0.client_message,
        p1_0.cover_letter,
        p1_0.estimated_days,
        p1_0.freelancer_id,
        p1_0.job_id,
        p1_0.proposed_price,
        p1_0.responded_at,
        p1_0.status,
        p1_0.submitted_at,
        c1_0.protection_period,
        c1_0.start_date,
        c1_0.status,
        c1_0.title,
        c1_0.total_amount 
    from
        contracts c1_0 
    join
        proposals p1_0 
            on p1_0.id=c1_0.proposal_id 
    where
        c1_0.job_id=?
2026-02-17T09:38:10.791+05:30 DEBUG 11684 --- [http-nio-10000-exec-1] o.s.w.s.m.m.a.HttpEntityMethodProcessor  : Using 'application/json', given [application/json, text/plain, */*] and supported [application/json, application/*+json, application/yaml]
2026-02-17T09:38:10.792+05:30 DEBUG 11684 --- [http-nio-10000-exec-1] o.s.w.s.m.m.a.HttpEntityMethodProcessor  : Writing [[com.marketplace.proposal.ProposalResponseDTO@1d0c7f30, com.marketplace.proposal.ProposalResponseDTO (truncated)...]
2026-02-17T09:38:10.820+05:30 DEBUG 11684 --- [http-nio-10000-exec-1] o.s.web.servlet.DispatcherServlet        : Completed 200 OK
2026-02-17T09:38:10.826+05:30 DEBUG 11684 --- [http-nio-10000-exec-2] o.s.security.web.FilterChainProxy        : Securing GET /api/contracts/my-contracts
2026-02-17T09:38:10.835+05:30 DEBUG 11684 --- [http-nio-10000-exec-2] org.hibernate.SQL                        : 
    select
        u1_0.id,
        u1_0.bio,
        u1_0.completed_jobs,
        u1_0.country,
        u1_0.created_at,
        u1_0.email,
        u1_0.email_verification_token,
        u1_0.email_verification_token_expiry,
        u1_0.email_verified,
        u1_0.hourly_rate,
        u1_0.name,
        u1_0.password,
        u1_0.phone,
        u1_0.profile_picture,
        u1_0.rating,
        u1_0.role,
        u1_0.skills 
    from
        users u1_0 
    where
        u1_0.email=?
2026-02-17T09:38:10.846+05:30 DEBUG 11684 --- [http-nio-10000-exec-2] o.s.security.web.FilterChainProxy        : Secured GET /api/contracts/my-contracts
2026-02-17T09:38:10.848+05:30 DEBUG 11684 --- [http-nio-10000-exec-2] o.s.web.servlet.DispatcherServlet        : GET "/api/contracts/my-contracts", parameters={}
2026-02-17T09:38:10.849+05:30 DEBUG 11684 --- [http-nio-10000-exec-2] s.w.s.m.m.a.RequestMappingHandlerMapping : Mapped to com.marketplace.contract.ContractController#getMyContracts()
2026-02-17T09:38:10.851+05:30 DEBUG 11684 --- [http-nio-10000-exec-2] org.hibernate.SQL                        : 
    select
        u1_0.id,
        u1_0.bio,
        u1_0.completed_jobs,
        u1_0.country,
        u1_0.created_at,
        u1_0.email,
        u1_0.email_verification_token,
        u1_0.email_verification_token_expiry,
        u1_0.email_verified,
        u1_0.hourly_rate,
        u1_0.name,
        u1_0.password,
        u1_0.phone,
        u1_0.profile_picture,
        u1_0.rating,
        u1_0.role,
        u1_0.skills 
    from
        users u1_0 
    where
        u1_0.email=?
2026-02-17T09:38:10.859+05:30 DEBUG 11684 --- [http-nio-10000-exec-2] org.hibernate.SQL                        : 
    select
        c1_0.id,
        c1_0.amount_in_escrow,
        c1_0.amount_paid_to_freelancer,
        c1_0.cancellation_reason,
        c1_0.cancelled_at,
        c1_0.client_id,
        c1_0.client_rating,
        c1_0.client_review,
        c1_0.completed_at,
        c1_0.created_at,
        c1_0.deadline,
        c1_0.description,
        c1_0.due_date,
        c1_0.end_date,
        c1_0.escrow_funded,
        c1_0.escrow_funded_at,
        c1_0.freelancer_id,
        c1_0.freelancer_earnings,
        c1_0.freelancer_rating,
        c1_0.freelancer_review,
        c1_0.job_id,
        c1_0.platform_fee,
        c1_0.proposal_id,
        c1_0.protection_period,
        c1_0.start_date,
        c1_0.status,
        c1_0.title,
        c1_0.total_amount 
    from
        contracts c1_0 
    where
        c1_0.client_id=?
2026-02-17T09:38:10.866+05:30 DEBUG 11684 --- [http-nio-10000-exec-2] org.hibernate.SQL                        : 
    select
        c1_0.id,
        c1_0.amount_in_escrow,
        c1_0.amount_paid_to_freelancer,
        c1_0.cancellation_reason,
        c1_0.cancelled_at,
        c1_0.client_id,
        c1_0.client_rating,
        c1_0.client_review,
        c1_0.completed_at,
        c1_0.created_at,
        c1_0.deadline,
        c1_0.description,
        c1_0.due_date,
        c1_0.end_date,
        c1_0.escrow_funded,
        c1_0.escrow_funded_at,
        c1_0.freelancer_id,
        c1_0.freelancer_earnings,
        c1_0.freelancer_rating,
        c1_0.freelancer_review,
        c1_0.job_id,
        c1_0.platform_fee,
        c1_0.proposal_id,
        c1_0.protection_period,
        c1_0.start_date,
        c1_0.status,
        c1_0.title,
        c1_0.total_amount 
    from
        contracts c1_0 
    where
        c1_0.freelancer_id=?
2026-02-17T09:38:10.869+05:30 DEBUG 11684 --- [http-nio-10000-exec-2] org.hibernate.SQL                        : 
    select
        p1_0.id,
        p1_0.client_message,
        p1_0.cover_letter,
        p1_0.estimated_days,
        p1_0.freelancer_id,
        p1_0.job_id,
        p1_0.proposed_price,
        p1_0.responded_at,
        p1_0.status,
        p1_0.submitted_at 
    from
        proposals p1_0 
    where
        p1_0.id=?
2026-02-17T09:38:10.872+05:30 DEBUG 11684 --- [http-nio-10000-exec-2] org.hibernate.SQL                        : 
    select
        p1_0.id,
        p1_0.client_message,
        p1_0.cover_letter,
        p1_0.estimated_days,
        p1_0.freelancer_id,
        p1_0.job_id,
        p1_0.proposed_price,
        p1_0.responded_at,
        p1_0.status,
        p1_0.submitted_at 
    from
        proposals p1_0 
    where
        p1_0.id=?
2026-02-17T09:38:10.875+05:30 DEBUG 11684 --- [http-nio-10000-exec-2] org.hibernate.SQL                        : 
    select
        j1_0.id,
        j1_0.freelancer_id,
        j1_0.budget,
        j1_0.client_id,
        j1_0.created_at,
        j1_0.deadline,
        j1_0.description,
        j1_0.estimated_duration,
        j1_0.skills_required,
        j1_0.status,
        j1_0.title,
        j1_0.type 
    from
        jobs j1_0 
    where
        j1_0.id=?
2026-02-17T09:38:10.878+05:30 DEBUG 11684 --- [http-nio-10000-exec-2] org.hibernate.SQL                        : 
    select
        u1_0.id,
        u1_0.bio,
        u1_0.completed_jobs,
        u1_0.country,
        u1_0.created_at,
        u1_0.email,
        u1_0.email_verification_token,
        u1_0.email_verification_token_expiry,
        u1_0.email_verified,
        u1_0.hourly_rate,
        u1_0.name,
        u1_0.password,
        u1_0.phone,
        u1_0.profile_picture,
        u1_0.rating,
        u1_0.role,
        u1_0.skills 
    from
        users u1_0 
    where
        u1_0.id=?
2026-02-17T09:38:10.882+05:30 DEBUG 11684 --- [http-nio-10000-exec-2] org.hibernate.SQL                        : 
    select
        j1_0.id,
        j1_0.freelancer_id,
        j1_0.budget,
        j1_0.client_id,
        j1_0.created_at,
        j1_0.deadline,
        j1_0.description,
        j1_0.estimated_duration,
        j1_0.skills_required,
        j1_0.status,
        j1_0.title,
        j1_0.type 
    from
        jobs j1_0 
    where
        j1_0.id=?
2026-02-17T09:38:10.887+05:30 DEBUG 11684 --- [http-nio-10000-exec-2] o.s.w.s.m.m.a.HttpEntityMethodProcessor  : Using 'application/json', given [application/json, text/plain, */*] and supported [application/json, application/*+json, application/yaml]
2026-02-17T09:38:10.888+05:30 DEBUG 11684 --- [http-nio-10000-exec-2] o.s.w.s.m.m.a.HttpEntityMethodProcessor  : Writing [[com.marketplace.contract.ContractResponseDTO@2486477a, com.marketplace.contract.ContractResponseDTO (truncated)...]
2026-02-17T09:38:10.889+05:30 DEBUG 11684 --- [http-nio-10000-exec-2] o.s.web.servlet.DispatcherServlet        : Completed 200 OK
2026-02-17T09:38:13.922+05:30 DEBUG 11684 --- [http-nio-10000-exec-3] o.s.security.web.FilterChainProxy        : Securing GET /api/jobs/open
2026-02-17T09:38:13.924+05:30 DEBUG 11684 --- [http-nio-10000-exec-3] o.s.s.w.a.AnonymousAuthenticationFilter  : Set SecurityContextHolder to anonymous SecurityContext
2026-02-17T09:38:13.925+05:30 DEBUG 11684 --- [http-nio-10000-exec-3] o.s.security.web.FilterChainProxy        : Secured GET /api/jobs/open
2026-02-17T09:38:13.927+05:30 DEBUG 11684 --- [http-nio-10000-exec-3] o.s.web.servlet.DispatcherServlet        : GET "/api/jobs/open", parameters={}
2026-02-17T09:38:13.928+05:30 DEBUG 11684 --- [http-nio-10000-exec-3] s.w.s.m.m.a.RequestMappingHandlerMapping : Mapped to com.marketplace.job.JobController#getOpenJobs()
2026-02-17T09:38:13.933+05:30 DEBUG 11684 --- [http-nio-10000-exec-3] org.hibernate.SQL                        : 
    select
        j1_0.id,
        j1_0.freelancer_id,
        j1_0.budget,
        j1_0.client_id,
        j1_0.created_at,
        j1_0.deadline,
        j1_0.description,
        j1_0.estimated_duration,
        j1_0.skills_required,
        j1_0.status,
        j1_0.title,
        j1_0.type 
    from
        jobs j1_0 
    where
        j1_0.status=? 
    order by
        j1_0.created_at desc
2026-02-17T09:38:13.937+05:30 DEBUG 11684 --- [http-nio-10000-exec-3] org.hibernate.SQL                        : 
    select
        c1_0.id,
        c1_0.amount_in_escrow,
        c1_0.amount_paid_to_freelancer,
        c1_0.cancellation_reason,
        c1_0.cancelled_at,
        c1_0.client_id,
        c1_0.client_rating,
        c1_0.client_review,
        c1_0.completed_at,
        c1_0.created_at,
        c1_0.deadline,
        c1_0.description,
        c1_0.due_date,
        c1_0.end_date,
        c1_0.escrow_funded,
        c1_0.escrow_funded_at,
        c1_0.freelancer_id,
        c1_0.freelancer_earnings,
        c1_0.freelancer_rating,
        c1_0.freelancer_review,
        c1_0.job_id,
        c1_0.platform_fee,
        c1_0.proposal_id,
        p1_0.id,
        p1_0.client_message,
        p1_0.cover_letter,
        p1_0.estimated_days,
        p1_0.freelancer_id,
        p1_0.job_id,
        p1_0.proposed_price,
        p1_0.responded_at,
        p1_0.status,
        p1_0.submitted_at,
        c1_0.protection_period,
        c1_0.start_date,
        c1_0.status,
        c1_0.title,
        c1_0.total_amount 
    from
        contracts c1_0 
    join
        proposals p1_0 
            on p1_0.id=c1_0.proposal_id 
    where
        c1_0.job_id=?
2026-02-17T09:38:13.940+05:30 DEBUG 11684 --- [http-nio-10000-exec-3] org.hibernate.SQL                        : 
    select
        c1_0.id,
        c1_0.amount_in_escrow,
        c1_0.amount_paid_to_freelancer,
        c1_0.cancellation_reason,
        c1_0.cancelled_at,
        c1_0.client_id,
        c1_0.client_rating,
        c1_0.client_review,
        c1_0.completed_at,
        c1_0.created_at,
        c1_0.deadline,
        c1_0.description,
        c1_0.due_date,
        c1_0.end_date,
        c1_0.escrow_funded,
        c1_0.escrow_funded_at,
        c1_0.freelancer_id,
        c1_0.freelancer_earnings,
        c1_0.freelancer_rating,
        c1_0.freelancer_review,
        c1_0.job_id,
        c1_0.platform_fee,
        c1_0.proposal_id,
        p1_0.id,
        p1_0.client_message,
        p1_0.cover_letter,
        p1_0.estimated_days,
        p1_0.freelancer_id,
        p1_0.job_id,
        p1_0.proposed_price,
        p1_0.responded_at,
        p1_0.status,
        p1_0.submitted_at,
        c1_0.protection_period,
        c1_0.start_date,
        c1_0.status,
        c1_0.title,
        c1_0.total_amount 
    from
        contracts c1_0 
    join
        proposals p1_0 
            on p1_0.id=c1_0.proposal_id 
    where
        c1_0.job_id=?
2026-02-17T09:38:13.943+05:30 DEBUG 11684 --- [http-nio-10000-exec-3] org.hibernate.SQL                        : 
    select
        c1_0.id,
        c1_0.amount_in_escrow,
        c1_0.amount_paid_to_freelancer,
        c1_0.cancellation_reason,
        c1_0.cancelled_at,
        c1_0.client_id,
        c1_0.client_rating,
        c1_0.client_review,
        c1_0.completed_at,
        c1_0.created_at,
        c1_0.deadline,
        c1_0.description,
        c1_0.due_date,
        c1_0.end_date,
        c1_0.escrow_funded,
        c1_0.escrow_funded_at,
        c1_0.freelancer_id,
        c1_0.freelancer_earnings,
        c1_0.freelancer_rating,
        c1_0.freelancer_review,
        c1_0.job_id,
        c1_0.platform_fee,
        c1_0.proposal_id,
        p1_0.id,
        p1_0.client_message,
        p1_0.cover_letter,
        p1_0.estimated_days,
        p1_0.freelancer_id,
        p1_0.job_id,
        p1_0.proposed_price,
        p1_0.responded_at,
        p1_0.status,
        p1_0.submitted_at,
        c1_0.protection_period,
        c1_0.start_date,
        c1_0.status,
        c1_0.title,
        c1_0.total_amount 
    from
        contracts c1_0 
    join
        proposals p1_0 
            on p1_0.id=c1_0.proposal_id 
    where
        c1_0.job_id=?
2026-02-17T09:38:13.947+05:30 DEBUG 11684 --- [http-nio-10000-exec-3] org.hibernate.SQL                        : 
    select
        c1_0.id,
        c1_0.amount_in_escrow,
        c1_0.amount_paid_to_freelancer,
        c1_0.cancellation_reason,
        c1_0.cancelled_at,
        c1_0.client_id,
        c1_0.client_rating,
        c1_0.client_review,
        c1_0.completed_at,
        c1_0.created_at,
        c1_0.deadline,
        c1_0.description,
        c1_0.due_date,
        c1_0.end_date,
        c1_0.escrow_funded,
        c1_0.escrow_funded_at,
        c1_0.freelancer_id,
        c1_0.freelancer_earnings,
        c1_0.freelancer_rating,
        c1_0.freelancer_review,
        c1_0.job_id,
        c1_0.platform_fee,
        c1_0.proposal_id,
        p1_0.id,
        p1_0.client_message,
        p1_0.cover_letter,
        p1_0.estimated_days,
        p1_0.freelancer_id,
        p1_0.job_id,
        p1_0.proposed_price,
        p1_0.responded_at,
        p1_0.status,
        p1_0.submitted_at,
        c1_0.protection_period,
        c1_0.start_date,
        c1_0.status,
        c1_0.title,
        c1_0.total_amount 
    from
        contracts c1_0 
    join
        proposals p1_0 
            on p1_0.id=c1_0.proposal_id 
    where
        c1_0.job_id=?
2026-02-17T09:38:13.951+05:30 DEBUG 11684 --- [http-nio-10000-exec-3] org.hibernate.SQL                        : 
    select
        u1_0.id,
        u1_0.bio,
        u1_0.completed_jobs,
        u1_0.country,
        u1_0.created_at,
        u1_0.email,
        u1_0.email_verification_token,
        u1_0.email_verification_token_expiry,
        u1_0.email_verified,
        u1_0.hourly_rate,
        u1_0.name,
        u1_0.password,
        u1_0.phone,
        u1_0.profile_picture,
        u1_0.rating,
        u1_0.role,
        u1_0.skills 
    from
        users u1_0 
    where
        u1_0.id=?
2026-02-17T09:38:13.954+05:30 DEBUG 11684 --- [http-nio-10000-exec-3] org.hibernate.SQL                        : 
    select
        u1_0.id,
        u1_0.bio,
        u1_0.completed_jobs,
        u1_0.country,
        u1_0.created_at,
        u1_0.email,
        u1_0.email_verification_token,
        u1_0.email_verification_token_expiry,
        u1_0.email_verified,
        u1_0.hourly_rate,
        u1_0.name,
        u1_0.password,
        u1_0.phone,
        u1_0.profile_picture,
        u1_0.rating,
        u1_0.role,
        u1_0.skills 
    from
        users u1_0 
    where
        u1_0.id=?
2026-02-17T09:38:13.957+05:30 DEBUG 11684 --- [http-nio-10000-exec-3] org.hibernate.SQL                        : 
    select
        u1_0.id,
        u1_0.bio,
        u1_0.completed_jobs,
        u1_0.country,
        u1_0.created_at,
        u1_0.email,
        u1_0.email_verification_token,
        u1_0.email_verification_token_expiry,
        u1_0.email_verified,
        u1_0.hourly_rate,
        u1_0.name,
        u1_0.password,
        u1_0.phone,
        u1_0.profile_picture,
        u1_0.rating,
        u1_0.role,
        u1_0.skills 
    from
        users u1_0 
    where
        u1_0.id=?
2026-02-17T09:38:13.963+05:30 DEBUG 11684 --- [http-nio-10000-exec-3] o.s.w.s.m.m.a.HttpEntityMethodProcessor  : Using 'application/json', given [application/json, text/plain, */*] and supported [application/json, application/*+json, application/yaml]
2026-02-17T09:38:13.963+05:30 DEBUG 11684 --- [http-nio-10000-exec-3] o.s.w.s.m.m.a.HttpEntityMethodProcessor  : Writing [[com.marketplace.job.JobResponseDTO@206b0761, com.marketplace.job.JobResponseDTO@6d06044d, com.marke (truncated)...]
2026-02-17T09:38:13.966+05:30 DEBUG 11684 --- [http-nio-10000-exec-3] o.s.web.servlet.DispatcherServlet        : Completed 200 OK
2026-02-17T09:39:03.388+05:30 DEBUG 11684 --- [http-nio-10000-exec-5] o.s.security.web.FilterChainProxy        : Securing GET /api/proposals/my-proposals
2026-02-17T09:39:03.408+05:30 DEBUG 11684 --- [http-nio-10000-exec-5] org.hibernate.SQL                        : 
    select
        u1_0.id,
        u1_0.bio,
        u1_0.completed_jobs,
        u1_0.country,
        u1_0.created_at,
        u1_0.email,
        u1_0.email_verification_token,
        u1_0.email_verification_token_expiry,
        u1_0.email_verified,
        u1_0.hourly_rate,
        u1_0.name,
        u1_0.password,
        u1_0.phone,
        u1_0.profile_picture,
        u1_0.rating,
        u1_0.role,
        u1_0.skills 
    from
        users u1_0 
    where
        u1_0.email=?
2026-02-17T09:39:03.420+05:30 DEBUG 11684 --- [http-nio-10000-exec-5] o.s.security.web.FilterChainProxy        : Secured GET /api/proposals/my-proposals
2026-02-17T09:39:03.422+05:30 DEBUG 11684 --- [http-nio-10000-exec-5] o.s.web.servlet.DispatcherServlet        : GET "/api/proposals/my-proposals", parameters={}
2026-02-17T09:39:03.423+05:30 DEBUG 11684 --- [http-nio-10000-exec-5] s.w.s.m.m.a.RequestMappingHandlerMapping : Mapped to com.marketplace.proposal.ProposalController#getMyProposals()
2026-02-17T09:39:03.432+05:30 DEBUG 11684 --- [http-nio-10000-exec-5] org.hibernate.SQL                        : 
    select
        u1_0.id,
        u1_0.bio,
        u1_0.completed_jobs,
        u1_0.country,
        u1_0.created_at,
        u1_0.email,
        u1_0.email_verification_token,
        u1_0.email_verification_token_expiry,
        u1_0.email_verified,
        u1_0.hourly_rate,
        u1_0.name,
        u1_0.password,
        u1_0.phone,
        u1_0.profile_picture,
        u1_0.rating,
        u1_0.role,
        u1_0.skills 
    from
        users u1_0 
    where
        u1_0.email=?
2026-02-17T09:39:03.442+05:30 DEBUG 11684 --- [http-nio-10000-exec-5] org.hibernate.SQL                        : 
    select
        u1_0.id,
        u1_0.bio,
        u1_0.completed_jobs,
        u1_0.country,
        u1_0.created_at,
        u1_0.email,
        u1_0.email_verification_token,
        u1_0.email_verification_token_expiry,
        u1_0.email_verified,
        u1_0.hourly_rate,
        u1_0.name,
        u1_0.password,
        u1_0.phone,
        u1_0.profile_picture,
        u1_0.rating,
        u1_0.role,
        u1_0.skills 
    from
        users u1_0 
    where
        u1_0.email=?
2026-02-17T09:39:03.453+05:30 DEBUG 11684 --- [http-nio-10000-exec-5] org.hibernate.SQL                        : 
    select
        p1_0.id,
        p1_0.client_message,
        p1_0.cover_letter,
        p1_0.estimated_days,
        p1_0.freelancer_id,
        p1_0.job_id,
        p1_0.proposed_price,
        p1_0.responded_at,
        p1_0.status,
        p1_0.submitted_at 
    from
        proposals p1_0 
    where
        p1_0.freelancer_id=?
2026-02-17T09:39:03.458+05:30 DEBUG 11684 --- [http-nio-10000-exec-5] org.hibernate.SQL                        : 
    select
        j1_0.id,
        j1_0.freelancer_id,
        j1_0.budget,
        j1_0.client_id,
        j1_0.created_at,
        j1_0.deadline,
        j1_0.description,
        j1_0.estimated_duration,
        j1_0.skills_required,
        j1_0.status,
        j1_0.title,
        j1_0.type 
    from
        jobs j1_0 
    where
        j1_0.id=?
2026-02-17T09:39:03.461+05:30 DEBUG 11684 --- [http-nio-10000-exec-5] org.hibernate.SQL                        : 
    select
        c1_0.id,
        c1_0.amount_in_escrow,
        c1_0.amount_paid_to_freelancer,
        c1_0.cancellation_reason,
        c1_0.cancelled_at,
        c1_0.client_id,
        c1_0.client_rating,
        c1_0.client_review,
        c1_0.completed_at,
        c1_0.created_at,
        c1_0.deadline,
        c1_0.description,
        c1_0.due_date,
        c1_0.end_date,
        c1_0.escrow_funded,
        c1_0.escrow_funded_at,
        c1_0.freelancer_id,
        c1_0.freelancer_earnings,
        c1_0.freelancer_rating,
        c1_0.freelancer_review,
        c1_0.job_id,
        c1_0.platform_fee,
        c1_0.proposal_id,
        p1_0.id,
        p1_0.client_message,
        p1_0.cover_letter,
        p1_0.estimated_days,
        p1_0.freelancer_id,
        p1_0.job_id,
        p1_0.proposed_price,
        p1_0.responded_at,
        p1_0.status,
        p1_0.submitted_at,
        c1_0.protection_period,
        c1_0.start_date,
        c1_0.status,
        c1_0.title,
        c1_0.total_amount 
    from
        contracts c1_0 
    join
        proposals p1_0 
            on p1_0.id=c1_0.proposal_id 
    where
        c1_0.job_id=?
2026-02-17T09:39:03.469+05:30 DEBUG 11684 --- [http-nio-10000-exec-5] org.hibernate.SQL                        : 
    select
        j1_0.id,
        j1_0.freelancer_id,
        j1_0.budget,
        j1_0.client_id,
        j1_0.created_at,
        j1_0.deadline,
        j1_0.description,
        j1_0.estimated_duration,
        j1_0.skills_required,
        j1_0.status,
        j1_0.title,
        j1_0.type 
    from
        jobs j1_0 
    where
        j1_0.id=?
2026-02-17T09:39:03.471+05:30 DEBUG 11684 --- [http-nio-10000-exec-5] org.hibernate.SQL                        : 
    select
        c1_0.id,
        c1_0.amount_in_escrow,
        c1_0.amount_paid_to_freelancer,
        c1_0.cancellation_reason,
        c1_0.cancelled_at,
        c1_0.client_id,
        c1_0.client_rating,
        c1_0.client_review,
        c1_0.completed_at,
        c1_0.created_at,
        c1_0.deadline,
        c1_0.description,
        c1_0.due_date,
        c1_0.end_date,
        c1_0.escrow_funded,
        c1_0.escrow_funded_at,
        c1_0.freelancer_id,
        c1_0.freelancer_earnings,
        c1_0.freelancer_rating,
        c1_0.freelancer_review,
        c1_0.job_id,
        c1_0.platform_fee,
        c1_0.proposal_id,
        p1_0.id,
        p1_0.client_message,
        p1_0.cover_letter,
        p1_0.estimated_days,
        p1_0.freelancer_id,
        p1_0.job_id,
        p1_0.proposed_price,
        p1_0.responded_at,
        p1_0.status,
        p1_0.submitted_at,
        c1_0.protection_period,
        c1_0.start_date,
        c1_0.status,
        c1_0.title,
        c1_0.total_amount 
    from
        contracts c1_0 
    join
        proposals p1_0 
            on p1_0.id=c1_0.proposal_id 
    where
        c1_0.job_id=?
2026-02-17T09:39:03.477+05:30 DEBUG 11684 --- [http-nio-10000-exec-5] org.hibernate.SQL                        : 
    select
        j1_0.id,
        j1_0.freelancer_id,
        j1_0.budget,
        j1_0.client_id,
        j1_0.created_at,
        j1_0.deadline,
        j1_0.description,
        j1_0.estimated_duration,
        j1_0.skills_required,
        j1_0.status,
        j1_0.title,
        j1_0.type 
    from
        jobs j1_0 
    where
        j1_0.id=?
2026-02-17T09:39:03.480+05:30 DEBUG 11684 --- [http-nio-10000-exec-5] org.hibernate.SQL                        : 
    select
        c1_0.id,
        c1_0.amount_in_escrow,
        c1_0.amount_paid_to_freelancer,
        c1_0.cancellation_reason,
        c1_0.cancelled_at,
        c1_0.client_id,
        c1_0.client_rating,
        c1_0.client_review,
        c1_0.completed_at,
        c1_0.created_at,
        c1_0.deadline,
        c1_0.description,
        c1_0.due_date,
        c1_0.end_date,
        c1_0.escrow_funded,
        c1_0.escrow_funded_at,
        c1_0.freelancer_id,
        c1_0.freelancer_earnings,
        c1_0.freelancer_rating,
        c1_0.freelancer_review,
        c1_0.job_id,
        c1_0.platform_fee,
        c1_0.proposal_id,
        p1_0.id,
        p1_0.client_message,
        p1_0.cover_letter,
        p1_0.estimated_days,
        p1_0.freelancer_id,
        p1_0.job_id,
        p1_0.proposed_price,
        p1_0.responded_at,
        p1_0.status,
        p1_0.submitted_at,
        c1_0.protection_period,
        c1_0.start_date,
        c1_0.status,
        c1_0.title,
        c1_0.total_amount 
    from
        contracts c1_0 
    join
        proposals p1_0 
            on p1_0.id=c1_0.proposal_id 
    where
        c1_0.job_id=?
2026-02-17T09:39:03.484+05:30 DEBUG 11684 --- [http-nio-10000-exec-5] org.hibernate.SQL                        : 
    select
        j1_0.id,
        j1_0.freelancer_id,
        j1_0.budget,
        j1_0.client_id,
        j1_0.created_at,
        j1_0.deadline,
        j1_0.description,
        j1_0.estimated_duration,
        j1_0.skills_required,
        j1_0.status,
        j1_0.title,
        j1_0.type 
    from
        jobs j1_0 
    where
        j1_0.id=?
2026-02-17T09:39:03.486+05:30 DEBUG 11684 --- [http-nio-10000-exec-5] org.hibernate.SQL                        : 
    select
        c1_0.id,
        c1_0.amount_in_escrow,
        c1_0.amount_paid_to_freelancer,
        c1_0.cancellation_reason,
        c1_0.cancelled_at,
        c1_0.client_id,
        c1_0.client_rating,
        c1_0.client_review,
        c1_0.completed_at,
        c1_0.created_at,
        c1_0.deadline,
        c1_0.description,
        c1_0.due_date,
        c1_0.end_date,
        c1_0.escrow_funded,
        c1_0.escrow_funded_at,
        c1_0.freelancer_id,
        c1_0.freelancer_earnings,
        c1_0.freelancer_rating,
        c1_0.freelancer_review,
        c1_0.job_id,
        c1_0.platform_fee,
        c1_0.proposal_id,
        p1_0.id,
        p1_0.client_message,
        p1_0.cover_letter,
        p1_0.estimated_days,
        p1_0.freelancer_id,
        p1_0.job_id,
        p1_0.proposed_price,
        p1_0.responded_at,
        p1_0.status,
        p1_0.submitted_at,
        c1_0.protection_period,
        c1_0.start_date,
        c1_0.status,
        c1_0.title,
        c1_0.total_amount 
    from
        contracts c1_0 
    join
        proposals p1_0 
            on p1_0.id=c1_0.proposal_id 
    where
        c1_0.job_id=?
2026-02-17T09:39:03.495+05:30 DEBUG 11684 --- [http-nio-10000-exec-5] o.s.w.s.m.m.a.HttpEntityMethodProcessor  : Using 'application/json', given [application/json, text/plain, */*] and supported [application/json, application/*+json, application/yaml]
2026-02-17T09:39:03.495+05:30 DEBUG 11684 --- [http-nio-10000-exec-5] o.s.w.s.m.m.a.HttpEntityMethodProcessor  : Writing [[com.marketplace.proposal.ProposalResponseDTO@542ba847, com.marketplace.proposal.ProposalResponseDTO (truncated)...]
2026-02-17T09:39:03.497+05:30 DEBUG 11684 --- [http-nio-10000-exec-5] o.s.web.servlet.DispatcherServlet        : Completed 200 OK
2026-02-17T09:41:12.715+05:30 DEBUG 11684 --- [http-nio-10000-exec-6] o.s.security.web.FilterChainProxy        : Securing OPTIONS /api/proposals/8
2026-02-17T09:41:12.732+05:30 DEBUG 11684 --- [http-nio-10000-exec-7] o.s.security.web.FilterChainProxy        : Securing GET /api/proposals/8
2026-02-17T09:41:12.743+05:30 DEBUG 11684 --- [http-nio-10000-exec-7] org.hibernate.SQL                        : 
    select
        u1_0.id,
        u1_0.bio,
        u1_0.completed_jobs,
        u1_0.country,
        u1_0.created_at,
        u1_0.email,
        u1_0.email_verification_token,
        u1_0.email_verification_token_expiry,
        u1_0.email_verified,
        u1_0.hourly_rate,
        u1_0.name,
        u1_0.password,
        u1_0.phone,
        u1_0.profile_picture,
        u1_0.rating,
        u1_0.role,
        u1_0.skills 
    from
        users u1_0 
    where
        u1_0.email=?
2026-02-17T09:41:12.751+05:30 DEBUG 11684 --- [http-nio-10000-exec-7] o.s.security.web.FilterChainProxy        : Secured GET /api/proposals/8
2026-02-17T09:41:12.751+05:30 DEBUG 11684 --- [http-nio-10000-exec-7] o.s.web.servlet.DispatcherServlet        : GET "/api/proposals/8", parameters={}
2026-02-17T09:41:12.752+05:30 DEBUG 11684 --- [http-nio-10000-exec-7] s.w.s.m.m.a.RequestMappingHandlerMapping : Mapped to com.marketplace.proposal.ProposalController#getProposalById(Long)
2026-02-17T09:41:12.766+05:30 DEBUG 11684 --- [http-nio-10000-exec-7] org.hibernate.SQL                        : 
    select
        u1_0.id,
        u1_0.bio,
        u1_0.completed_jobs,
        u1_0.country,
        u1_0.created_at,
        u1_0.email,
        u1_0.email_verification_token,
        u1_0.email_verification_token_expiry,
        u1_0.email_verified,
        u1_0.hourly_rate,
        u1_0.name,
        u1_0.password,
        u1_0.phone,
        u1_0.profile_picture,
        u1_0.rating,
        u1_0.role,
        u1_0.skills 
    from
        users u1_0 
    where
        u1_0.email=?
2026-02-17T09:41:12.788+05:30 DEBUG 11684 --- [http-nio-10000-exec-7] org.hibernate.SQL                        : 
    select
        p1_0.id,
        p1_0.client_message,
        p1_0.cover_letter,
        p1_0.estimated_days,
        p1_0.freelancer_id,
        p1_0.job_id,
        p1_0.proposed_price,
        p1_0.responded_at,
        p1_0.status,
        p1_0.submitted_at 
    from
        proposals p1_0 
    where
        p1_0.id=?
2026-02-17T09:41:12.810+05:30 DEBUG 11684 --- [http-nio-10000-exec-7] org.hibernate.SQL                        : 
    select
        j1_0.id,
        j1_0.freelancer_id,
        j1_0.budget,
        j1_0.client_id,
        j1_0.created_at,
        j1_0.deadline,
        j1_0.description,
        j1_0.estimated_duration,
        j1_0.skills_required,
        j1_0.status,
        j1_0.title,
        j1_0.type 
    from
        jobs j1_0 
    where
        j1_0.id=?
2026-02-17T09:41:12.812+05:30 DEBUG 11684 --- [http-nio-10000-exec-7] org.hibernate.SQL                        : 
    select
        c1_0.id,
        c1_0.amount_in_escrow,
        c1_0.amount_paid_to_freelancer,
        c1_0.cancellation_reason,
        c1_0.cancelled_at,
        c1_0.client_id,
        c1_0.client_rating,
        c1_0.client_review,
        c1_0.completed_at,
        c1_0.created_at,
        c1_0.deadline,
        c1_0.description,
        c1_0.due_date,
        c1_0.end_date,
        c1_0.escrow_funded,
        c1_0.escrow_funded_at,
        c1_0.freelancer_id,
        c1_0.freelancer_earnings,
        c1_0.freelancer_rating,
        c1_0.freelancer_review,
        c1_0.job_id,
        c1_0.platform_fee,
        c1_0.proposal_id,
        p1_0.id,
        p1_0.client_message,
        p1_0.cover_letter,
        p1_0.estimated_days,
        p1_0.freelancer_id,
        p1_0.job_id,
        p1_0.proposed_price,
        p1_0.responded_at,
        p1_0.status,
        p1_0.submitted_at,
        c1_0.protection_period,
        c1_0.start_date,
        c1_0.status,
        c1_0.title,
        c1_0.total_amount 
    from
        contracts c1_0 
    join
        proposals p1_0 
            on p1_0.id=c1_0.proposal_id 
    where
        c1_0.job_id=?
2026-02-17T09:41:12.818+05:30 DEBUG 11684 --- [http-nio-10000-exec-7] o.s.w.s.m.m.a.HttpEntityMethodProcessor  : Using 'application/json', given [application/json, text/plain, */*] and supported [application/json, application/*+json, application/yaml]
2026-02-17T09:41:12.818+05:30 DEBUG 11684 --- [http-nio-10000-exec-7] o.s.w.s.m.m.a.HttpEntityMethodProcessor  : Writing [com.marketplace.proposal.ProposalResponseDTO@493f3f4b]
2026-02-17T09:41:12.820+05:30 DEBUG 11684 --- [http-nio-10000-exec-7] o.s.web.servlet.DispatcherServlet        : Completed 200 OK
2026-02-17T09:41:12.829+05:30 DEBUG 11684 --- [http-nio-10000-exec-8] o.s.security.web.FilterChainProxy        : Securing GET /api/jobs/6
2026-02-17T09:41:12.832+05:30 DEBUG 11684 --- [http-nio-10000-exec-8] o.s.s.w.a.AnonymousAuthenticationFilter  : Set SecurityContextHolder to anonymous SecurityContext
2026-02-17T09:41:12.833+05:30 DEBUG 11684 --- [http-nio-10000-exec-8] o.s.security.web.FilterChainProxy        : Secured GET /api/jobs/6
2026-02-17T09:41:12.834+05:30 DEBUG 11684 --- [http-nio-10000-exec-8] o.s.web.servlet.DispatcherServlet        : GET "/api/jobs/6", parameters={}
2026-02-17T09:41:12.834+05:30 DEBUG 11684 --- [http-nio-10000-exec-8] s.w.s.m.m.a.RequestMappingHandlerMapping : Mapped to com.marketplace.job.JobController#getJobById(Long)
2026-02-17T09:41:12.841+05:30 DEBUG 11684 --- [http-nio-10000-exec-8] org.hibernate.SQL                        : 
    select
        j1_0.id,
        j1_0.freelancer_id,
        j1_0.budget,
        j1_0.client_id,
        j1_0.created_at,
        j1_0.deadline,
        j1_0.description,
        j1_0.estimated_duration,
        j1_0.skills_required,
        j1_0.status,
        j1_0.title,
        j1_0.type 
    from
        jobs j1_0 
    where
        j1_0.id=?
2026-02-17T09:41:12.845+05:30 DEBUG 11684 --- [http-nio-10000-exec-8] org.hibernate.SQL                        : 
    select
        c1_0.id,
        c1_0.amount_in_escrow,
        c1_0.amount_paid_to_freelancer,
        c1_0.cancellation_reason,
        c1_0.cancelled_at,
        c1_0.client_id,
        c1_0.client_rating,
        c1_0.client_review,
        c1_0.completed_at,
        c1_0.created_at,
        c1_0.deadline,
        c1_0.description,
        c1_0.due_date,
        c1_0.end_date,
        c1_0.escrow_funded,
        c1_0.escrow_funded_at,
        c1_0.freelancer_id,
        c1_0.freelancer_earnings,
        c1_0.freelancer_rating,
        c1_0.freelancer_review,
        c1_0.job_id,
        c1_0.platform_fee,
        c1_0.proposal_id,
        p1_0.id,
        p1_0.client_message,
        p1_0.cover_letter,
        p1_0.estimated_days,
        p1_0.freelancer_id,
        p1_0.job_id,
        p1_0.proposed_price,
        p1_0.responded_at,
        p1_0.status,
        p1_0.submitted_at,
        c1_0.protection_period,
        c1_0.start_date,
        c1_0.status,
        c1_0.title,
        c1_0.total_amount 
    from
        contracts c1_0 
    join
        proposals p1_0 
            on p1_0.id=c1_0.proposal_id 
    where
        c1_0.job_id=?
2026-02-17T09:41:12.851+05:30 DEBUG 11684 --- [http-nio-10000-exec-8] org.hibernate.SQL                        : 
    select
        u1_0.id,
        u1_0.bio,
        u1_0.completed_jobs,
        u1_0.country,
        u1_0.created_at,
        u1_0.email,
        u1_0.email_verification_token,
        u1_0.email_verification_token_expiry,
        u1_0.email_verified,
        u1_0.hourly_rate,
        u1_0.name,
        u1_0.password,
        u1_0.phone,
        u1_0.profile_picture,
        u1_0.rating,
        u1_0.role,
        u1_0.skills 
    from
        users u1_0 
    where
        u1_0.id=?
2026-02-17T09:41:12.858+05:30 DEBUG 11684 --- [http-nio-10000-exec-8] o.s.w.s.m.m.a.HttpEntityMethodProcessor  : Using 'application/json', given [application/json, text/plain, */*] and supported [application/json, application/*+json, application/yaml]
2026-02-17T09:41:12.858+05:30 DEBUG 11684 --- [http-nio-10000-exec-8] o.s.w.s.m.m.a.HttpEntityMethodProcessor  : Writing [com.marketplace.job.JobResponseDTO@63c8dd89]
2026-02-17T09:41:12.861+05:30 DEBUG 11684 --- [http-nio-10000-exec-8] o.s.web.servlet.DispatcherServlet        : Completed 200 OK
2026-02-17T09:41:24.372+05:30 DEBUG 11684 --- [http-nio-10000-exec-9] o.s.security.web.FilterChainProxy        : Securing GET /api/proposals/my-proposals
2026-02-17T09:41:24.382+05:30 DEBUG 11684 --- [http-nio-10000-exec-9] org.hibernate.SQL                        : 
    select
        u1_0.id,
        u1_0.bio,
        u1_0.completed_jobs,
        u1_0.country,
        u1_0.created_at,
        u1_0.email,
        u1_0.email_verification_token,
        u1_0.email_verification_token_expiry,
        u1_0.email_verified,
        u1_0.hourly_rate,
        u1_0.name,
        u1_0.password,
        u1_0.phone,
        u1_0.profile_picture,
        u1_0.rating,
        u1_0.role,
        u1_0.skills 
    from
        users u1_0 
    where
        u1_0.email=?
2026-02-17T09:41:24.397+05:30 DEBUG 11684 --- [http-nio-10000-exec-9] o.s.security.web.FilterChainProxy        : Secured GET /api/proposals/my-proposals
2026-02-17T09:41:24.399+05:30 DEBUG 11684 --- [http-nio-10000-exec-9] o.s.web.servlet.DispatcherServlet        : GET "/api/proposals/my-proposals", parameters={}
2026-02-17T09:41:24.400+05:30 DEBUG 11684 --- [http-nio-10000-exec-9] s.w.s.m.m.a.RequestMappingHandlerMapping : Mapped to com.marketplace.proposal.ProposalController#getMyProposals()
2026-02-17T09:41:24.404+05:30 DEBUG 11684 --- [http-nio-10000-exec-9] org.hibernate.SQL                        : 
    select
        u1_0.id,
        u1_0.bio,
        u1_0.completed_jobs,
        u1_0.country,
        u1_0.created_at,
        u1_0.email,
        u1_0.email_verification_token,
        u1_0.email_verification_token_expiry,
        u1_0.email_verified,
        u1_0.hourly_rate,
        u1_0.name,
        u1_0.password,
        u1_0.phone,
        u1_0.profile_picture,
        u1_0.rating,
        u1_0.role,
        u1_0.skills 
    from
        users u1_0 
    where
        u1_0.email=?
2026-02-17T09:41:24.410+05:30 DEBUG 11684 --- [http-nio-10000-exec-9] org.hibernate.SQL                        : 
    select
        u1_0.id,
        u1_0.bio,
        u1_0.completed_jobs,
        u1_0.country,
        u1_0.created_at,
        u1_0.email,
        u1_0.email_verification_token,
        u1_0.email_verification_token_expiry,
        u1_0.email_verified,
        u1_0.hourly_rate,
        u1_0.name,
        u1_0.password,
        u1_0.phone,
        u1_0.profile_picture,
        u1_0.rating,
        u1_0.role,
        u1_0.skills 
    from
        users u1_0 
    where
        u1_0.email=?
2026-02-17T09:41:24.418+05:30 DEBUG 11684 --- [http-nio-10000-exec-9] org.hibernate.SQL                        : 
    select
        p1_0.id,
        p1_0.client_message,
        p1_0.cover_letter,
        p1_0.estimated_days,
        p1_0.freelancer_id,
        p1_0.job_id,
        p1_0.proposed_price,
        p1_0.responded_at,
        p1_0.status,
        p1_0.submitted_at 
    from
        proposals p1_0 
    where
        p1_0.freelancer_id=?
2026-02-17T09:41:24.421+05:30 DEBUG 11684 --- [http-nio-10000-exec-9] org.hibernate.SQL                        : 
    select
        j1_0.id,
        j1_0.freelancer_id,
        j1_0.budget,
        j1_0.client_id,
        j1_0.created_at,
        j1_0.deadline,
        j1_0.description,
        j1_0.estimated_duration,
        j1_0.skills_required,
        j1_0.status,
        j1_0.title,
        j1_0.type 
    from
        jobs j1_0 
    where
        j1_0.id=?
2026-02-17T09:41:24.425+05:30 DEBUG 11684 --- [http-nio-10000-exec-9] org.hibernate.SQL                        : 
    select
        c1_0.id,
        c1_0.amount_in_escrow,
        c1_0.amount_paid_to_freelancer,
        c1_0.cancellation_reason,
        c1_0.cancelled_at,
        c1_0.client_id,
        c1_0.client_rating,
        c1_0.client_review,
        c1_0.completed_at,
        c1_0.created_at,
        c1_0.deadline,
        c1_0.description,
        c1_0.due_date,
        c1_0.end_date,
        c1_0.escrow_funded,
        c1_0.escrow_funded_at,
        c1_0.freelancer_id,
        c1_0.freelancer_earnings,
        c1_0.freelancer_rating,
        c1_0.freelancer_review,
        c1_0.job_id,
        c1_0.platform_fee,
        c1_0.proposal_id,
        p1_0.id,
        p1_0.client_message,
        p1_0.cover_letter,
        p1_0.estimated_days,
        p1_0.freelancer_id,
        p1_0.job_id,
        p1_0.proposed_price,
        p1_0.responded_at,
        p1_0.status,
        p1_0.submitted_at,
        c1_0.protection_period,
        c1_0.start_date,
        c1_0.status,
        c1_0.title,
        c1_0.total_amount 
    from
        contracts c1_0 
    join
        proposals p1_0 
            on p1_0.id=c1_0.proposal_id 
    where
        c1_0.job_id=?
2026-02-17T09:41:24.433+05:30 DEBUG 11684 --- [http-nio-10000-exec-9] org.hibernate.SQL                        : 
    select
        j1_0.id,
        j1_0.freelancer_id,
        j1_0.budget,
        j1_0.client_id,
        j1_0.created_at,
        j1_0.deadline,
        j1_0.description,
        j1_0.estimated_duration,
        j1_0.skills_required,
        j1_0.status,
        j1_0.title,
        j1_0.type 
    from
        jobs j1_0 
    where
        j1_0.id=?
2026-02-17T09:41:24.435+05:30 DEBUG 11684 --- [http-nio-10000-exec-9] org.hibernate.SQL                        : 
    select
        c1_0.id,
        c1_0.amount_in_escrow,
        c1_0.amount_paid_to_freelancer,
        c1_0.cancellation_reason,
        c1_0.cancelled_at,
        c1_0.client_id,
        c1_0.client_rating,
        c1_0.client_review,
        c1_0.completed_at,
        c1_0.created_at,
        c1_0.deadline,
        c1_0.description,
        c1_0.due_date,
        c1_0.end_date,
        c1_0.escrow_funded,
        c1_0.escrow_funded_at,
        c1_0.freelancer_id,
        c1_0.freelancer_earnings,
        c1_0.freelancer_rating,
        c1_0.freelancer_review,
        c1_0.job_id,
        c1_0.platform_fee,
        c1_0.proposal_id,
        p1_0.id,
        p1_0.client_message,
        p1_0.cover_letter,
        p1_0.estimated_days,
        p1_0.freelancer_id,
        p1_0.job_id,
        p1_0.proposed_price,
        p1_0.responded_at,
        p1_0.status,
        p1_0.submitted_at,
        c1_0.protection_period,
        c1_0.start_date,
        c1_0.status,
        c1_0.title,
        c1_0.total_amount 
    from
        contracts c1_0 
    join
        proposals p1_0 
            on p1_0.id=c1_0.proposal_id 
    where
        c1_0.job_id=?
2026-02-17T09:41:24.438+05:30 DEBUG 11684 --- [http-nio-10000-exec-9] org.hibernate.SQL                        : 
    select
        j1_0.id,
        j1_0.freelancer_id,
        j1_0.budget,
        j1_0.client_id,
        j1_0.created_at,
        j1_0.deadline,
        j1_0.description,
        j1_0.estimated_duration,
        j1_0.skills_required,
        j1_0.status,
        j1_0.title,
        j1_0.type 
    from
        jobs j1_0 
    where
        j1_0.id=?
2026-02-17T09:41:24.440+05:30 DEBUG 11684 --- [http-nio-10000-exec-9] org.hibernate.SQL                        : 
    select
        c1_0.id,
        c1_0.amount_in_escrow,
        c1_0.amount_paid_to_freelancer,
        c1_0.cancellation_reason,
        c1_0.cancelled_at,
        c1_0.client_id,
        c1_0.client_rating,
        c1_0.client_review,
        c1_0.completed_at,
        c1_0.created_at,
        c1_0.deadline,
        c1_0.description,
        c1_0.due_date,
        c1_0.end_date,
        c1_0.escrow_funded,
        c1_0.escrow_funded_at,
        c1_0.freelancer_id,
        c1_0.freelancer_earnings,
        c1_0.freelancer_rating,
        c1_0.freelancer_review,
        c1_0.job_id,
        c1_0.platform_fee,
        c1_0.proposal_id,
        p1_0.id,
        p1_0.client_message,
        p1_0.cover_letter,
        p1_0.estimated_days,
        p1_0.freelancer_id,
        p1_0.job_id,
        p1_0.proposed_price,
        p1_0.responded_at,
        p1_0.status,
        p1_0.submitted_at,
        c1_0.protection_period,
        c1_0.start_date,
        c1_0.status,
        c1_0.title,
        c1_0.total_amount 
    from
        contracts c1_0 
    join
        proposals p1_0 
            on p1_0.id=c1_0.proposal_id 
    where
        c1_0.job_id=?
2026-02-17T09:41:24.444+05:30 DEBUG 11684 --- [http-nio-10000-exec-9] org.hibernate.SQL                        : 
    select
        j1_0.id,
        j1_0.freelancer_id,
        j1_0.budget,
        j1_0.client_id,
        j1_0.created_at,
        j1_0.deadline,
        j1_0.description,
        j1_0.estimated_duration,
        j1_0.skills_required,
        j1_0.status,
        j1_0.title,
        j1_0.type 
    from
        jobs j1_0 
    where
        j1_0.id=?
2026-02-17T09:41:24.448+05:30 DEBUG 11684 --- [http-nio-10000-exec-9] org.hibernate.SQL                        : 
    select
        c1_0.id,
        c1_0.amount_in_escrow,
        c1_0.amount_paid_to_freelancer,
        c1_0.cancellation_reason,
        c1_0.cancelled_at,
        c1_0.client_id,
        c1_0.client_rating,
        c1_0.client_review,
        c1_0.completed_at,
        c1_0.created_at,
        c1_0.deadline,
        c1_0.description,
        c1_0.due_date,
        c1_0.end_date,
        c1_0.escrow_funded,
        c1_0.escrow_funded_at,
        c1_0.freelancer_id,
        c1_0.freelancer_earnings,
        c1_0.freelancer_rating,
        c1_0.freelancer_review,
        c1_0.job_id,
        c1_0.platform_fee,
        c1_0.proposal_id,
        p1_0.id,
        p1_0.client_message,
        p1_0.cover_letter,
        p1_0.estimated_days,
        p1_0.freelancer_id,
        p1_0.job_id,
        p1_0.proposed_price,
        p1_0.responded_at,
        p1_0.status,
        p1_0.submitted_at,
        c1_0.protection_period,
        c1_0.start_date,
        c1_0.status,
        c1_0.title,
        c1_0.total_amount 
    from
        contracts c1_0 
    join
        proposals p1_0 
            on p1_0.id=c1_0.proposal_id 
    where
        c1_0.job_id=?
2026-02-17T09:41:24.454+05:30 DEBUG 11684 --- [http-nio-10000-exec-9] o.s.w.s.m.m.a.HttpEntityMethodProcessor  : Using 'application/json', given [application/json, text/plain, */*] and supported [application/json, application/*+json, application/yaml]
2026-02-17T09:41:24.454+05:30 DEBUG 11684 --- [http-nio-10000-exec-9] o.s.w.s.m.m.a.HttpEntityMethodProcessor  : Writing [[com.marketplace.proposal.ProposalResponseDTO@6f7c48eb, com.marketplace.proposal.ProposalResponseDTO (truncated)...]
2026-02-17T09:41:24.456+05:30 DEBUG 11684 --- [http-nio-10000-exec-9] o.s.web.servlet.DispatcherServlet        : Completed 200 OK
2026-02-17T09:42:46.955+05:30 DEBUG 11684 --- [http-nio-10000-exec-1] o.s.security.web.FilterChainProxy        : Securing GET /api/proposals/my-proposals
2026-02-17T09:42:46.982+05:30 DEBUG 11684 --- [http-nio-10000-exec-1] org.hibernate.SQL                        : 
    select
        u1_0.id,
        u1_0.bio,
        u1_0.completed_jobs,
        u1_0.country,
        u1_0.created_at,
        u1_0.email,
        u1_0.email_verification_token,
        u1_0.email_verification_token_expiry,
        u1_0.email_verified,
        u1_0.hourly_rate,
        u1_0.name,
        u1_0.password,
        u1_0.phone,
        u1_0.profile_picture,
        u1_0.rating,
        u1_0.role,
        u1_0.skills 
    from
        users u1_0 
    where
        u1_0.email=?
2026-02-17T09:42:46.998+05:30 DEBUG 11684 --- [http-nio-10000-exec-1] o.s.security.web.FilterChainProxy        : Secured GET /api/proposals/my-proposals
2026-02-17T09:42:46.999+05:30 DEBUG 11684 --- [http-nio-10000-exec-1] o.s.web.servlet.DispatcherServlet        : GET "/api/proposals/my-proposals", parameters={}
2026-02-17T09:42:47.001+05:30 DEBUG 11684 --- [http-nio-10000-exec-1] s.w.s.m.m.a.RequestMappingHandlerMapping : Mapped to com.marketplace.proposal.ProposalController#getMyProposals()
2026-02-17T09:42:47.010+05:30 DEBUG 11684 --- [http-nio-10000-exec-1] org.hibernate.SQL                        : 
    select
        u1_0.id,
        u1_0.bio,
        u1_0.completed_jobs,
        u1_0.country,
        u1_0.created_at,
        u1_0.email,
        u1_0.email_verification_token,
        u1_0.email_verification_token_expiry,
        u1_0.email_verified,
        u1_0.hourly_rate,
        u1_0.name,
        u1_0.password,
        u1_0.phone,
        u1_0.profile_picture,
        u1_0.rating,
        u1_0.role,
        u1_0.skills 
    from
        users u1_0 
    where
        u1_0.email=?
2026-02-17T09:42:47.016+05:30 DEBUG 11684 --- [http-nio-10000-exec-1] org.hibernate.SQL                        : 
    select
        u1_0.id,
        u1_0.bio,
        u1_0.completed_jobs,
        u1_0.country,
        u1_0.created_at,
        u1_0.email,
        u1_0.email_verification_token,
        u1_0.email_verification_token_expiry,
        u1_0.email_verified,
        u1_0.hourly_rate,
        u1_0.name,
        u1_0.password,
        u1_0.phone,
        u1_0.profile_picture,
        u1_0.rating,
        u1_0.role,
        u1_0.skills 
    from
        users u1_0 
    where
        u1_0.email=?
2026-02-17T09:42:47.027+05:30 DEBUG 11684 --- [http-nio-10000-exec-1] org.hibernate.SQL                        : 
    select
        p1_0.id,
        p1_0.client_message,
        p1_0.cover_letter,
        p1_0.estimated_days,
        p1_0.freelancer_id,
        p1_0.job_id,
        p1_0.proposed_price,
        p1_0.responded_at,
        p1_0.status,
        p1_0.submitted_at 
    from
        proposals p1_0 
    where
        p1_0.freelancer_id=?
2026-02-17T09:42:47.034+05:30 DEBUG 11684 --- [http-nio-10000-exec-1] org.hibernate.SQL                        : 
    select
        j1_0.id,
        j1_0.freelancer_id,
        j1_0.budget,
        j1_0.client_id,
        j1_0.created_at,
        j1_0.deadline,
        j1_0.description,
        j1_0.estimated_duration,
        j1_0.skills_required,
        j1_0.status,
        j1_0.title,
        j1_0.type 
    from
        jobs j1_0 
    where
        j1_0.id=?
2026-02-17T09:42:47.039+05:30 DEBUG 11684 --- [http-nio-10000-exec-1] org.hibernate.SQL                        : 
    select
        c1_0.id,
        c1_0.amount_in_escrow,
        c1_0.amount_paid_to_freelancer,
        c1_0.cancellation_reason,
        c1_0.cancelled_at,
        c1_0.client_id,
        c1_0.client_rating,
        c1_0.client_review,
        c1_0.completed_at,
        c1_0.created_at,
        c1_0.deadline,
        c1_0.description,
        c1_0.due_date,
        c1_0.end_date,
        c1_0.escrow_funded,
        c1_0.escrow_funded_at,
        c1_0.freelancer_id,
        c1_0.freelancer_earnings,
        c1_0.freelancer_rating,
        c1_0.freelancer_review,
        c1_0.job_id,
        c1_0.platform_fee,
        c1_0.proposal_id,
        p1_0.id,
        p1_0.client_message,
        p1_0.cover_letter,
        p1_0.estimated_days,
        p1_0.freelancer_id,
        p1_0.job_id,
        p1_0.proposed_price,
        p1_0.responded_at,
        p1_0.status,
        p1_0.submitted_at,
        c1_0.protection_period,
        c1_0.start_date,
        c1_0.status,
        c1_0.title,
        c1_0.total_amount 
    from
        contracts c1_0 
    join
        proposals p1_0 
            on p1_0.id=c1_0.proposal_id 
    where
        c1_0.job_id=?
2026-02-17T09:42:47.043+05:30 DEBUG 11684 --- [http-nio-10000-exec-1] org.hibernate.SQL                        : 
    select
        j1_0.id,
        j1_0.freelancer_id,
        j1_0.budget,
        j1_0.client_id,
        j1_0.created_at,
        j1_0.deadline,
        j1_0.description,
        j1_0.estimated_duration,
        j1_0.skills_required,
        j1_0.status,
        j1_0.title,
        j1_0.type 
    from
        jobs j1_0 
    where
        j1_0.id=?
2026-02-17T09:42:47.046+05:30 DEBUG 11684 --- [http-nio-10000-exec-1] org.hibernate.SQL                        : 
    select
        c1_0.id,
        c1_0.amount_in_escrow,
        c1_0.amount_paid_to_freelancer,
        c1_0.cancellation_reason,
        c1_0.cancelled_at,
        c1_0.client_id,
        c1_0.client_rating,
        c1_0.client_review,
        c1_0.completed_at,
        c1_0.created_at,
        c1_0.deadline,
        c1_0.description,
        c1_0.due_date,
        c1_0.end_date,
        c1_0.escrow_funded,
        c1_0.escrow_funded_at,
        c1_0.freelancer_id,
        c1_0.freelancer_earnings,
        c1_0.freelancer_rating,
        c1_0.freelancer_review,
        c1_0.job_id,
        c1_0.platform_fee,
        c1_0.proposal_id,
        p1_0.id,
        p1_0.client_message,
        p1_0.cover_letter,
        p1_0.estimated_days,
        p1_0.freelancer_id,
        p1_0.job_id,
        p1_0.proposed_price,
        p1_0.responded_at,
        p1_0.status,
        p1_0.submitted_at,
        c1_0.protection_period,
        c1_0.start_date,
        c1_0.status,
        c1_0.title,
        c1_0.total_amount 
    from
        contracts c1_0 
    join
        proposals p1_0 
            on p1_0.id=c1_0.proposal_id 
    where
        c1_0.job_id=?
2026-02-17T09:42:47.050+05:30 DEBUG 11684 --- [http-nio-10000-exec-1] org.hibernate.SQL                        : 
    select
        j1_0.id,
        j1_0.freelancer_id,
        j1_0.budget,
        j1_0.client_id,
        j1_0.created_at,
        j1_0.deadline,
        j1_0.description,
        j1_0.estimated_duration,
        j1_0.skills_required,
        j1_0.status,
        j1_0.title,
        j1_0.type 
    from
        jobs j1_0 
    where
        j1_0.id=?
2026-02-17T09:42:47.054+05:30 DEBUG 11684 --- [http-nio-10000-exec-1] org.hibernate.SQL                        : 
    select
        c1_0.id,
        c1_0.amount_in_escrow,
        c1_0.amount_paid_to_freelancer,
        c1_0.cancellation_reason,
        c1_0.cancelled_at,
        c1_0.client_id,
        c1_0.client_rating,
        c1_0.client_review,
        c1_0.completed_at,
        c1_0.created_at,
        c1_0.deadline,
        c1_0.description,
        c1_0.due_date,
        c1_0.end_date,
        c1_0.escrow_funded,
        c1_0.escrow_funded_at,
        c1_0.freelancer_id,
        c1_0.freelancer_earnings,
        c1_0.freelancer_rating,
        c1_0.freelancer_review,
        c1_0.job_id,
        c1_0.platform_fee,
        c1_0.proposal_id,
        p1_0.id,
        p1_0.client_message,
        p1_0.cover_letter,
        p1_0.estimated_days,
        p1_0.freelancer_id,
        p1_0.job_id,
        p1_0.proposed_price,
        p1_0.responded_at,
        p1_0.status,
        p1_0.submitted_at,
        c1_0.protection_period,
        c1_0.start_date,
        c1_0.status,
        c1_0.title,
        c1_0.total_amount 
    from
        contracts c1_0 
    join
        proposals p1_0 
            on p1_0.id=c1_0.proposal_id 
    where
        c1_0.job_id=?
2026-02-17T09:42:47.057+05:30 DEBUG 11684 --- [http-nio-10000-exec-1] org.hibernate.SQL                        : 
    select
        j1_0.id,
        j1_0.freelancer_id,
        j1_0.budget,
        j1_0.client_id,
        j1_0.created_at,
        j1_0.deadline,
        j1_0.description,
        j1_0.estimated_duration,
        j1_0.skills_required,
        j1_0.status,
        j1_0.title,
        j1_0.type 
    from
        jobs j1_0 
    where
        j1_0.id=?
2026-02-17T09:42:47.064+05:30 DEBUG 11684 --- [http-nio-10000-exec-1] org.hibernate.SQL                        : 
    select
        c1_0.id,
        c1_0.amount_in_escrow,
        c1_0.amount_paid_to_freelancer,
        c1_0.cancellation_reason,
        c1_0.cancelled_at,
        c1_0.client_id,
        c1_0.client_rating,
        c1_0.client_review,
        c1_0.completed_at,
        c1_0.created_at,
        c1_0.deadline,
        c1_0.description,
        c1_0.due_date,
        c1_0.end_date,
        c1_0.escrow_funded,
        c1_0.escrow_funded_at,
        c1_0.freelancer_id,
        c1_0.freelancer_earnings,
        c1_0.freelancer_rating,
        c1_0.freelancer_review,
        c1_0.job_id,
        c1_0.platform_fee,
        c1_0.proposal_id,
        p1_0.id,
        p1_0.client_message,
        p1_0.cover_letter,
        p1_0.estimated_days,
        p1_0.freelancer_id,
        p1_0.job_id,
        p1_0.proposed_price,
        p1_0.responded_at,
        p1_0.status,
        p1_0.submitted_at,
        c1_0.protection_period,
        c1_0.start_date,
        c1_0.status,
        c1_0.title,
        c1_0.total_amount 
    from
        contracts c1_0 
    join
        proposals p1_0 
            on p1_0.id=c1_0.proposal_id 
    where
        c1_0.job_id=?
2026-02-17T09:42:47.081+05:30 DEBUG 11684 --- [http-nio-10000-exec-1] o.s.w.s.m.m.a.HttpEntityMethodProcessor  : Using 'application/json', given [application/json, text/plain, */*] and supported [application/json, application/*+json, application/yaml]
2026-02-17T09:42:47.082+05:30 DEBUG 11684 --- [http-nio-10000-exec-1] o.s.w.s.m.m.a.HttpEntityMethodProcessor  : Writing [[com.marketplace.proposal.ProposalResponseDTO@4cb6d73, com.marketplace.proposal.ProposalResponseDTO@ (truncated)...]
2026-02-17T09:42:47.089+05:30 DEBUG 11684 --- [http-nio-10000-exec-1] o.s.web.servlet.DispatcherServlet        : Completed 200 OK
2026-02-17T09:44:24.762+05:30 DEBUG 11684 --- [http-nio-10000-exec-3] o.s.security.web.FilterChainProxy        : Securing GET /api/profile/me
2026-02-17T09:44:24.794+05:30 DEBUG 11684 --- [http-nio-10000-exec-3] org.hibernate.SQL                        : 
    select
        u1_0.id,
        u1_0.bio,
        u1_0.completed_jobs,
        u1_0.country,
        u1_0.created_at,
        u1_0.email,
        u1_0.email_verification_token,
        u1_0.email_verification_token_expiry,
        u1_0.email_verified,
        u1_0.hourly_rate,
        u1_0.name,
        u1_0.password,
        u1_0.phone,
        u1_0.profile_picture,
        u1_0.rating,
        u1_0.role,
        u1_0.skills 
    from
        users u1_0 
    where
        u1_0.email=?
2026-02-17T09:44:24.813+05:30 DEBUG 11684 --- [http-nio-10000-exec-3] o.s.security.web.FilterChainProxy        : Secured GET /api/profile/me
2026-02-17T09:44:24.816+05:30 DEBUG 11684 --- [http-nio-10000-exec-3] o.s.web.servlet.DispatcherServlet        : GET "/api/profile/me", parameters={}
2026-02-17T09:44:24.818+05:30 DEBUG 11684 --- [http-nio-10000-exec-3] s.w.s.m.m.a.RequestMappingHandlerMapping : Mapped to com.marketplace.profile.ProfileController#getMyProfile()
2026-02-17T09:44:24.826+05:30 DEBUG 11684 --- [http-nio-10000-exec-3] org.hibernate.SQL                        : 
    select
        u1_0.id,
        u1_0.bio,
        u1_0.completed_jobs,
        u1_0.country,
        u1_0.created_at,
        u1_0.email,
        u1_0.email_verification_token,
        u1_0.email_verification_token_expiry,
        u1_0.email_verified,
        u1_0.hourly_rate,
        u1_0.name,
        u1_0.password,
        u1_0.phone,
        u1_0.profile_picture,
        u1_0.rating,
        u1_0.role,
        u1_0.skills 
    from
        users u1_0 
    where
        u1_0.email=?
2026-02-17T09:44:24.834+05:30 DEBUG 11684 --- [http-nio-10000-exec-3] o.s.w.s.m.m.a.HttpEntityMethodProcessor  : Using 'application/json', given [application/json, text/plain, */*] and supported [application/json, application/*+json, application/yaml]
2026-02-17T09:44:24.839+05:30 DEBUG 11684 --- [http-nio-10000-exec-3] o.s.w.s.m.m.a.HttpEntityMethodProcessor  : Writing [{skills=Java,Spring Boot,React, createdAt=2026-01-14T09:27:52.501037, profilePicture=null, role=FREE (truncated)...]
2026-02-17T09:44:24.848+05:30 DEBUG 11684 --- [http-nio-10000-exec-3] o.s.web.servlet.DispatcherServlet        : Completed 200 OK
2026-02-17T09:44:31.846+05:30 DEBUG 11684 --- [http-nio-10000-exec-5] o.s.security.web.FilterChainProxy        : Securing GET /api/jobs/open
2026-02-17T09:44:31.848+05:30 DEBUG 11684 --- [http-nio-10000-exec-5] o.s.s.w.a.AnonymousAuthenticationFilter  : Set SecurityContextHolder to anonymous SecurityContext
2026-02-17T09:44:31.848+05:30 DEBUG 11684 --- [http-nio-10000-exec-5] o.s.security.web.FilterChainProxy        : Secured GET /api/jobs/open
2026-02-17T09:44:31.849+05:30 DEBUG 11684 --- [http-nio-10000-exec-5] o.s.web.servlet.DispatcherServlet        : GET "/api/jobs/open", parameters={}
2026-02-17T09:44:31.850+05:30 DEBUG 11684 --- [http-nio-10000-exec-5] s.w.s.m.m.a.RequestMappingHandlerMapping : Mapped to com.marketplace.job.JobController#getOpenJobs()
2026-02-17T09:44:31.868+05:30 DEBUG 11684 --- [http-nio-10000-exec-5] org.hibernate.SQL                        : 
    select
        j1_0.id,
        j1_0.freelancer_id,
        j1_0.budget,
        j1_0.client_id,
        j1_0.created_at,
        j1_0.deadline,
        j1_0.description,
        j1_0.estimated_duration,
        j1_0.skills_required,
        j1_0.status,
        j1_0.title,
        j1_0.type 
    from
        jobs j1_0 
    where
        j1_0.status=? 
    order by
        j1_0.created_at desc
2026-02-17T09:44:31.887+05:30 DEBUG 11684 --- [http-nio-10000-exec-5] org.hibernate.SQL                        : 
    select
        c1_0.id,
        c1_0.amount_in_escrow,
        c1_0.amount_paid_to_freelancer,
        c1_0.cancellation_reason,
        c1_0.cancelled_at,
        c1_0.client_id,
        c1_0.client_rating,
        c1_0.client_review,
        c1_0.completed_at,
        c1_0.created_at,
        c1_0.deadline,
        c1_0.description,
        c1_0.due_date,
        c1_0.end_date,
        c1_0.escrow_funded,
        c1_0.escrow_funded_at,
        c1_0.freelancer_id,
        c1_0.freelancer_earnings,
        c1_0.freelancer_rating,
        c1_0.freelancer_review,
        c1_0.job_id,
        c1_0.platform_fee,
        c1_0.proposal_id,
        p1_0.id,
        p1_0.client_message,
        p1_0.cover_letter,
        p1_0.estimated_days,
        p1_0.freelancer_id,
        p1_0.job_id,
        p1_0.proposed_price,
        p1_0.responded_at,
        p1_0.status,
        p1_0.submitted_at,
        c1_0.protection_period,
        c1_0.start_date,
        c1_0.status,
        c1_0.title,
        c1_0.total_amount 
    from
        contracts c1_0 
    join
        proposals p1_0 
            on p1_0.id=c1_0.proposal_id 
    where
        c1_0.job_id=?
2026-02-17T09:44:31.890+05:30 DEBUG 11684 --- [http-nio-10000-exec-5] org.hibernate.SQL                        : 
    select
        c1_0.id,
        c1_0.amount_in_escrow,
        c1_0.amount_paid_to_freelancer,
        c1_0.cancellation_reason,
        c1_0.cancelled_at,
        c1_0.client_id,
        c1_0.client_rating,
        c1_0.client_review,
        c1_0.completed_at,
        c1_0.created_at,
        c1_0.deadline,
        c1_0.description,
        c1_0.due_date,
        c1_0.end_date,
        c1_0.escrow_funded,
        c1_0.escrow_funded_at,
        c1_0.freelancer_id,
        c1_0.freelancer_earnings,
        c1_0.freelancer_rating,
        c1_0.freelancer_review,
        c1_0.job_id,
        c1_0.platform_fee,
        c1_0.proposal_id,
        p1_0.id,
        p1_0.client_message,
        p1_0.cover_letter,
        p1_0.estimated_days,
        p1_0.freelancer_id,
        p1_0.job_id,
        p1_0.proposed_price,
        p1_0.responded_at,
        p1_0.status,
        p1_0.submitted_at,
        c1_0.protection_period,
        c1_0.start_date,
        c1_0.status,
        c1_0.title,
        c1_0.total_amount 
    from
        contracts c1_0 
    join
        proposals p1_0 
            on p1_0.id=c1_0.proposal_id 
    where
        c1_0.job_id=?
2026-02-17T09:44:31.893+05:30 DEBUG 11684 --- [http-nio-10000-exec-5] org.hibernate.SQL                        : 
    select
        c1_0.id,
        c1_0.amount_in_escrow,
        c1_0.amount_paid_to_freelancer,
        c1_0.cancellation_reason,
        c1_0.cancelled_at,
        c1_0.client_id,
        c1_0.client_rating,
        c1_0.client_review,
        c1_0.completed_at,
        c1_0.created_at,
        c1_0.deadline,
        c1_0.description,
        c1_0.due_date,
        c1_0.end_date,
        c1_0.escrow_funded,
        c1_0.escrow_funded_at,
        c1_0.freelancer_id,
        c1_0.freelancer_earnings,
        c1_0.freelancer_rating,
        c1_0.freelancer_review,
        c1_0.job_id,
        c1_0.platform_fee,
        c1_0.proposal_id,
        p1_0.id,
        p1_0.client_message,
        p1_0.cover_letter,
        p1_0.estimated_days,
        p1_0.freelancer_id,
        p1_0.job_id,
        p1_0.proposed_price,
        p1_0.responded_at,
        p1_0.status,
        p1_0.submitted_at,
        c1_0.protection_period,
        c1_0.start_date,
        c1_0.status,
        c1_0.title,
        c1_0.total_amount 
    from
        contracts c1_0 
    join
        proposals p1_0 
            on p1_0.id=c1_0.proposal_id 
    where
        c1_0.job_id=?
2026-02-17T09:44:31.897+05:30 DEBUG 11684 --- [http-nio-10000-exec-5] org.hibernate.SQL                        : 
    select
        c1_0.id,
        c1_0.amount_in_escrow,
        c1_0.amount_paid_to_freelancer,
        c1_0.cancellation_reason,
        c1_0.cancelled_at,
        c1_0.client_id,
        c1_0.client_rating,
        c1_0.client_review,
        c1_0.completed_at,
        c1_0.created_at,
        c1_0.deadline,
        c1_0.description,
        c1_0.due_date,
        c1_0.end_date,
        c1_0.escrow_funded,
        c1_0.escrow_funded_at,
        c1_0.freelancer_id,
        c1_0.freelancer_earnings,
        c1_0.freelancer_rating,
        c1_0.freelancer_review,
        c1_0.job_id,
        c1_0.platform_fee,
        c1_0.proposal_id,
        p1_0.id,
        p1_0.client_message,
        p1_0.cover_letter,
        p1_0.estimated_days,
        p1_0.freelancer_id,
        p1_0.job_id,
        p1_0.proposed_price,
        p1_0.responded_at,
        p1_0.status,
        p1_0.submitted_at,
        c1_0.protection_period,
        c1_0.start_date,
        c1_0.status,
        c1_0.title,
        c1_0.total_amount 
    from
        contracts c1_0 
    join
        proposals p1_0 
            on p1_0.id=c1_0.proposal_id 
    where
        c1_0.job_id=?
2026-02-17T09:44:31.901+05:30 DEBUG 11684 --- [http-nio-10000-exec-5] org.hibernate.SQL                        : 
    select
        u1_0.id,
        u1_0.bio,
        u1_0.completed_jobs,
        u1_0.country,
        u1_0.created_at,
        u1_0.email,
        u1_0.email_verification_token,
        u1_0.email_verification_token_expiry,
        u1_0.email_verified,
        u1_0.hourly_rate,
        u1_0.name,
        u1_0.password,
        u1_0.phone,
        u1_0.profile_picture,
        u1_0.rating,
        u1_0.role,
        u1_0.skills 
    from
        users u1_0 
    where
        u1_0.id=?
2026-02-17T09:44:31.904+05:30 DEBUG 11684 --- [http-nio-10000-exec-5] org.hibernate.SQL                        : 
    select
        u1_0.id,
        u1_0.bio,
        u1_0.completed_jobs,
        u1_0.country,
        u1_0.created_at,
        u1_0.email,
        u1_0.email_verification_token,
        u1_0.email_verification_token_expiry,
        u1_0.email_verified,
        u1_0.hourly_rate,
        u1_0.name,
        u1_0.password,
        u1_0.phone,
        u1_0.profile_picture,
        u1_0.rating,
        u1_0.role,
        u1_0.skills 
    from
        users u1_0 
    where
        u1_0.id=?
2026-02-17T09:44:31.907+05:30 DEBUG 11684 --- [http-nio-10000-exec-5] org.hibernate.SQL                        : 
    select
        u1_0.id,
        u1_0.bio,
        u1_0.completed_jobs,
        u1_0.country,
        u1_0.created_at,
        u1_0.email,
        u1_0.email_verification_token,
        u1_0.email_verification_token_expiry,
        u1_0.email_verified,
        u1_0.hourly_rate,
        u1_0.name,
        u1_0.password,
        u1_0.phone,
        u1_0.profile_picture,
        u1_0.rating,
        u1_0.role,
        u1_0.skills 
    from
        users u1_0 
    where
        u1_0.id=?
2026-02-17T09:44:31.917+05:30 DEBUG 11684 --- [http-nio-10000-exec-5] o.s.w.s.m.m.a.HttpEntityMethodProcessor  : Using 'application/json', given [application/json, text/plain, */*] and supported [application/json, application/*+json, application/yaml]
2026-02-17T09:44:31.917+05:30 DEBUG 11684 --- [http-nio-10000-exec-5] o.s.w.s.m.m.a.HttpEntityMethodProcessor  : Writing [[com.marketplace.job.JobResponseDTO@1870ac9d, com.marketplace.job.JobResponseDTO@2beac61d, com.marke (truncated)...]
2026-02-17T09:44:31.922+05:30 DEBUG 11684 --- [http-nio-10000-exec-5] o.s.web.servlet.DispatcherServlet        : Completed 200 OK
2026-02-17T09:44:31.942+05:30 DEBUG 11684 --- [http-nio-10000-exec-4] o.s.security.web.FilterChainProxy        : Securing GET /api/proposals/my-proposals
2026-02-17T09:44:31.954+05:30 DEBUG 11684 --- [http-nio-10000-exec-4] org.hibernate.SQL                        : 
    select
        u1_0.id,
        u1_0.bio,
        u1_0.completed_jobs,
        u1_0.country,
        u1_0.created_at,
        u1_0.email,
        u1_0.email_verification_token,
        u1_0.email_verification_token_expiry,
        u1_0.email_verified,
        u1_0.hourly_rate,
        u1_0.name,
        u1_0.password,
        u1_0.phone,
        u1_0.profile_picture,
        u1_0.rating,
        u1_0.role,
        u1_0.skills 
    from
        users u1_0 
    where
        u1_0.email=?
2026-02-17T09:44:31.969+05:30 DEBUG 11684 --- [http-nio-10000-exec-4] o.s.security.web.FilterChainProxy        : Secured GET /api/proposals/my-proposals
2026-02-17T09:44:31.971+05:30 DEBUG 11684 --- [http-nio-10000-exec-4] o.s.web.servlet.DispatcherServlet        : GET "/api/proposals/my-proposals", parameters={}
2026-02-17T09:44:31.972+05:30 DEBUG 11684 --- [http-nio-10000-exec-4] s.w.s.m.m.a.RequestMappingHandlerMapping : Mapped to com.marketplace.proposal.ProposalController#getMyProposals()
2026-02-17T09:44:31.979+05:30 DEBUG 11684 --- [http-nio-10000-exec-4] org.hibernate.SQL                        : 
    select
        u1_0.id,
        u1_0.bio,
        u1_0.completed_jobs,
        u1_0.country,
        u1_0.created_at,
        u1_0.email,
        u1_0.email_verification_token,
        u1_0.email_verification_token_expiry,
        u1_0.email_verified,
        u1_0.hourly_rate,
        u1_0.name,
        u1_0.password,
        u1_0.phone,
        u1_0.profile_picture,
        u1_0.rating,
        u1_0.role,
        u1_0.skills 
    from
        users u1_0 
    where
        u1_0.email=?
2026-02-17T09:44:31.986+05:30 DEBUG 11684 --- [http-nio-10000-exec-4] org.hibernate.SQL                        : 
    select
        u1_0.id,
        u1_0.bio,
        u1_0.completed_jobs,
        u1_0.country,
        u1_0.created_at,
        u1_0.email,
        u1_0.email_verification_token,
        u1_0.email_verification_token_expiry,
        u1_0.email_verified,
        u1_0.hourly_rate,
        u1_0.name,
        u1_0.password,
        u1_0.phone,
        u1_0.profile_picture,
        u1_0.rating,
        u1_0.role,
        u1_0.skills 
    from
        users u1_0 
    where
        u1_0.email=?
2026-02-17T09:44:31.996+05:30 DEBUG 11684 --- [http-nio-10000-exec-4] org.hibernate.SQL                        : 
    select
        p1_0.id,
        p1_0.client_message,
        p1_0.cover_letter,
        p1_0.estimated_days,
        p1_0.freelancer_id,
        p1_0.job_id,
        p1_0.proposed_price,
        p1_0.responded_at,
        p1_0.status,
        p1_0.submitted_at 
    from
        proposals p1_0 
    where
        p1_0.freelancer_id=?
2026-02-17T09:44:32.000+05:30 DEBUG 11684 --- [http-nio-10000-exec-4] org.hibernate.SQL                        : 
    select
        j1_0.id,
        j1_0.freelancer_id,
        j1_0.budget,
        j1_0.client_id,
        j1_0.created_at,
        j1_0.deadline,
        j1_0.description,
        j1_0.estimated_duration,
        j1_0.skills_required,
        j1_0.status,
        j1_0.title,
        j1_0.type 
    from
        jobs j1_0 
    where
        j1_0.id=?
2026-02-17T09:44:32.002+05:30 DEBUG 11684 --- [http-nio-10000-exec-4] org.hibernate.SQL                        : 
    select
        c1_0.id,
        c1_0.amount_in_escrow,
        c1_0.amount_paid_to_freelancer,
        c1_0.cancellation_reason,
        c1_0.cancelled_at,
        c1_0.client_id,
        c1_0.client_rating,
        c1_0.client_review,
        c1_0.completed_at,
        c1_0.created_at,
        c1_0.deadline,
        c1_0.description,
        c1_0.due_date,
        c1_0.end_date,
        c1_0.escrow_funded,
        c1_0.escrow_funded_at,
        c1_0.freelancer_id,
        c1_0.freelancer_earnings,
        c1_0.freelancer_rating,
        c1_0.freelancer_review,
        c1_0.job_id,
        c1_0.platform_fee,
        c1_0.proposal_id,
        p1_0.id,
        p1_0.client_message,
        p1_0.cover_letter,
        p1_0.estimated_days,
        p1_0.freelancer_id,
        p1_0.job_id,
        p1_0.proposed_price,
        p1_0.responded_at,
        p1_0.status,
        p1_0.submitted_at,
        c1_0.protection_period,
        c1_0.start_date,
        c1_0.status,
        c1_0.title,
        c1_0.total_amount 
    from
        contracts c1_0 
    join
        proposals p1_0 
            on p1_0.id=c1_0.proposal_id 
    where
        c1_0.job_id=?
2026-02-17T09:44:32.006+05:30 DEBUG 11684 --- [http-nio-10000-exec-4] org.hibernate.SQL                        : 
    select
        j1_0.id,
        j1_0.freelancer_id,
        j1_0.budget,
        j1_0.client_id,
        j1_0.created_at,
        j1_0.deadline,
        j1_0.description,
        j1_0.estimated_duration,
        j1_0.skills_required,
        j1_0.status,
        j1_0.title,
        j1_0.type 
    from
        jobs j1_0 
    where
        j1_0.id=?
2026-02-17T09:44:32.010+05:30 DEBUG 11684 --- [http-nio-10000-exec-4] org.hibernate.SQL                        : 
    select
        c1_0.id,
        c1_0.amount_in_escrow,
        c1_0.amount_paid_to_freelancer,
        c1_0.cancellation_reason,
        c1_0.cancelled_at,
        c1_0.client_id,
        c1_0.client_rating,
        c1_0.client_review,
        c1_0.completed_at,
        c1_0.created_at,
        c1_0.deadline,
        c1_0.description,
        c1_0.due_date,
        c1_0.end_date,
        c1_0.escrow_funded,
        c1_0.escrow_funded_at,
        c1_0.freelancer_id,
        c1_0.freelancer_earnings,
        c1_0.freelancer_rating,
        c1_0.freelancer_review,
        c1_0.job_id,
        c1_0.platform_fee,
        c1_0.proposal_id,
        p1_0.id,
        p1_0.client_message,
        p1_0.cover_letter,
        p1_0.estimated_days,
        p1_0.freelancer_id,
        p1_0.job_id,
        p1_0.proposed_price,
        p1_0.responded_at,
        p1_0.status,
        p1_0.submitted_at,
        c1_0.protection_period,
        c1_0.start_date,
        c1_0.status,
        c1_0.title,
        c1_0.total_amount 
    from
        contracts c1_0 
    join
        proposals p1_0 
            on p1_0.id=c1_0.proposal_id 
    where
        c1_0.job_id=?
2026-02-17T09:44:32.014+05:30 DEBUG 11684 --- [http-nio-10000-exec-4] org.hibernate.SQL                        : 
    select
        j1_0.id,
        j1_0.freelancer_id,
        j1_0.budget,
        j1_0.client_id,
        j1_0.created_at,
        j1_0.deadline,
        j1_0.description,
        j1_0.estimated_duration,
        j1_0.skills_required,
        j1_0.status,
        j1_0.title,
        j1_0.type 
    from
        jobs j1_0 
    where
        j1_0.id=?
2026-02-17T09:44:32.017+05:30 DEBUG 11684 --- [http-nio-10000-exec-4] org.hibernate.SQL                        : 
    select
        c1_0.id,
        c1_0.amount_in_escrow,
        c1_0.amount_paid_to_freelancer,
        c1_0.cancellation_reason,
        c1_0.cancelled_at,
        c1_0.client_id,
        c1_0.client_rating,
        c1_0.client_review,
        c1_0.completed_at,
        c1_0.created_at,
        c1_0.deadline,
        c1_0.description,
        c1_0.due_date,
        c1_0.end_date,
        c1_0.escrow_funded,
        c1_0.escrow_funded_at,
        c1_0.freelancer_id,
        c1_0.freelancer_earnings,
        c1_0.freelancer_rating,
        c1_0.freelancer_review,
        c1_0.job_id,
        c1_0.platform_fee,
        c1_0.proposal_id,
        p1_0.id,
        p1_0.client_message,
        p1_0.cover_letter,
        p1_0.estimated_days,
        p1_0.freelancer_id,
        p1_0.job_id,
        p1_0.proposed_price,
        p1_0.responded_at,
        p1_0.status,
        p1_0.submitted_at,
        c1_0.protection_period,
        c1_0.start_date,
        c1_0.status,
        c1_0.title,
        c1_0.total_amount 
    from
        contracts c1_0 
    join
        proposals p1_0 
            on p1_0.id=c1_0.proposal_id 
    where
        c1_0.job_id=?
2026-02-17T09:44:32.020+05:30 DEBUG 11684 --- [http-nio-10000-exec-4] org.hibernate.SQL                        : 
    select
        j1_0.id,
        j1_0.freelancer_id,
        j1_0.budget,
        j1_0.client_id,
        j1_0.created_at,
        j1_0.deadline,
        j1_0.description,
        j1_0.estimated_duration,
        j1_0.skills_required,
        j1_0.status,
        j1_0.title,
        j1_0.type 
    from
        jobs j1_0 
    where
        j1_0.id=?
2026-02-17T09:44:32.021+05:30 DEBUG 11684 --- [http-nio-10000-exec-4] org.hibernate.SQL                        : 
    select
        c1_0.id,
        c1_0.amount_in_escrow,
        c1_0.amount_paid_to_freelancer,
        c1_0.cancellation_reason,
        c1_0.cancelled_at,
        c1_0.client_id,
        c1_0.client_rating,
        c1_0.client_review,
        c1_0.completed_at,
        c1_0.created_at,
        c1_0.deadline,
        c1_0.description,
        c1_0.due_date,
        c1_0.end_date,
        c1_0.escrow_funded,
        c1_0.escrow_funded_at,
        c1_0.freelancer_id,
        c1_0.freelancer_earnings,
        c1_0.freelancer_rating,
        c1_0.freelancer_review,
        c1_0.job_id,
        c1_0.platform_fee,
        c1_0.proposal_id,
        p1_0.id,
        p1_0.client_message,
        p1_0.cover_letter,
        p1_0.estimated_days,
        p1_0.freelancer_id,
        p1_0.job_id,
        p1_0.proposed_price,
        p1_0.responded_at,
        p1_0.status,
        p1_0.submitted_at,
        c1_0.protection_period,
        c1_0.start_date,
        c1_0.status,
        c1_0.title,
        c1_0.total_amount 
    from
        contracts c1_0 
    join
        proposals p1_0 
            on p1_0.id=c1_0.proposal_id 
    where
        c1_0.job_id=?
2026-02-17T09:44:32.028+05:30 DEBUG 11684 --- [http-nio-10000-exec-4] o.s.w.s.m.m.a.HttpEntityMethodProcessor  : Using 'application/json', given [application/json, text/plain, */*] and supported [application/json, application/*+json, application/yaml]
2026-02-17T09:44:32.029+05:30 DEBUG 11684 --- [http-nio-10000-exec-4] o.s.w.s.m.m.a.HttpEntityMethodProcessor  : Writing [[com.marketplace.proposal.ProposalResponseDTO@cefc778, com.marketplace.proposal.ProposalResponseDTO@ (truncated)...]
2026-02-17T09:44:32.032+05:30 DEBUG 11684 --- [http-nio-10000-exec-4] o.s.web.servlet.DispatcherServlet        : Completed 200 OK
2026-02-17T09:44:32.039+05:30 DEBUG 11684 --- [http-nio-10000-exec-6] o.s.security.web.FilterChainProxy        : Securing GET /api/contracts/my-contracts
2026-02-17T09:44:32.051+05:30 DEBUG 11684 --- [http-nio-10000-exec-6] org.hibernate.SQL                        : 
    select
        u1_0.id,
        u1_0.bio,
        u1_0.completed_jobs,
        u1_0.country,
        u1_0.created_at,
        u1_0.email,
        u1_0.email_verification_token,
        u1_0.email_verification_token_expiry,
        u1_0.email_verified,
        u1_0.hourly_rate,
        u1_0.name,
        u1_0.password,
        u1_0.phone,
        u1_0.profile_picture,
        u1_0.rating,
        u1_0.role,
        u1_0.skills 
    from
        users u1_0 
    where
        u1_0.email=?
2026-02-17T09:44:32.059+05:30 DEBUG 11684 --- [http-nio-10000-exec-6] o.s.security.web.FilterChainProxy        : Secured GET /api/contracts/my-contracts
2026-02-17T09:44:32.060+05:30 DEBUG 11684 --- [http-nio-10000-exec-6] o.s.web.servlet.DispatcherServlet        : GET "/api/contracts/my-contracts", parameters={}
2026-02-17T09:44:32.060+05:30 DEBUG 11684 --- [http-nio-10000-exec-6] s.w.s.m.m.a.RequestMappingHandlerMapping : Mapped to com.marketplace.contract.ContractController#getMyContracts()
2026-02-17T09:44:32.064+05:30 DEBUG 11684 --- [http-nio-10000-exec-6] org.hibernate.SQL                        : 
    select
        u1_0.id,
        u1_0.bio,
        u1_0.completed_jobs,
        u1_0.country,
        u1_0.created_at,
        u1_0.email,
        u1_0.email_verification_token,
        u1_0.email_verification_token_expiry,
        u1_0.email_verified,
        u1_0.hourly_rate,
        u1_0.name,
        u1_0.password,
        u1_0.phone,
        u1_0.profile_picture,
        u1_0.rating,
        u1_0.role,
        u1_0.skills 
    from
        users u1_0 
    where
        u1_0.email=?
2026-02-17T09:44:32.072+05:30 DEBUG 11684 --- [http-nio-10000-exec-6] org.hibernate.SQL                        : 
    select
        c1_0.id,
        c1_0.amount_in_escrow,
        c1_0.amount_paid_to_freelancer,
        c1_0.cancellation_reason,
        c1_0.cancelled_at,
        c1_0.client_id,
        c1_0.client_rating,
        c1_0.client_review,
        c1_0.completed_at,
        c1_0.created_at,
        c1_0.deadline,
        c1_0.description,
        c1_0.due_date,
        c1_0.end_date,
        c1_0.escrow_funded,
        c1_0.escrow_funded_at,
        c1_0.freelancer_id,
        c1_0.freelancer_earnings,
        c1_0.freelancer_rating,
        c1_0.freelancer_review,
        c1_0.job_id,
        c1_0.platform_fee,
        c1_0.proposal_id,
        c1_0.protection_period,
        c1_0.start_date,
        c1_0.status,
        c1_0.title,
        c1_0.total_amount 
    from
        contracts c1_0 
    where
        c1_0.client_id=?
2026-02-17T09:44:32.081+05:30 DEBUG 11684 --- [http-nio-10000-exec-6] org.hibernate.SQL                        : 
    select
        c1_0.id,
        c1_0.amount_in_escrow,
        c1_0.amount_paid_to_freelancer,
        c1_0.cancellation_reason,
        c1_0.cancelled_at,
        c1_0.client_id,
        c1_0.client_rating,
        c1_0.client_review,
        c1_0.completed_at,
        c1_0.created_at,
        c1_0.deadline,
        c1_0.description,
        c1_0.due_date,
        c1_0.end_date,
        c1_0.escrow_funded,
        c1_0.escrow_funded_at,
        c1_0.freelancer_id,
        c1_0.freelancer_earnings,
        c1_0.freelancer_rating,
        c1_0.freelancer_review,
        c1_0.job_id,
        c1_0.platform_fee,
        c1_0.proposal_id,
        c1_0.protection_period,
        c1_0.start_date,
        c1_0.status,
        c1_0.title,
        c1_0.total_amount 
    from
        contracts c1_0 
    where
        c1_0.freelancer_id=?
2026-02-17T09:44:32.083+05:30 DEBUG 11684 --- [http-nio-10000-exec-6] org.hibernate.SQL                        : 
    select
        p1_0.id,
        p1_0.client_message,
        p1_0.cover_letter,
        p1_0.estimated_days,
        p1_0.freelancer_id,
        p1_0.job_id,
        p1_0.proposed_price,
        p1_0.responded_at,
        p1_0.status,
        p1_0.submitted_at 
    from
        proposals p1_0 
    where
        p1_0.id=?
2026-02-17T09:44:32.086+05:30 DEBUG 11684 --- [http-nio-10000-exec-6] org.hibernate.SQL                        : 
    select
        p1_0.id,
        p1_0.client_message,
        p1_0.cover_letter,
        p1_0.estimated_days,
        p1_0.freelancer_id,
        p1_0.job_id,
        p1_0.proposed_price,
        p1_0.responded_at,
        p1_0.status,
        p1_0.submitted_at 
    from
        proposals p1_0 
    where
        p1_0.id=?
2026-02-17T09:44:32.089+05:30 DEBUG 11684 --- [http-nio-10000-exec-6] org.hibernate.SQL                        : 
    select
        j1_0.id,
        j1_0.freelancer_id,
        j1_0.budget,
        j1_0.client_id,
        j1_0.created_at,
        j1_0.deadline,
        j1_0.description,
        j1_0.estimated_duration,
        j1_0.skills_required,
        j1_0.status,
        j1_0.title,
        j1_0.type 
    from
        jobs j1_0 
    where
        j1_0.id=?
2026-02-17T09:44:32.092+05:30 DEBUG 11684 --- [http-nio-10000-exec-6] org.hibernate.SQL                        : 
    select
        u1_0.id,
        u1_0.bio,
        u1_0.completed_jobs,
        u1_0.country,
        u1_0.created_at,
        u1_0.email,
        u1_0.email_verification_token,
        u1_0.email_verification_token_expiry,
        u1_0.email_verified,
        u1_0.hourly_rate,
        u1_0.name,
        u1_0.password,
        u1_0.phone,
        u1_0.profile_picture,
        u1_0.rating,
        u1_0.role,
        u1_0.skills 
    from
        users u1_0 
    where
        u1_0.id=?
2026-02-17T09:44:32.094+05:30 DEBUG 11684 --- [http-nio-10000-exec-6] org.hibernate.SQL                        : 
    select
        j1_0.id,
        j1_0.freelancer_id,
        j1_0.budget,
        j1_0.client_id,
        j1_0.created_at,
        j1_0.deadline,
        j1_0.description,
        j1_0.estimated_duration,
        j1_0.skills_required,
        j1_0.status,
        j1_0.title,
        j1_0.type 
    from
        jobs j1_0 
    where
        j1_0.id=?
2026-02-17T09:44:32.098+05:30 DEBUG 11684 --- [http-nio-10000-exec-6] o.s.w.s.m.m.a.HttpEntityMethodProcessor  : Using 'application/json', given [application/json, text/plain, */*] and supported [application/json, application/*+json, application/yaml]
2026-02-17T09:44:32.098+05:30 DEBUG 11684 --- [http-nio-10000-exec-6] o.s.w.s.m.m.a.HttpEntityMethodProcessor  : Writing [[com.marketplace.contract.ContractResponseDTO@672b028, com.marketplace.contract.ContractResponseDTO@ (truncated)...]
2026-02-17T09:44:32.100+05:30 DEBUG 11684 --- [http-nio-10000-exec-6] o.s.web.servlet.DispatcherServlet        : Completed 200 OK
2026-02-17T09:44:34.659+05:30 DEBUG 11684 --- [http-nio-10000-exec-7] o.s.security.web.FilterChainProxy        : Securing GET /api/jobs/open
2026-02-17T09:44:34.662+05:30 DEBUG 11684 --- [http-nio-10000-exec-7] o.s.s.w.a.AnonymousAuthenticationFilter  : Set SecurityContextHolder to anonymous SecurityContext
2026-02-17T09:44:34.662+05:30 DEBUG 11684 --- [http-nio-10000-exec-7] o.s.security.web.FilterChainProxy        : Secured GET /api/jobs/open
2026-02-17T09:44:34.663+05:30 DEBUG 11684 --- [http-nio-10000-exec-7] o.s.web.servlet.DispatcherServlet        : GET "/api/jobs/open", parameters={}
2026-02-17T09:44:34.664+05:30 DEBUG 11684 --- [http-nio-10000-exec-7] s.w.s.m.m.a.RequestMappingHandlerMapping : Mapped to com.marketplace.job.JobController#getOpenJobs()
2026-02-17T09:44:34.670+05:30 DEBUG 11684 --- [http-nio-10000-exec-7] org.hibernate.SQL                        : 
    select
        j1_0.id,
        j1_0.freelancer_id,
        j1_0.budget,
        j1_0.client_id,
        j1_0.created_at,
        j1_0.deadline,
        j1_0.description,
        j1_0.estimated_duration,
        j1_0.skills_required,
        j1_0.status,
        j1_0.title,
        j1_0.type 
    from
        jobs j1_0 
    where
        j1_0.status=? 
    order by
        j1_0.created_at desc
2026-02-17T09:44:34.673+05:30 DEBUG 11684 --- [http-nio-10000-exec-7] org.hibernate.SQL                        : 
    select
        c1_0.id,
        c1_0.amount_in_escrow,
        c1_0.amount_paid_to_freelancer,
        c1_0.cancellation_reason,
        c1_0.cancelled_at,
        c1_0.client_id,
        c1_0.client_rating,
        c1_0.client_review,
        c1_0.completed_at,
        c1_0.created_at,
        c1_0.deadline,
        c1_0.description,
        c1_0.due_date,
        c1_0.end_date,
        c1_0.escrow_funded,
        c1_0.escrow_funded_at,
        c1_0.freelancer_id,
        c1_0.freelancer_earnings,
        c1_0.freelancer_rating,
        c1_0.freelancer_review,
        c1_0.job_id,
        c1_0.platform_fee,
        c1_0.proposal_id,
        p1_0.id,
        p1_0.client_message,
        p1_0.cover_letter,
        p1_0.estimated_days,
        p1_0.freelancer_id,
        p1_0.job_id,
        p1_0.proposed_price,
        p1_0.responded_at,
        p1_0.status,
        p1_0.submitted_at,
        c1_0.protection_period,
        c1_0.start_date,
        c1_0.status,
        c1_0.title,
        c1_0.total_amount 
    from
        contracts c1_0 
    join
        proposals p1_0 
            on p1_0.id=c1_0.proposal_id 
    where
        c1_0.job_id=?
2026-02-17T09:44:34.677+05:30 DEBUG 11684 --- [http-nio-10000-exec-7] org.hibernate.SQL                        : 
    select
        c1_0.id,
        c1_0.amount_in_escrow,
        c1_0.amount_paid_to_freelancer,
        c1_0.cancellation_reason,
        c1_0.cancelled_at,
        c1_0.client_id,
        c1_0.client_rating,
        c1_0.client_review,
        c1_0.completed_at,
        c1_0.created_at,
        c1_0.deadline,
        c1_0.description,
        c1_0.due_date,
        c1_0.end_date,
        c1_0.escrow_funded,
        c1_0.escrow_funded_at,
        c1_0.freelancer_id,
        c1_0.freelancer_earnings,
        c1_0.freelancer_rating,
        c1_0.freelancer_review,
        c1_0.job_id,
        c1_0.platform_fee,
        c1_0.proposal_id,
        p1_0.id,
        p1_0.client_message,
        p1_0.cover_letter,
        p1_0.estimated_days,
        p1_0.freelancer_id,
        p1_0.job_id,
        p1_0.proposed_price,
        p1_0.responded_at,
        p1_0.status,
        p1_0.submitted_at,
        c1_0.protection_period,
        c1_0.start_date,
        c1_0.status,
        c1_0.title,
        c1_0.total_amount 
    from
        contracts c1_0 
    join
        proposals p1_0 
            on p1_0.id=c1_0.proposal_id 
    where
        c1_0.job_id=?
2026-02-17T09:44:34.679+05:30 DEBUG 11684 --- [http-nio-10000-exec-7] org.hibernate.SQL                        : 
    select
        c1_0.id,
        c1_0.amount_in_escrow,
        c1_0.amount_paid_to_freelancer,
        c1_0.cancellation_reason,
        c1_0.cancelled_at,
        c1_0.client_id,
        c1_0.client_rating,
        c1_0.client_review,
        c1_0.completed_at,
        c1_0.created_at,
        c1_0.deadline,
        c1_0.description,
        c1_0.due_date,
        c1_0.end_date,
        c1_0.escrow_funded,
        c1_0.escrow_funded_at,
        c1_0.freelancer_id,
        c1_0.freelancer_earnings,
        c1_0.freelancer_rating,
        c1_0.freelancer_review,
        c1_0.job_id,
        c1_0.platform_fee,
        c1_0.proposal_id,
        p1_0.id,
        p1_0.client_message,
        p1_0.cover_letter,
        p1_0.estimated_days,
        p1_0.freelancer_id,
        p1_0.job_id,
        p1_0.proposed_price,
        p1_0.responded_at,
        p1_0.status,
        p1_0.submitted_at,
        c1_0.protection_period,
        c1_0.start_date,
        c1_0.status,
        c1_0.title,
        c1_0.total_amount 
    from
        contracts c1_0 
    join
        proposals p1_0 
            on p1_0.id=c1_0.proposal_id 
    where
        c1_0.job_id=?
2026-02-17T09:44:34.683+05:30 DEBUG 11684 --- [http-nio-10000-exec-7] org.hibernate.SQL                        : 
    select
        c1_0.id,
        c1_0.amount_in_escrow,
        c1_0.amount_paid_to_freelancer,
        c1_0.cancellation_reason,
        c1_0.cancelled_at,
        c1_0.client_id,
        c1_0.client_rating,
        c1_0.client_review,
        c1_0.completed_at,
        c1_0.created_at,
        c1_0.deadline,
        c1_0.description,
        c1_0.due_date,
        c1_0.end_date,
        c1_0.escrow_funded,
        c1_0.escrow_funded_at,
        c1_0.freelancer_id,
        c1_0.freelancer_earnings,
        c1_0.freelancer_rating,
        c1_0.freelancer_review,
        c1_0.job_id,
        c1_0.platform_fee,
        c1_0.proposal_id,
        p1_0.id,
        p1_0.client_message,
        p1_0.cover_letter,
        p1_0.estimated_days,
        p1_0.freelancer_id,
        p1_0.job_id,
        p1_0.proposed_price,
        p1_0.responded_at,
        p1_0.status,
        p1_0.submitted_at,
        c1_0.protection_period,
        c1_0.start_date,
        c1_0.status,
        c1_0.title,
        c1_0.total_amount 
    from
        contracts c1_0 
    join
        proposals p1_0 
            on p1_0.id=c1_0.proposal_id 
    where
        c1_0.job_id=?
2026-02-17T09:44:34.686+05:30 DEBUG 11684 --- [http-nio-10000-exec-7] org.hibernate.SQL                        : 
    select
        u1_0.id,
        u1_0.bio,
        u1_0.completed_jobs,
        u1_0.country,
        u1_0.created_at,
        u1_0.email,
        u1_0.email_verification_token,
        u1_0.email_verification_token_expiry,
        u1_0.email_verified,
        u1_0.hourly_rate,
        u1_0.name,
        u1_0.password,
        u1_0.phone,
        u1_0.profile_picture,
        u1_0.rating,
        u1_0.role,
        u1_0.skills 
    from
        users u1_0 
    where
        u1_0.id=?
2026-02-17T09:44:34.688+05:30 DEBUG 11684 --- [http-nio-10000-exec-7] org.hibernate.SQL                        : 
    select
        u1_0.id,
        u1_0.bio,
        u1_0.completed_jobs,
        u1_0.country,
        u1_0.created_at,
        u1_0.email,
        u1_0.email_verification_token,
        u1_0.email_verification_token_expiry,
        u1_0.email_verified,
        u1_0.hourly_rate,
        u1_0.name,
        u1_0.password,
        u1_0.phone,
        u1_0.profile_picture,
        u1_0.rating,
        u1_0.role,
        u1_0.skills 
    from
        users u1_0 
    where
        u1_0.id=?
2026-02-17T09:44:34.693+05:30 DEBUG 11684 --- [http-nio-10000-exec-7] org.hibernate.SQL                        : 
    select
        u1_0.id,
        u1_0.bio,
        u1_0.completed_jobs,
        u1_0.country,
        u1_0.created_at,
        u1_0.email,
        u1_0.email_verification_token,
        u1_0.email_verification_token_expiry,
        u1_0.email_verified,
        u1_0.hourly_rate,
        u1_0.name,
        u1_0.password,
        u1_0.phone,
        u1_0.profile_picture,
        u1_0.rating,
        u1_0.role,
        u1_0.skills 
    from
        users u1_0 
    where
        u1_0.id=?
2026-02-17T09:44:34.699+05:30 DEBUG 11684 --- [http-nio-10000-exec-7] o.s.w.s.m.m.a.HttpEntityMethodProcessor  : Using 'application/json', given [application/json, text/plain, */*] and supported [application/json, application/*+json, application/yaml]
2026-02-17T09:44:34.699+05:30 DEBUG 11684 --- [http-nio-10000-exec-7] o.s.w.s.m.m.a.HttpEntityMethodProcessor  : Writing [[com.marketplace.job.JobResponseDTO@ea0ce30, com.marketplace.job.JobResponseDTO@5979571f, com.market (truncated)...]
2026-02-17T09:44:34.701+05:30 DEBUG 11684 --- [http-nio-10000-exec-7] o.s.web.servlet.DispatcherServlet        : Completed 200 OK
2026-02-17T09:44:38.347+05:30 DEBUG 11684 --- [http-nio-10000-exec-8] o.s.security.web.FilterChainProxy        : Securing GET /api/proposals/my-proposals
2026-02-17T09:44:38.357+05:30 DEBUG 11684 --- [http-nio-10000-exec-8] org.hibernate.SQL                        : 
    select
        u1_0.id,
        u1_0.bio,
        u1_0.completed_jobs,
        u1_0.country,
        u1_0.created_at,
        u1_0.email,
        u1_0.email_verification_token,
        u1_0.email_verification_token_expiry,
        u1_0.email_verified,
        u1_0.hourly_rate,
        u1_0.name,
        u1_0.password,
        u1_0.phone,
        u1_0.profile_picture,
        u1_0.rating,
        u1_0.role,
        u1_0.skills 
    from
        users u1_0 
    where
        u1_0.email=?
2026-02-17T09:44:38.366+05:30 DEBUG 11684 --- [http-nio-10000-exec-8] o.s.security.web.FilterChainProxy        : Secured GET /api/proposals/my-proposals
2026-02-17T09:44:38.367+05:30 DEBUG 11684 --- [http-nio-10000-exec-8] o.s.web.servlet.DispatcherServlet        : GET "/api/proposals/my-proposals", parameters={}
2026-02-17T09:44:38.371+05:30 DEBUG 11684 --- [http-nio-10000-exec-8] s.w.s.m.m.a.RequestMappingHandlerMapping : Mapped to com.marketplace.proposal.ProposalController#getMyProposals()
2026-02-17T09:44:38.376+05:30 DEBUG 11684 --- [http-nio-10000-exec-8] org.hibernate.SQL                        : 
    select
        u1_0.id,
        u1_0.bio,
        u1_0.completed_jobs,
        u1_0.country,
        u1_0.created_at,
        u1_0.email,
        u1_0.email_verification_token,
        u1_0.email_verification_token_expiry,
        u1_0.email_verified,
        u1_0.hourly_rate,
        u1_0.name,
        u1_0.password,
        u1_0.phone,
        u1_0.profile_picture,
        u1_0.rating,
        u1_0.role,
        u1_0.skills 
    from
        users u1_0 
    where
        u1_0.email=?
2026-02-17T09:44:38.382+05:30 DEBUG 11684 --- [http-nio-10000-exec-8] org.hibernate.SQL                        : 
    select
        u1_0.id,
        u1_0.bio,
        u1_0.completed_jobs,
        u1_0.country,
        u1_0.created_at,
        u1_0.email,
        u1_0.email_verification_token,
        u1_0.email_verification_token_expiry,
        u1_0.email_verified,
        u1_0.hourly_rate,
        u1_0.name,
        u1_0.password,
        u1_0.phone,
        u1_0.profile_picture,
        u1_0.rating,
        u1_0.role,
        u1_0.skills 
    from
        users u1_0 
    where
        u1_0.email=?
2026-02-17T09:44:38.391+05:30 DEBUG 11684 --- [http-nio-10000-exec-8] org.hibernate.SQL                        : 
    select
        p1_0.id,
        p1_0.client_message,
        p1_0.cover_letter,
        p1_0.estimated_days,
        p1_0.freelancer_id,
        p1_0.job_id,
        p1_0.proposed_price,
        p1_0.responded_at,
        p1_0.status,
        p1_0.submitted_at 
    from
        proposals p1_0 
    where
        p1_0.freelancer_id=?
2026-02-17T09:44:38.413+05:30 DEBUG 11684 --- [http-nio-10000-exec-8] org.hibernate.SQL                        : 
    select
        j1_0.id,
        j1_0.freelancer_id,
        j1_0.budget,
        j1_0.client_id,
        j1_0.created_at,
        j1_0.deadline,
        j1_0.description,
        j1_0.estimated_duration,
        j1_0.skills_required,
        j1_0.status,
        j1_0.title,
        j1_0.type 
    from
        jobs j1_0 
    where
        j1_0.id=?
2026-02-17T09:44:38.415+05:30 DEBUG 11684 --- [http-nio-10000-exec-8] org.hibernate.SQL                        : 
    select
        c1_0.id,
        c1_0.amount_in_escrow,
        c1_0.amount_paid_to_freelancer,
        c1_0.cancellation_reason,
        c1_0.cancelled_at,
        c1_0.client_id,
        c1_0.client_rating,
        c1_0.client_review,
        c1_0.completed_at,
        c1_0.created_at,
        c1_0.deadline,
        c1_0.description,
        c1_0.due_date,
        c1_0.end_date,
        c1_0.escrow_funded,
        c1_0.escrow_funded_at,
        c1_0.freelancer_id,
        c1_0.freelancer_earnings,
        c1_0.freelancer_rating,
        c1_0.freelancer_review,
        c1_0.job_id,
        c1_0.platform_fee,
        c1_0.proposal_id,
        p1_0.id,
        p1_0.client_message,
        p1_0.cover_letter,
        p1_0.estimated_days,
        p1_0.freelancer_id,
        p1_0.job_id,
        p1_0.proposed_price,
        p1_0.responded_at,
        p1_0.status,
        p1_0.submitted_at,
        c1_0.protection_period,
        c1_0.start_date,
        c1_0.status,
        c1_0.title,
        c1_0.total_amount 
    from
        contracts c1_0 
    join
        proposals p1_0 
            on p1_0.id=c1_0.proposal_id 
    where
        c1_0.job_id=?
2026-02-17T09:44:38.420+05:30 DEBUG 11684 --- [http-nio-10000-exec-8] org.hibernate.SQL                        : 
    select
        j1_0.id,
        j1_0.freelancer_id,
        j1_0.budget,
        j1_0.client_id,
        j1_0.created_at,
        j1_0.deadline,
        j1_0.description,
        j1_0.estimated_duration,
        j1_0.skills_required,
        j1_0.status,
        j1_0.title,
        j1_0.type 
    from
        jobs j1_0 
    where
        j1_0.id=?
2026-02-17T09:44:38.421+05:30 DEBUG 11684 --- [http-nio-10000-exec-8] org.hibernate.SQL                        : 
    select
        c1_0.id,
        c1_0.amount_in_escrow,
        c1_0.amount_paid_to_freelancer,
        c1_0.cancellation_reason,
        c1_0.cancelled_at,
        c1_0.client_id,
        c1_0.client_rating,
        c1_0.client_review,
        c1_0.completed_at,
        c1_0.created_at,
        c1_0.deadline,
        c1_0.description,
        c1_0.due_date,
        c1_0.end_date,
        c1_0.escrow_funded,
        c1_0.escrow_funded_at,
        c1_0.freelancer_id,
        c1_0.freelancer_earnings,
        c1_0.freelancer_rating,
        c1_0.freelancer_review,
        c1_0.job_id,
        c1_0.platform_fee,
        c1_0.proposal_id,
        p1_0.id,
        p1_0.client_message,
        p1_0.cover_letter,
        p1_0.estimated_days,
        p1_0.freelancer_id,
        p1_0.job_id,
        p1_0.proposed_price,
        p1_0.responded_at,
        p1_0.status,
        p1_0.submitted_at,
        c1_0.protection_period,
        c1_0.start_date,
        c1_0.status,
        c1_0.title,
        c1_0.total_amount 
    from
        contracts c1_0 
    join
        proposals p1_0 
            on p1_0.id=c1_0.proposal_id 
    where
        c1_0.job_id=?
2026-02-17T09:44:38.424+05:30 DEBUG 11684 --- [http-nio-10000-exec-8] org.hibernate.SQL                        : 
    select
        j1_0.id,
        j1_0.freelancer_id,
        j1_0.budget,
        j1_0.client_id,
        j1_0.created_at,
        j1_0.deadline,
        j1_0.description,
        j1_0.estimated_duration,
        j1_0.skills_required,
        j1_0.status,
        j1_0.title,
        j1_0.type 
    from
        jobs j1_0 
    where
        j1_0.id=?
2026-02-17T09:44:38.427+05:30 DEBUG 11684 --- [http-nio-10000-exec-8] org.hibernate.SQL                        : 
    select
        c1_0.id,
        c1_0.amount_in_escrow,
        c1_0.amount_paid_to_freelancer,
        c1_0.cancellation_reason,
        c1_0.cancelled_at,
        c1_0.client_id,
        c1_0.client_rating,
        c1_0.client_review,
        c1_0.completed_at,
        c1_0.created_at,
        c1_0.deadline,
        c1_0.description,
        c1_0.due_date,
        c1_0.end_date,
        c1_0.escrow_funded,
        c1_0.escrow_funded_at,
        c1_0.freelancer_id,
        c1_0.freelancer_earnings,
        c1_0.freelancer_rating,
        c1_0.freelancer_review,
        c1_0.job_id,
        c1_0.platform_fee,
        c1_0.proposal_id,
        p1_0.id,
        p1_0.client_message,
        p1_0.cover_letter,
        p1_0.estimated_days,
        p1_0.freelancer_id,
        p1_0.job_id,
        p1_0.proposed_price,
        p1_0.responded_at,
        p1_0.status,
        p1_0.submitted_at,
        c1_0.protection_period,
        c1_0.start_date,
        c1_0.status,
        c1_0.title,
        c1_0.total_amount 
    from
        contracts c1_0 
    join
        proposals p1_0 
            on p1_0.id=c1_0.proposal_id 
    where
        c1_0.job_id=?
2026-02-17T09:44:38.429+05:30 DEBUG 11684 --- [http-nio-10000-exec-8] org.hibernate.SQL                        : 
    select
        j1_0.id,
        j1_0.freelancer_id,
        j1_0.budget,
        j1_0.client_id,
        j1_0.created_at,
        j1_0.deadline,
        j1_0.description,
        j1_0.estimated_duration,
        j1_0.skills_required,
        j1_0.status,
        j1_0.title,
        j1_0.type 
    from
        jobs j1_0 
    where
        j1_0.id=?
2026-02-17T09:44:38.430+05:30 DEBUG 11684 --- [http-nio-10000-exec-8] org.hibernate.SQL                        : 
    select
        c1_0.id,
        c1_0.amount_in_escrow,
        c1_0.amount_paid_to_freelancer,
        c1_0.cancellation_reason,
        c1_0.cancelled_at,
        c1_0.client_id,
        c1_0.client_rating,
        c1_0.client_review,
        c1_0.completed_at,
        c1_0.created_at,
        c1_0.deadline,
        c1_0.description,
        c1_0.due_date,
        c1_0.end_date,
        c1_0.escrow_funded,
        c1_0.escrow_funded_at,
        c1_0.freelancer_id,
        c1_0.freelancer_earnings,
        c1_0.freelancer_rating,
        c1_0.freelancer_review,
        c1_0.job_id,
        c1_0.platform_fee,
        c1_0.proposal_id,
        p1_0.id,
        p1_0.client_message,
        p1_0.cover_letter,
        p1_0.estimated_days,
        p1_0.freelancer_id,
        p1_0.job_id,
        p1_0.proposed_price,
        p1_0.responded_at,
        p1_0.status,
        p1_0.submitted_at,
        c1_0.protection_period,
        c1_0.start_date,
        c1_0.status,
        c1_0.title,
        c1_0.total_amount 
    from
        contracts c1_0 
    join
        proposals p1_0 
            on p1_0.id=c1_0.proposal_id 
    where
        c1_0.job_id=?
2026-02-17T09:44:38.441+05:30 DEBUG 11684 --- [http-nio-10000-exec-8] o.s.w.s.m.m.a.HttpEntityMethodProcessor  : Using 'application/json', given [application/json, text/plain, */*] and supported [application/json, application/*+json, application/yaml]
2026-02-17T09:44:38.441+05:30 DEBUG 11684 --- [http-nio-10000-exec-8] o.s.w.s.m.m.a.HttpEntityMethodProcessor  : Writing [[com.marketplace.proposal.ProposalResponseDTO@74ea267, com.marketplace.proposal.ProposalResponseDTO@ (truncated)...]
2026-02-17T09:44:38.443+05:30 DEBUG 11684 --- [http-nio-10000-exec-8] o.s.web.servlet.DispatcherServlet        : Completed 200 OK
2026-02-17T09:45:26.726+05:30 DEBUG 11684 --- [http-nio-10000-exec-9] o.s.security.web.FilterChainProxy        : Securing GET /api/contracts/my-contracts
2026-02-17T09:45:26.744+05:30 DEBUG 11684 --- [http-nio-10000-exec-9] org.hibernate.SQL                        : 
    select
        u1_0.id,
        u1_0.bio,
        u1_0.completed_jobs,
        u1_0.country,
        u1_0.created_at,
        u1_0.email,
        u1_0.email_verification_token,
        u1_0.email_verification_token_expiry,
        u1_0.email_verified,
        u1_0.hourly_rate,
        u1_0.name,
        u1_0.password,
        u1_0.phone,
        u1_0.profile_picture,
        u1_0.rating,
        u1_0.role,
        u1_0.skills 
    from
        users u1_0 
    where
        u1_0.email=?
2026-02-17T09:45:26.762+05:30 DEBUG 11684 --- [http-nio-10000-exec-9] o.s.security.web.FilterChainProxy        : Secured GET /api/contracts/my-contracts
2026-02-17T09:45:26.763+05:30 DEBUG 11684 --- [http-nio-10000-exec-9] o.s.web.servlet.DispatcherServlet        : GET "/api/contracts/my-contracts", parameters={}
2026-02-17T09:45:26.772+05:30 DEBUG 11684 --- [http-nio-10000-exec-9] s.w.s.m.m.a.RequestMappingHandlerMapping : Mapped to com.marketplace.contract.ContractController#getMyContracts()
2026-02-17T09:45:26.782+05:30 DEBUG 11684 --- [http-nio-10000-exec-9] org.hibernate.SQL                        : 
    select
        u1_0.id,
        u1_0.bio,
        u1_0.completed_jobs,
        u1_0.country,
        u1_0.created_at,
        u1_0.email,
        u1_0.email_verification_token,
        u1_0.email_verification_token_expiry,
        u1_0.email_verified,
        u1_0.hourly_rate,
        u1_0.name,
        u1_0.password,
        u1_0.phone,
        u1_0.profile_picture,
        u1_0.rating,
        u1_0.role,
        u1_0.skills 
    from
        users u1_0 
    where
        u1_0.email=?
2026-02-17T09:45:26.800+05:30 DEBUG 11684 --- [http-nio-10000-exec-9] org.hibernate.SQL                        : 
    select
        c1_0.id,
        c1_0.amount_in_escrow,
        c1_0.amount_paid_to_freelancer,
        c1_0.cancellation_reason,
        c1_0.cancelled_at,
        c1_0.client_id,
        c1_0.client_rating,
        c1_0.client_review,
        c1_0.completed_at,
        c1_0.created_at,
        c1_0.deadline,
        c1_0.description,
        c1_0.due_date,
        c1_0.end_date,
        c1_0.escrow_funded,
        c1_0.escrow_funded_at,
        c1_0.freelancer_id,
        c1_0.freelancer_earnings,
        c1_0.freelancer_rating,
        c1_0.freelancer_review,
        c1_0.job_id,
        c1_0.platform_fee,
        c1_0.proposal_id,
        c1_0.protection_period,
        c1_0.start_date,
        c1_0.status,
        c1_0.title,
        c1_0.total_amount 
    from
        contracts c1_0 
    where
        c1_0.client_id=?
2026-02-17T09:45:26.812+05:30 DEBUG 11684 --- [http-nio-10000-exec-9] org.hibernate.SQL                        : 
    select
        c1_0.id,
        c1_0.amount_in_escrow,
        c1_0.amount_paid_to_freelancer,
        c1_0.cancellation_reason,
        c1_0.cancelled_at,
        c1_0.client_id,
        c1_0.client_rating,
        c1_0.client_review,
        c1_0.completed_at,
        c1_0.created_at,
        c1_0.deadline,
        c1_0.description,
        c1_0.due_date,
        c1_0.end_date,
        c1_0.escrow_funded,
        c1_0.escrow_funded_at,
        c1_0.freelancer_id,
        c1_0.freelancer_earnings,
        c1_0.freelancer_rating,
        c1_0.freelancer_review,
        c1_0.job_id,
        c1_0.platform_fee,
        c1_0.proposal_id,
        c1_0.protection_period,
        c1_0.start_date,
        c1_0.status,
        c1_0.title,
        c1_0.total_amount 
    from
        contracts c1_0 
    where
        c1_0.freelancer_id=?
2026-02-17T09:45:26.817+05:30 DEBUG 11684 --- [http-nio-10000-exec-9] org.hibernate.SQL                        : 
    select
        p1_0.id,
        p1_0.client_message,
        p1_0.cover_letter,
        p1_0.estimated_days,
        p1_0.freelancer_id,
        p1_0.job_id,
        p1_0.proposed_price,
        p1_0.responded_at,
        p1_0.status,
        p1_0.submitted_at 
    from
        proposals p1_0 
    where
        p1_0.id=?
2026-02-17T09:45:26.821+05:30 DEBUG 11684 --- [http-nio-10000-exec-9] org.hibernate.SQL                        : 
    select
        p1_0.id,
        p1_0.client_message,
        p1_0.cover_letter,
        p1_0.estimated_days,
        p1_0.freelancer_id,
        p1_0.job_id,
        p1_0.proposed_price,
        p1_0.responded_at,
        p1_0.status,
        p1_0.submitted_at 
    from
        proposals p1_0 
    where
        p1_0.id=?
2026-02-17T09:45:26.825+05:30 DEBUG 11684 --- [http-nio-10000-exec-9] org.hibernate.SQL                        : 
    select
        j1_0.id,
        j1_0.freelancer_id,
        j1_0.budget,
        j1_0.client_id,
        j1_0.created_at,
        j1_0.deadline,
        j1_0.description,
        j1_0.estimated_duration,
        j1_0.skills_required,
        j1_0.status,
        j1_0.title,
        j1_0.type 
    from
        jobs j1_0 
    where
        j1_0.id=?
2026-02-17T09:45:26.832+05:30 DEBUG 11684 --- [http-nio-10000-exec-9] org.hibernate.SQL                        : 
    select
        u1_0.id,
        u1_0.bio,
        u1_0.completed_jobs,
        u1_0.country,
        u1_0.created_at,
        u1_0.email,
        u1_0.email_verification_token,
        u1_0.email_verification_token_expiry,
        u1_0.email_verified,
        u1_0.hourly_rate,
        u1_0.name,
        u1_0.password,
        u1_0.phone,
        u1_0.profile_picture,
        u1_0.rating,
        u1_0.role,
        u1_0.skills 
    from
        users u1_0 
    where
        u1_0.id=?
2026-02-17T09:45:26.835+05:30 DEBUG 11684 --- [http-nio-10000-exec-9] org.hibernate.SQL                        : 
    select
        j1_0.id,
        j1_0.freelancer_id,
        j1_0.budget,
        j1_0.client_id,
        j1_0.created_at,
        j1_0.deadline,
        j1_0.description,
        j1_0.estimated_duration,
        j1_0.skills_required,
        j1_0.status,
        j1_0.title,
        j1_0.type 
    from
        jobs j1_0 
    where
        j1_0.id=?
2026-02-17T09:45:26.840+05:30 DEBUG 11684 --- [http-nio-10000-exec-9] o.s.w.s.m.m.a.HttpEntityMethodProcessor  : Using 'application/json', given [application/json, text/plain, */*] and supported [application/json, application/*+json, application/yaml]
2026-02-17T09:45:26.842+05:30 DEBUG 11684 --- [http-nio-10000-exec-9] o.s.w.s.m.m.a.HttpEntityMethodProcessor  : Writing [[com.marketplace.contract.ContractResponseDTO@4cca194c, com.marketplace.contract.ContractResponseDTO (truncated)...]
2026-02-17T09:45:26.845+05:30 DEBUG 11684 --- [http-nio-10000-exec-9] o.s.web.servlet.DispatcherServlet        : Completed 200 OK
2026-02-17T09:49:38.285+05:30 DEBUG 11684 --- [http-nio-10000-exec-1] o.s.security.web.FilterChainProxy        : Securing GET /api/jobs/open
2026-02-17T09:49:38.293+05:30 DEBUG 11684 --- [http-nio-10000-exec-1] o.s.s.w.a.AnonymousAuthenticationFilter  : Set SecurityContextHolder to anonymous SecurityContext
2026-02-17T09:49:38.296+05:30 DEBUG 11684 --- [http-nio-10000-exec-1] o.s.security.web.FilterChainProxy        : Secured GET /api/jobs/open
2026-02-17T09:49:38.297+05:30 DEBUG 11684 --- [http-nio-10000-exec-1] o.s.web.servlet.DispatcherServlet        : GET "/api/jobs/open", parameters={}
2026-02-17T09:49:38.299+05:30 DEBUG 11684 --- [http-nio-10000-exec-1] s.w.s.m.m.a.RequestMappingHandlerMapping : Mapped to com.marketplace.job.JobController#getOpenJobs()
2026-02-17T09:49:38.324+05:30 DEBUG 11684 --- [http-nio-10000-exec-1] org.hibernate.SQL                        : 
    select
        j1_0.id,
        j1_0.freelancer_id,
        j1_0.budget,
        j1_0.client_id,
        j1_0.created_at,
        j1_0.deadline,
        j1_0.description,
        j1_0.estimated_duration,
        j1_0.skills_required,
        j1_0.status,
        j1_0.title,
        j1_0.type 
    from
        jobs j1_0 
    where
        j1_0.status=? 
    order by
        j1_0.created_at desc
2026-02-17T09:49:38.368+05:30 DEBUG 11684 --- [http-nio-10000-exec-1] org.hibernate.SQL                        : 
    select
        c1_0.id,
        c1_0.amount_in_escrow,
        c1_0.amount_paid_to_freelancer,
        c1_0.cancellation_reason,
        c1_0.cancelled_at,
        c1_0.client_id,
        c1_0.client_rating,
        c1_0.client_review,
        c1_0.completed_at,
        c1_0.created_at,
        c1_0.deadline,
        c1_0.description,
        c1_0.due_date,
        c1_0.end_date,
        c1_0.escrow_funded,
        c1_0.escrow_funded_at,
        c1_0.freelancer_id,
        c1_0.freelancer_earnings,
        c1_0.freelancer_rating,
        c1_0.freelancer_review,
        c1_0.job_id,
        c1_0.platform_fee,
        c1_0.proposal_id,
        p1_0.id,
        p1_0.client_message,
        p1_0.cover_letter,
        p1_0.estimated_days,
        p1_0.freelancer_id,
        p1_0.job_id,
        p1_0.proposed_price,
        p1_0.responded_at,
        p1_0.status,
        p1_0.submitted_at,
        c1_0.protection_period,
        c1_0.start_date,
        c1_0.status,
        c1_0.title,
        c1_0.total_amount 
    from
        contracts c1_0 
    join
        proposals p1_0 
            on p1_0.id=c1_0.proposal_id 
    where
        c1_0.job_id=?
2026-02-17T09:49:38.379+05:30 DEBUG 11684 --- [http-nio-10000-exec-1] org.hibernate.SQL                        : 
    select
        c1_0.id,
        c1_0.amount_in_escrow,
        c1_0.amount_paid_to_freelancer,
        c1_0.cancellation_reason,
        c1_0.cancelled_at,
        c1_0.client_id,
        c1_0.client_rating,
        c1_0.client_review,
        c1_0.completed_at,
        c1_0.created_at,
        c1_0.deadline,
        c1_0.description,
        c1_0.due_date,
        c1_0.end_date,
        c1_0.escrow_funded,
        c1_0.escrow_funded_at,
        c1_0.freelancer_id,
        c1_0.freelancer_earnings,
        c1_0.freelancer_rating,
        c1_0.freelancer_review,
        c1_0.job_id,
        c1_0.platform_fee,
        c1_0.proposal_id,
        p1_0.id,
        p1_0.client_message,
        p1_0.cover_letter,
        p1_0.estimated_days,
        p1_0.freelancer_id,
        p1_0.job_id,
        p1_0.proposed_price,
        p1_0.responded_at,
        p1_0.status,
        p1_0.submitted_at,
        c1_0.protection_period,
        c1_0.start_date,
        c1_0.status,
        c1_0.title,
        c1_0.total_amount 
    from
        contracts c1_0 
    join
        proposals p1_0 
            on p1_0.id=c1_0.proposal_id 
    where
        c1_0.job_id=?
2026-02-17T09:49:38.381+05:30 DEBUG 11684 --- [http-nio-10000-exec-1] org.hibernate.SQL                        : 
    select
        c1_0.id,
        c1_0.amount_in_escrow,
        c1_0.amount_paid_to_freelancer,
        c1_0.cancellation_reason,
        c1_0.cancelled_at,
        c1_0.client_id,
        c1_0.client_rating,
        c1_0.client_review,
        c1_0.completed_at,
        c1_0.created_at,
        c1_0.deadline,
        c1_0.description,
        c1_0.due_date,
        c1_0.end_date,
        c1_0.escrow_funded,
        c1_0.escrow_funded_at,
        c1_0.freelancer_id,
        c1_0.freelancer_earnings,
        c1_0.freelancer_rating,
        c1_0.freelancer_review,
        c1_0.job_id,
        c1_0.platform_fee,
        c1_0.proposal_id,
        p1_0.id,
        p1_0.client_message,
        p1_0.cover_letter,
        p1_0.estimated_days,
        p1_0.freelancer_id,
        p1_0.job_id,
        p1_0.proposed_price,
        p1_0.responded_at,
        p1_0.status,
        p1_0.submitted_at,
        c1_0.protection_period,
        c1_0.start_date,
        c1_0.status,
        c1_0.title,
        c1_0.total_amount 
    from
        contracts c1_0 
    join
        proposals p1_0 
            on p1_0.id=c1_0.proposal_id 
    where
        c1_0.job_id=?
2026-02-17T09:49:38.385+05:30 DEBUG 11684 --- [http-nio-10000-exec-1] org.hibernate.SQL                        : 
    select
        c1_0.id,
        c1_0.amount_in_escrow,
        c1_0.amount_paid_to_freelancer,
        c1_0.cancellation_reason,
        c1_0.cancelled_at,
        c1_0.client_id,
        c1_0.client_rating,
        c1_0.client_review,
        c1_0.completed_at,
        c1_0.created_at,
        c1_0.deadline,
        c1_0.description,
        c1_0.due_date,
        c1_0.end_date,
        c1_0.escrow_funded,
        c1_0.escrow_funded_at,
        c1_0.freelancer_id,
        c1_0.freelancer_earnings,
        c1_0.freelancer_rating,
        c1_0.freelancer_review,
        c1_0.job_id,
        c1_0.platform_fee,
        c1_0.proposal_id,
        p1_0.id,
        p1_0.client_message,
        p1_0.cover_letter,
        p1_0.estimated_days,
        p1_0.freelancer_id,
        p1_0.job_id,
        p1_0.proposed_price,
        p1_0.responded_at,
        p1_0.status,
        p1_0.submitted_at,
        c1_0.protection_period,
        c1_0.start_date,
        c1_0.status,
        c1_0.title,
        c1_0.total_amount 
    from
        contracts c1_0 
    join
        proposals p1_0 
            on p1_0.id=c1_0.proposal_id 
    where
        c1_0.job_id=?
2026-02-17T09:49:38.388+05:30 DEBUG 11684 --- [http-nio-10000-exec-1] org.hibernate.SQL                        : 
    select
        u1_0.id,
        u1_0.bio,
        u1_0.completed_jobs,
        u1_0.country,
        u1_0.created_at,
        u1_0.email,
        u1_0.email_verification_token,
        u1_0.email_verification_token_expiry,
        u1_0.email_verified,
        u1_0.hourly_rate,
        u1_0.name,
        u1_0.password,
        u1_0.phone,
        u1_0.profile_picture,
        u1_0.rating,
        u1_0.role,
        u1_0.skills 
    from
        users u1_0 
    where
        u1_0.id=?
2026-02-17T09:49:38.398+05:30 DEBUG 11684 --- [http-nio-10000-exec-1] org.hibernate.SQL                        : 
    select
        u1_0.id,
        u1_0.bio,
        u1_0.completed_jobs,
        u1_0.country,
        u1_0.created_at,
        u1_0.email,
        u1_0.email_verification_token,
        u1_0.email_verification_token_expiry,
        u1_0.email_verified,
        u1_0.hourly_rate,
        u1_0.name,
        u1_0.password,
        u1_0.phone,
        u1_0.profile_picture,
        u1_0.rating,
        u1_0.role,
        u1_0.skills 
    from
        users u1_0 
    where
        u1_0.id=?
2026-02-17T09:49:38.401+05:30 DEBUG 11684 --- [http-nio-10000-exec-1] org.hibernate.SQL                        : 
    select
        u1_0.id,
        u1_0.bio,
        u1_0.completed_jobs,
        u1_0.country,
        u1_0.created_at,
        u1_0.email,
        u1_0.email_verification_token,
        u1_0.email_verification_token_expiry,
        u1_0.email_verified,
        u1_0.hourly_rate,
        u1_0.name,
        u1_0.password,
        u1_0.phone,
        u1_0.profile_picture,
        u1_0.rating,
        u1_0.role,
        u1_0.skills 
    from
        users u1_0 
    where
        u1_0.id=?
2026-02-17T09:49:38.413+05:30 DEBUG 11684 --- [http-nio-10000-exec-1] o.s.w.s.m.m.a.HttpEntityMethodProcessor  : Using 'application/json', given [application/json, text/plain, */*] and supported [application/json, application/*+json, application/yaml]
2026-02-17T09:49:38.414+05:30 DEBUG 11684 --- [http-nio-10000-exec-1] o.s.w.s.m.m.a.HttpEntityMethodProcessor  : Writing [[com.marketplace.job.JobResponseDTO@145553f7, com.marketplace.job.JobResponseDTO@b2ecc1a, com.market (truncated)...]
2026-02-17T09:49:38.420+05:30 DEBUG 11684 --- [http-nio-10000-exec-1] o.s.web.servlet.DispatcherServlet        : Completed 200 OK
2026-02-17T09:49:38.431+05:30 DEBUG 11684 --- [http-nio-10000-exec-2] o.s.security.web.FilterChainProxy        : Securing GET /api/proposals/my-proposals
2026-02-17T09:49:38.444+05:30 DEBUG 11684 --- [http-nio-10000-exec-2] org.hibernate.SQL                        : 
    select
        u1_0.id,
        u1_0.bio,
        u1_0.completed_jobs,
        u1_0.country,
        u1_0.created_at,
        u1_0.email,
        u1_0.email_verification_token,
        u1_0.email_verification_token_expiry,
        u1_0.email_verified,
        u1_0.hourly_rate,
        u1_0.name,
        u1_0.password,
        u1_0.phone,
        u1_0.profile_picture,
        u1_0.rating,
        u1_0.role,
        u1_0.skills 
    from
        users u1_0 
    where
        u1_0.email=?
2026-02-17T09:49:38.455+05:30 DEBUG 11684 --- [http-nio-10000-exec-2] o.s.security.web.FilterChainProxy        : Secured GET /api/proposals/my-proposals
2026-02-17T09:49:38.455+05:30 DEBUG 11684 --- [http-nio-10000-exec-2] o.s.web.servlet.DispatcherServlet        : GET "/api/proposals/my-proposals", parameters={}
2026-02-17T09:49:38.457+05:30 DEBUG 11684 --- [http-nio-10000-exec-2] s.w.s.m.m.a.RequestMappingHandlerMapping : Mapped to com.marketplace.proposal.ProposalController#getMyProposals()
2026-02-17T09:49:38.460+05:30 DEBUG 11684 --- [http-nio-10000-exec-2] org.hibernate.SQL                        : 
    select
        u1_0.id,
        u1_0.bio,
        u1_0.completed_jobs,
        u1_0.country,
        u1_0.created_at,
        u1_0.email,
        u1_0.email_verification_token,
        u1_0.email_verification_token_expiry,
        u1_0.email_verified,
        u1_0.hourly_rate,
        u1_0.name,
        u1_0.password,
        u1_0.phone,
        u1_0.profile_picture,
        u1_0.rating,
        u1_0.role,
        u1_0.skills 
    from
        users u1_0 
    where
        u1_0.email=?
2026-02-17T09:49:38.466+05:30 DEBUG 11684 --- [http-nio-10000-exec-2] org.hibernate.SQL                        : 
    select
        u1_0.id,
        u1_0.bio,
        u1_0.completed_jobs,
        u1_0.country,
        u1_0.created_at,
        u1_0.email,
        u1_0.email_verification_token,
        u1_0.email_verification_token_expiry,
        u1_0.email_verified,
        u1_0.hourly_rate,
        u1_0.name,
        u1_0.password,
        u1_0.phone,
        u1_0.profile_picture,
        u1_0.rating,
        u1_0.role,
        u1_0.skills 
    from
        users u1_0 
    where
        u1_0.email=?
2026-02-17T09:49:38.475+05:30 DEBUG 11684 --- [http-nio-10000-exec-2] org.hibernate.SQL                        : 
    select
        p1_0.id,
        p1_0.client_message,
        p1_0.cover_letter,
        p1_0.estimated_days,
        p1_0.freelancer_id,
        p1_0.job_id,
        p1_0.proposed_price,
        p1_0.responded_at,
        p1_0.status,
        p1_0.submitted_at 
    from
        proposals p1_0 
    where
        p1_0.freelancer_id=?
2026-02-17T09:49:38.482+05:30 DEBUG 11684 --- [http-nio-10000-exec-2] org.hibernate.SQL                        : 
    select
        j1_0.id,
        j1_0.freelancer_id,
        j1_0.budget,
        j1_0.client_id,
        j1_0.created_at,
        j1_0.deadline,
        j1_0.description,
        j1_0.estimated_duration,
        j1_0.skills_required,
        j1_0.status,
        j1_0.title,
        j1_0.type 
    from
        jobs j1_0 
    where
        j1_0.id=?
2026-02-17T09:49:38.486+05:30 DEBUG 11684 --- [http-nio-10000-exec-2] org.hibernate.SQL                        : 
    select
        c1_0.id,
        c1_0.amount_in_escrow,
        c1_0.amount_paid_to_freelancer,
        c1_0.cancellation_reason,
        c1_0.cancelled_at,
        c1_0.client_id,
        c1_0.client_rating,
        c1_0.client_review,
        c1_0.completed_at,
        c1_0.created_at,
        c1_0.deadline,
        c1_0.description,
        c1_0.due_date,
        c1_0.end_date,
        c1_0.escrow_funded,
        c1_0.escrow_funded_at,
        c1_0.freelancer_id,
        c1_0.freelancer_earnings,
        c1_0.freelancer_rating,
        c1_0.freelancer_review,
        c1_0.job_id,
        c1_0.platform_fee,
        c1_0.proposal_id,
        p1_0.id,
        p1_0.client_message,
        p1_0.cover_letter,
        p1_0.estimated_days,
        p1_0.freelancer_id,
        p1_0.job_id,
        p1_0.proposed_price,
        p1_0.responded_at,
        p1_0.status,
        p1_0.submitted_at,
        c1_0.protection_period,
        c1_0.start_date,
        c1_0.status,
        c1_0.title,
        c1_0.total_amount 
    from
        contracts c1_0 
    join
        proposals p1_0 
            on p1_0.id=c1_0.proposal_id 
    where
        c1_0.job_id=?
2026-02-17T09:49:38.488+05:30 DEBUG 11684 --- [http-nio-10000-exec-2] org.hibernate.SQL                        : 
    select
        j1_0.id,
        j1_0.freelancer_id,
        j1_0.budget,
        j1_0.client_id,
        j1_0.created_at,
        j1_0.deadline,
        j1_0.description,
        j1_0.estimated_duration,
        j1_0.skills_required,
        j1_0.status,
        j1_0.title,
        j1_0.type 
    from
        jobs j1_0 
    where
        j1_0.id=?
2026-02-17T09:49:38.491+05:30 DEBUG 11684 --- [http-nio-10000-exec-2] org.hibernate.SQL                        : 
    select
        c1_0.id,
        c1_0.amount_in_escrow,
        c1_0.amount_paid_to_freelancer,
        c1_0.cancellation_reason,
        c1_0.cancelled_at,
        c1_0.client_id,
        c1_0.client_rating,
        c1_0.client_review,
        c1_0.completed_at,
        c1_0.created_at,
        c1_0.deadline,
        c1_0.description,
        c1_0.due_date,
        c1_0.end_date,
        c1_0.escrow_funded,
        c1_0.escrow_funded_at,
        c1_0.freelancer_id,
        c1_0.freelancer_earnings,
        c1_0.freelancer_rating,
        c1_0.freelancer_review,
        c1_0.job_id,
        c1_0.platform_fee,
        c1_0.proposal_id,
        p1_0.id,
        p1_0.client_message,
        p1_0.cover_letter,
        p1_0.estimated_days,
        p1_0.freelancer_id,
        p1_0.job_id,
        p1_0.proposed_price,
        p1_0.responded_at,
        p1_0.status,
        p1_0.submitted_at,
        c1_0.protection_period,
        c1_0.start_date,
        c1_0.status,
        c1_0.title,
        c1_0.total_amount 
    from
        contracts c1_0 
    join
        proposals p1_0 
            on p1_0.id=c1_0.proposal_id 
    where
        c1_0.job_id=?
2026-02-17T09:49:38.494+05:30 DEBUG 11684 --- [http-nio-10000-exec-2] org.hibernate.SQL                        : 
    select
        j1_0.id,
        j1_0.freelancer_id,
        j1_0.budget,
        j1_0.client_id,
        j1_0.created_at,
        j1_0.deadline,
        j1_0.description,
        j1_0.estimated_duration,
        j1_0.skills_required,
        j1_0.status,
        j1_0.title,
        j1_0.type 
    from
        jobs j1_0 
    where
        j1_0.id=?
2026-02-17T09:49:38.497+05:30 DEBUG 11684 --- [http-nio-10000-exec-2] org.hibernate.SQL                        : 
    select
        c1_0.id,
        c1_0.amount_in_escrow,
        c1_0.amount_paid_to_freelancer,
        c1_0.cancellation_reason,
        c1_0.cancelled_at,
        c1_0.client_id,
        c1_0.client_rating,
        c1_0.client_review,
        c1_0.completed_at,
        c1_0.created_at,
        c1_0.deadline,
        c1_0.description,
        c1_0.due_date,
        c1_0.end_date,
        c1_0.escrow_funded,
        c1_0.escrow_funded_at,
        c1_0.freelancer_id,
        c1_0.freelancer_earnings,
        c1_0.freelancer_rating,
        c1_0.freelancer_review,
        c1_0.job_id,
        c1_0.platform_fee,
        c1_0.proposal_id,
        p1_0.id,
        p1_0.client_message,
        p1_0.cover_letter,
        p1_0.estimated_days,
        p1_0.freelancer_id,
        p1_0.job_id,
        p1_0.proposed_price,
        p1_0.responded_at,
        p1_0.status,
        p1_0.submitted_at,
        c1_0.protection_period,
        c1_0.start_date,
        c1_0.status,
        c1_0.title,
        c1_0.total_amount 
    from
        contracts c1_0 
    join
        proposals p1_0 
            on p1_0.id=c1_0.proposal_id 
    where
        c1_0.job_id=?
2026-02-17T09:49:38.500+05:30 DEBUG 11684 --- [http-nio-10000-exec-2] org.hibernate.SQL                        : 
    select
        j1_0.id,
        j1_0.freelancer_id,
        j1_0.budget,
        j1_0.client_id,
        j1_0.created_at,
        j1_0.deadline,
        j1_0.description,
        j1_0.estimated_duration,
        j1_0.skills_required,
        j1_0.status,
        j1_0.title,
        j1_0.type 
    from
        jobs j1_0 
    where
        j1_0.id=?
2026-02-17T09:49:38.501+05:30 DEBUG 11684 --- [http-nio-10000-exec-2] org.hibernate.SQL                        : 
    select
        c1_0.id,
        c1_0.amount_in_escrow,
        c1_0.amount_paid_to_freelancer,
        c1_0.cancellation_reason,
        c1_0.cancelled_at,
        c1_0.client_id,
        c1_0.client_rating,
        c1_0.client_review,
        c1_0.completed_at,
        c1_0.created_at,
        c1_0.deadline,
        c1_0.description,
        c1_0.due_date,
        c1_0.end_date,
        c1_0.escrow_funded,
        c1_0.escrow_funded_at,
        c1_0.freelancer_id,
        c1_0.freelancer_earnings,
        c1_0.freelancer_rating,
        c1_0.freelancer_review,
        c1_0.job_id,
        c1_0.platform_fee,
        c1_0.proposal_id,
        p1_0.id,
        p1_0.client_message,
        p1_0.cover_letter,
        p1_0.estimated_days,
        p1_0.freelancer_id,
        p1_0.job_id,
        p1_0.proposed_price,
        p1_0.responded_at,
        p1_0.status,
        p1_0.submitted_at,
        c1_0.protection_period,
        c1_0.start_date,
        c1_0.status,
        c1_0.title,
        c1_0.total_amount 
    from
        contracts c1_0 
    join
        proposals p1_0 
            on p1_0.id=c1_0.proposal_id 
    where
        c1_0.job_id=?
2026-02-17T09:49:38.508+05:30 DEBUG 11684 --- [http-nio-10000-exec-2] o.s.w.s.m.m.a.HttpEntityMethodProcessor  : Using 'application/json', given [application/json, text/plain, */*] and supported [application/json, application/*+json, application/yaml]
2026-02-17T09:49:38.510+05:30 DEBUG 11684 --- [http-nio-10000-exec-2] o.s.w.s.m.m.a.HttpEntityMethodProcessor  : Writing [[com.marketplace.proposal.ProposalResponseDTO@650fb8be, com.marketplace.proposal.ProposalResponseDTO (truncated)...]
2026-02-17T09:49:38.514+05:30 DEBUG 11684 --- [http-nio-10000-exec-2] o.s.web.servlet.DispatcherServlet        : Completed 200 OK
2026-02-17T09:49:38.522+05:30 DEBUG 11684 --- [http-nio-10000-exec-3] o.s.security.web.FilterChainProxy        : Securing GET /api/contracts/my-contracts
2026-02-17T09:49:38.531+05:30 DEBUG 11684 --- [http-nio-10000-exec-3] org.hibernate.SQL                        : 
    select
        u1_0.id,
        u1_0.bio,
        u1_0.completed_jobs,
        u1_0.country,
        u1_0.created_at,
        u1_0.email,
        u1_0.email_verification_token,
        u1_0.email_verification_token_expiry,
        u1_0.email_verified,
        u1_0.hourly_rate,
        u1_0.name,
        u1_0.password,
        u1_0.phone,
        u1_0.profile_picture,
        u1_0.rating,
        u1_0.role,
        u1_0.skills 
    from
        users u1_0 
    where
        u1_0.email=?
2026-02-17T09:49:38.540+05:30 DEBUG 11684 --- [http-nio-10000-exec-3] o.s.security.web.FilterChainProxy        : Secured GET /api/contracts/my-contracts
2026-02-17T09:49:38.541+05:30 DEBUG 11684 --- [http-nio-10000-exec-3] o.s.web.servlet.DispatcherServlet        : GET "/api/contracts/my-contracts", parameters={}
2026-02-17T09:49:38.542+05:30 DEBUG 11684 --- [http-nio-10000-exec-3] s.w.s.m.m.a.RequestMappingHandlerMapping : Mapped to com.marketplace.contract.ContractController#getMyContracts()
2026-02-17T09:49:38.545+05:30 DEBUG 11684 --- [http-nio-10000-exec-3] org.hibernate.SQL                        : 
    select
        u1_0.id,
        u1_0.bio,
        u1_0.completed_jobs,
        u1_0.country,
        u1_0.created_at,
        u1_0.email,
        u1_0.email_verification_token,
        u1_0.email_verification_token_expiry,
        u1_0.email_verified,
        u1_0.hourly_rate,
        u1_0.name,
        u1_0.password,
        u1_0.phone,
        u1_0.profile_picture,
        u1_0.rating,
        u1_0.role,
        u1_0.skills 
    from
        users u1_0 
    where
        u1_0.email=?
2026-02-17T09:49:38.552+05:30 DEBUG 11684 --- [http-nio-10000-exec-3] org.hibernate.SQL                        : 
    select
        c1_0.id,
        c1_0.amount_in_escrow,
        c1_0.amount_paid_to_freelancer,
        c1_0.cancellation_reason,
        c1_0.cancelled_at,
        c1_0.client_id,
        c1_0.client_rating,
        c1_0.client_review,
        c1_0.completed_at,
        c1_0.created_at,
        c1_0.deadline,
        c1_0.description,
        c1_0.due_date,
        c1_0.end_date,
        c1_0.escrow_funded,
        c1_0.escrow_funded_at,
        c1_0.freelancer_id,
        c1_0.freelancer_earnings,
        c1_0.freelancer_rating,
        c1_0.freelancer_review,
        c1_0.job_id,
        c1_0.platform_fee,
        c1_0.proposal_id,
        c1_0.protection_period,
        c1_0.start_date,
        c1_0.status,
        c1_0.title,
        c1_0.total_amount 
    from
        contracts c1_0 
    where
        c1_0.client_id=?
2026-02-17T09:49:38.562+05:30 DEBUG 11684 --- [http-nio-10000-exec-3] org.hibernate.SQL                        : 
    select
        c1_0.id,
        c1_0.amount_in_escrow,
        c1_0.amount_paid_to_freelancer,
        c1_0.cancellation_reason,
        c1_0.cancelled_at,
        c1_0.client_id,
        c1_0.client_rating,
        c1_0.client_review,
        c1_0.completed_at,
        c1_0.created_at,
        c1_0.deadline,
        c1_0.description,
        c1_0.due_date,
        c1_0.end_date,
        c1_0.escrow_funded,
        c1_0.escrow_funded_at,
        c1_0.freelancer_id,
        c1_0.freelancer_earnings,
        c1_0.freelancer_rating,
        c1_0.freelancer_review,
        c1_0.job_id,
        c1_0.platform_fee,
        c1_0.proposal_id,
        c1_0.protection_period,
        c1_0.start_date,
        c1_0.status,
        c1_0.title,
        c1_0.total_amount 
    from
        contracts c1_0 
    where
        c1_0.freelancer_id=?
2026-02-17T09:49:38.568+05:30 DEBUG 11684 --- [http-nio-10000-exec-3] org.hibernate.SQL                        : 
    select
        p1_0.id,
        p1_0.client_message,
        p1_0.cover_letter,
        p1_0.estimated_days,
        p1_0.freelancer_id,
        p1_0.job_id,
        p1_0.proposed_price,
        p1_0.responded_at,
        p1_0.status,
        p1_0.submitted_at 
    from
        proposals p1_0 
    where
        p1_0.id=?
2026-02-17T09:49:38.572+05:30 DEBUG 11684 --- [http-nio-10000-exec-3] org.hibernate.SQL                        : 
    select
        p1_0.id,
        p1_0.client_message,
        p1_0.cover_letter,
        p1_0.estimated_days,
        p1_0.freelancer_id,
        p1_0.job_id,
        p1_0.proposed_price,
        p1_0.responded_at,
        p1_0.status,
        p1_0.submitted_at 
    from
        proposals p1_0 
    where
        p1_0.id=?
2026-02-17T09:49:38.577+05:30 DEBUG 11684 --- [http-nio-10000-exec-3] org.hibernate.SQL                        : 
    select
        j1_0.id,
        j1_0.freelancer_id,
        j1_0.budget,
        j1_0.client_id,
        j1_0.created_at,
        j1_0.deadline,
        j1_0.description,
        j1_0.estimated_duration,
        j1_0.skills_required,
        j1_0.status,
        j1_0.title,
        j1_0.type 
    from
        jobs j1_0 
    where
        j1_0.id=?
2026-02-17T09:49:38.580+05:30 DEBUG 11684 --- [http-nio-10000-exec-3] org.hibernate.SQL                        : 
    select
        u1_0.id,
        u1_0.bio,
        u1_0.completed_jobs,
        u1_0.country,
        u1_0.created_at,
        u1_0.email,
        u1_0.email_verification_token,
        u1_0.email_verification_token_expiry,
        u1_0.email_verified,
        u1_0.hourly_rate,
        u1_0.name,
        u1_0.password,
        u1_0.phone,
        u1_0.profile_picture,
        u1_0.rating,
        u1_0.role,
        u1_0.skills 
    from
        users u1_0 
    where
        u1_0.id=?
2026-02-17T09:49:38.582+05:30 DEBUG 11684 --- [http-nio-10000-exec-3] org.hibernate.SQL                        : 
    select
        j1_0.id,
        j1_0.freelancer_id,
        j1_0.budget,
        j1_0.client_id,
        j1_0.created_at,
        j1_0.deadline,
        j1_0.description,
        j1_0.estimated_duration,
        j1_0.skills_required,
        j1_0.status,
        j1_0.title,
        j1_0.type 
    from
        jobs j1_0 
    where
        j1_0.id=?
2026-02-17T09:49:38.587+05:30 DEBUG 11684 --- [http-nio-10000-exec-3] o.s.w.s.m.m.a.HttpEntityMethodProcessor  : Using 'application/json', given [application/json, text/plain, */*] and supported [application/json, application/*+json, application/yaml]
2026-02-17T09:49:38.588+05:30 DEBUG 11684 --- [http-nio-10000-exec-3] o.s.w.s.m.m.a.HttpEntityMethodProcessor  : Writing [[com.marketplace.contract.ContractResponseDTO@55bed01d, com.marketplace.contract.ContractResponseDTO (truncated)...]
2026-02-17T09:49:38.590+05:30 DEBUG 11684 --- [http-nio-10000-exec-3] o.s.web.servlet.DispatcherServlet        : Completed 200 OK
2026-02-17T10:55:55.665+05:30  WARN 11684 --- [HikariPool-1:housekeeper] com.zaxxer.hikari.pool.HikariPool        : HikariPool-1 - Thread starvation or clock leap detected (housekeeper delta=7m10s228ms371µs100ns).
2026-02-17T10:56:54.636+05:30  WARN 11684 --- [RMI TCP Connection(5)-127.0.0.1] javax.management.remote.misc             : The server has decided to close this client connection.
2026-02-17T13:37:26.613+05:30  WARN 11684 --- [HikariPool-1:housekeeper] com.zaxxer.hikari.pool.HikariPool        : HikariPool-1 - Thread starvation or clock leap detected (housekeeper delta=59m59s433ms760µs300ns).
2026-02-17T13:53:26.990+05:30  WARN 11684 --- [HikariPool-1:housekeeper] com.zaxxer.hikari.pool.HikariPool        : HikariPool-1 - Thread starvation or clock leap detected (housekeeper delta=16m398ms261µs300ns).
2026-02-17T13:55:22.577+05:30  INFO 11684 --- [RMI TCP Connection(196)-127.0.0.1] inMXBeanRegistrar$SpringApplicationAdmin : Application shutdown requested.
2026-02-17T13:55:23.244+05:30  INFO 11684 --- [RMI TCP Connection(196)-127.0.0.1] o.s.b.w.e.tomcat.GracefulShutdown        : Commencing graceful shutdown. Waiting for active requests to complete
2026-02-17T13:55:23.485+05:30  INFO 11684 --- [tomcat-shutdown] o.s.b.w.e.tomcat.GracefulShutdown        : Graceful shutdown complete
2026-02-17T13:55:23.790+05:30  INFO 11684 --- [RMI TCP Connection(196)-127.0.0.1] j.LocalContainerEntityManagerFactoryBean : Closing JPA EntityManagerFactory for persistence unit 'default'
2026-02-17T13:55:23.998+05:30  INFO 11684 --- [RMI TCP Connection(196)-127.0.0.1] com.zaxxer.hikari.HikariDataSource       : HikariPool-1 - Shutdown initiated...
2026-02-17T13:55:24.036+05:30  INFO 11684 --- [RMI TCP Connection(196)-127.0.0.1] com.zaxxer.hikari.HikariDataSource       : HikariPool-1 - Shutdown completed.
2026-02-17T13:55:37.729+05:30  INFO 4704 --- [main] c.m.FreelancingServiceApplication        : Starting FreelancingServiceApplication using Java 17.0.12 with PID 4704 (C:\Users\ACER\git\repository2\Freelancing_Service\target\classes started by ACER in C:\Users\ACER\git\repository2\Freelancing_Service)
2026-02-17T13:55:37.734+05:30 DEBUG 4704 --- [main] c.m.FreelancingServiceApplication        : Running with Spring Boot v3.5.9, Spring v6.2.15
2026-02-17T13:55:37.737+05:30  INFO 4704 --- [main] c.m.FreelancingServiceApplication        : The following 1 profile is active: "dev"
2026-02-17T13:55:41.822+05:30  INFO 4704 --- [main] .s.d.r.c.RepositoryConfigurationDelegate : Bootstrapping Spring Data JPA repositories in DEFAULT mode.
2026-02-17T13:55:42.030+05:30  INFO 4704 --- [main] .s.d.r.c.RepositoryConfigurationDelegate : Finished Spring Data repository scanning in 183 ms. Found 9 JPA repository interfaces.
2026-02-17T13:55:43.673+05:30  INFO 4704 --- [main] o.s.b.w.embedded.tomcat.TomcatWebServer  : Tomcat initialized with port 10000 (http)
2026-02-17T13:55:43.706+05:30  INFO 4704 --- [main] o.apache.catalina.core.StandardService   : Starting service [Tomcat]
2026-02-17T13:55:43.707+05:30  INFO 4704 --- [main] o.apache.catalina.core.StandardEngine    : Starting Servlet engine: [Apache Tomcat/10.1.50]
2026-02-17T13:55:43.859+05:30  INFO 4704 --- [main] o.a.c.c.C.[Tomcat].[localhost].[/]       : Initializing Spring embedded WebApplicationContext
2026-02-17T13:55:43.860+05:30  INFO 4704 --- [main] w.s.c.ServletWebServerApplicationContext : Root WebApplicationContext: initialization completed in 6008 ms
2026-02-17T13:55:44.422+05:30  INFO 4704 --- [main] o.hibernate.jpa.internal.util.LogHelper  : HHH000204: Processing PersistenceUnitInfo [name: default]
2026-02-17T13:55:44.577+05:30  INFO 4704 --- [main] org.hibernate.Version                    : HHH000412: Hibernate ORM core version 6.6.39.Final
2026-02-17T13:55:44.671+05:30  INFO 4704 --- [main] o.h.c.internal.RegionFactoryInitiator    : HHH000026: Second-level cache disabled
2026-02-17T13:55:45.429+05:30  INFO 4704 --- [main] o.s.o.j.p.SpringPersistenceUnitInfo      : No LoadTimeWeaver setup: ignoring JPA class transformer
2026-02-17T13:55:45.548+05:30  INFO 4704 --- [main] com.zaxxer.hikari.HikariDataSource       : HikariPool-1 - Starting...
2026-02-17T13:55:46.725+05:30  WARN 4704 --- [main] o.h.engine.jdbc.spi.SqlExceptionHelper   : SQL Error: 0, SQLState: 08001
2026-02-17T13:55:46.726+05:30 ERROR 4704 --- [main] o.h.engine.jdbc.spi.SqlExceptionHelper   : Connection to localhost:5432 refused. Check that the hostname and port are correct and that the postmaster is accepting TCP/IP connections.
2026-02-17T13:55:46.729+05:30  WARN 4704 --- [main] o.h.e.j.e.i.JdbcEnvironmentInitiator     : HHH000342: Could not obtain connection to query metadata

org.hibernate.exception.JDBCConnectionException: unable to obtain isolated JDBC connection [Connection to localhost:5432 refused. Check that the hostname and port are correct and that the postmaster is accepting TCP/IP connections.] [n/a]
	at org.hibernate.exception.internal.SQLStateConversionDelegate.convert(SQLStateConversionDelegate.java:100) ~[hibernate-core-6.6.39.Final.jar:6.6.39.Final]
	at org.hibernate.exception.internal.StandardSQLExceptionConverter.convert(StandardSQLExceptionConverter.java:58) ~[hibernate-core-6.6.39.Final.jar:6.6.39.Final]
	at org.hibernate.engine.jdbc.spi.SqlExceptionHelper.convert(SqlExceptionHelper.java:108) ~[hibernate-core-6.6.39.Final.jar:6.6.39.Final]
	at org.hibernate.engine.jdbc.spi.SqlExceptionHelper.convert(SqlExceptionHelper.java:94) ~[hibernate-core-6.6.39.Final.jar:6.6.39.Final]
	at org.hibernate.resource.transaction.backend.jdbc.internal.JdbcIsolationDelegate.delegateWork(JdbcIsolationDelegate.java:116) ~[hibernate-core-6.6.39.Final.jar:6.6.39.Final]
	at org.hibernate.engine.jdbc.env.internal.JdbcEnvironmentInitiator.getJdbcEnvironmentUsingJdbcMetadata(JdbcEnvironmentInitiator.java:334) ~[hibernate-core-6.6.39.Final.jar:6.6.39.Final]
	at org.hibernate.engine.jdbc.env.internal.JdbcEnvironmentInitiator.initiateService(JdbcEnvironmentInitiator.java:129) ~[hibernate-core-6.6.39.Final.jar:6.6.39.Final]
	at org.hibernate.engine.jdbc.env.internal.JdbcEnvironmentInitiator.initiateService(JdbcEnvironmentInitiator.java:81) ~[hibernate-core-6.6.39.Final.jar:6.6.39.Final]
	at org.hibernate.boot.registry.internal.StandardServiceRegistryImpl.initiateService(StandardServiceRegistryImpl.java:130) ~[hibernate-core-6.6.39.Final.jar:6.6.39.Final]
	at org.hibernate.service.internal.AbstractServiceRegistryImpl.createService(AbstractServiceRegistryImpl.java:263) ~[hibernate-core-6.6.39.Final.jar:6.6.39.Final]
	at org.hibernate.service.internal.AbstractServiceRegistryImpl.initializeService(AbstractServiceRegistryImpl.java:238) ~[hibernate-core-6.6.39.Final.jar:6.6.39.Final]
	at org.hibernate.service.internal.AbstractServiceRegistryImpl.getService(AbstractServiceRegistryImpl.java:215) ~[hibernate-core-6.6.39.Final.jar:6.6.39.Final]
	at org.hibernate.boot.model.relational.Database.<init>(Database.java:45) ~[hibernate-core-6.6.39.Final.jar:6.6.39.Final]
	at org.hibernate.boot.internal.InFlightMetadataCollectorImpl.getDatabase(InFlightMetadataCollectorImpl.java:226) ~[hibernate-core-6.6.39.Final.jar:6.6.39.Final]
	at org.hibernate.boot.internal.InFlightMetadataCollectorImpl.<init>(InFlightMetadataCollectorImpl.java:194) ~[hibernate-core-6.6.39.Final.jar:6.6.39.Final]
	at org.hibernate.boot.model.process.spi.MetadataBuildingProcess.complete(MetadataBuildingProcess.java:171) ~[hibernate-core-6.6.39.Final.jar:6.6.39.Final]
	at org.hibernate.jpa.boot.internal.EntityManagerFactoryBuilderImpl.metadata(EntityManagerFactoryBuilderImpl.java:1442) ~[hibernate-core-6.6.39.Final.jar:6.6.39.Final]
	at org.hibernate.jpa.boot.internal.EntityManagerFactoryBuilderImpl.build(EntityManagerFactoryBuilderImpl.java:1513) ~[hibernate-core-6.6.39.Final.jar:6.6.39.Final]
	at org.springframework.orm.jpa.vendor.SpringHibernateJpaPersistenceProvider.createContainerEntityManagerFactory(SpringHibernateJpaPersistenceProvider.java:66) ~[spring-orm-6.2.15.jar:6.2.15]
	at org.springframework.orm.jpa.LocalContainerEntityManagerFactoryBean.createNativeEntityManagerFactory(LocalContainerEntityManagerFactoryBean.java:390) ~[spring-orm-6.2.15.jar:6.2.15]
	at org.springframework.orm.jpa.AbstractEntityManagerFactoryBean.buildNativeEntityManagerFactory(AbstractEntityManagerFactoryBean.java:419) ~[spring-orm-6.2.15.jar:6.2.15]
	at org.springframework.orm.jpa.AbstractEntityManagerFactoryBean.afterPropertiesSet(AbstractEntityManagerFactoryBean.java:400) ~[spring-orm-6.2.15.jar:6.2.15]
	at org.springframework.orm.jpa.LocalContainerEntityManagerFactoryBean.afterPropertiesSet(LocalContainerEntityManagerFactoryBean.java:366) ~[spring-orm-6.2.15.jar:6.2.15]
	at org.springframework.beans.factory.support.AbstractAutowireCapableBeanFactory.invokeInitMethods(AbstractAutowireCapableBeanFactory.java:1873) ~[spring-beans-6.2.15.jar:6.2.15]
	at org.springframework.beans.factory.support.AbstractAutowireCapableBeanFactory.initializeBean(AbstractAutowireCapableBeanFactory.java:1822) ~[spring-beans-6.2.15.jar:6.2.15]
	at org.springframework.beans.factory.support.AbstractAutowireCapableBeanFactory.doCreateBean(AbstractAutowireCapableBeanFactory.java:607) ~[spring-beans-6.2.15.jar:6.2.15]
	at org.springframework.beans.factory.support.AbstractAutowireCapableBeanFactory.createBean(AbstractAutowireCapableBeanFactory.java:529) ~[spring-beans-6.2.15.jar:6.2.15]
	at org.springframework.beans.factory.support.AbstractBeanFactory.lambda$doGetBean$0(AbstractBeanFactory.java:339) ~[spring-beans-6.2.15.jar:6.2.15]
	at org.springframework.beans.factory.support.DefaultSingletonBeanRegistry.getSingleton(DefaultSingletonBeanRegistry.java:373) ~[spring-beans-6.2.15.jar:6.2.15]
	at org.springframework.beans.factory.support.AbstractBeanFactory.doGetBean(AbstractBeanFactory.java:337) ~[spring-beans-6.2.15.jar:6.2.15]
	at org.springframework.beans.factory.support.AbstractBeanFactory.getBean(AbstractBeanFactory.java:202) ~[spring-beans-6.2.15.jar:6.2.15]
	at org.springframework.beans.factory.support.BeanDefinitionValueResolver.resolveReference(BeanDefinitionValueResolver.java:365) ~[spring-beans-6.2.15.jar:6.2.15]
	at org.springframework.beans.factory.support.BeanDefinitionValueResolver.resolveValueIfNecessary(BeanDefinitionValueResolver.java:135) ~[spring-beans-6.2.15.jar:6.2.15]
	at org.springframework.beans.factory.support.ConstructorResolver.resolveConstructorArguments(ConstructorResolver.java:691) ~[spring-beans-6.2.15.jar:6.2.15]
	at org.springframework.beans.factory.support.ConstructorResolver.instantiateUsingFactoryMethod(ConstructorResolver.java:513) ~[spring-beans-6.2.15.jar:6.2.15]
	at org.springframework.beans.factory.support.AbstractAutowireCapableBeanFactory.instantiateUsingFactoryMethod(AbstractAutowireCapableBeanFactory.java:1375) ~[spring-beans-6.2.15.jar:6.2.15]
	at org.springframework.beans.factory.support.AbstractAutowireCapableBeanFactory.createBeanInstance(AbstractAutowireCapableBeanFactory.java:1205) ~[spring-beans-6.2.15.jar:6.2.15]
	at org.springframework.beans.factory.support.AbstractAutowireCapableBeanFactory.doCreateBean(AbstractAutowireCapableBeanFactory.java:569) ~[spring-beans-6.2.15.jar:6.2.15]
	at org.springframework.beans.factory.support.AbstractAutowireCapableBeanFactory.createBean(AbstractAutowireCapableBeanFactory.java:529) ~[spring-beans-6.2.15.jar:6.2.15]
	at org.springframework.beans.factory.support.AbstractBeanFactory.lambda$doGetBean$0(AbstractBeanFactory.java:339) ~[spring-beans-6.2.15.jar:6.2.15]
	at org.springframework.beans.factory.support.DefaultSingletonBeanRegistry.getSingleton(DefaultSingletonBeanRegistry.java:373) ~[spring-beans-6.2.15.jar:6.2.15]
	at org.springframework.beans.factory.support.AbstractBeanFactory.doGetBean(AbstractBeanFactory.java:337) ~[spring-beans-6.2.15.jar:6.2.15]
	at org.springframework.beans.factory.support.AbstractBeanFactory.getBean(AbstractBeanFactory.java:202) ~[spring-beans-6.2.15.jar:6.2.15]
	at org.springframework.beans.factory.support.BeanDefinitionValueResolver.resolveReference(BeanDefinitionValueResolver.java:365) ~[spring-beans-6.2.15.jar:6.2.15]
	at org.springframework.beans.factory.support.BeanDefinitionValueResolver.resolveValueIfNecessary(BeanDefinitionValueResolver.java:135) ~[spring-beans-6.2.15.jar:6.2.15]
	at org.springframework.beans.factory.support.AbstractAutowireCapableBeanFactory.applyPropertyValues(AbstractAutowireCapableBeanFactory.java:1725) ~[spring-beans-6.2.15.jar:6.2.15]
	at org.springframework.beans.factory.support.AbstractAutowireCapableBeanFactory.populateBean(AbstractAutowireCapableBeanFactory.java:1474) ~[spring-beans-6.2.15.jar:6.2.15]
	at org.springframework.beans.factory.support.AbstractAutowireCapableBeanFactory.doCreateBean(AbstractAutowireCapableBeanFactory.java:606) ~[spring-beans-6.2.15.jar:6.2.15]
	at org.springframework.beans.factory.support.AbstractAutowireCapableBeanFactory.createBean(AbstractAutowireCapableBeanFactory.java:529) ~[spring-beans-6.2.15.jar:6.2.15]
	at org.springframework.beans.factory.support.AbstractBeanFactory.lambda$doGetBean$0(AbstractBeanFactory.java:339) ~[spring-beans-6.2.15.jar:6.2.15]
	at org.springframework.beans.factory.support.DefaultSingletonBeanRegistry.getSingleton(DefaultSingletonBeanRegistry.java:373) ~[spring-beans-6.2.15.jar:6.2.15]
	at org.springframework.beans.factory.support.AbstractBeanFactory.doGetBean(AbstractBeanFactory.java:337) ~[spring-beans-6.2.15.jar:6.2.15]
	at org.springframework.beans.factory.support.AbstractBeanFactory.getBean(AbstractBeanFactory.java:202) ~[spring-beans-6.2.15.jar:6.2.15]
	at org.springframework.beans.factory.support.DefaultListableBeanFactory.doResolveDependency(DefaultListableBeanFactory.java:1708) ~[spring-beans-6.2.15.jar:6.2.15]
	at org.springframework.beans.factory.support.DefaultListableBeanFactory.resolveDependency(DefaultListableBeanFactory.java:1653) ~[spring-beans-6.2.15.jar:6.2.15]
	at org.springframework.beans.factory.annotation.AutowiredAnnotationBeanPostProcessor$AutowiredFieldElement.resolveFieldValue(AutowiredAnnotationBeanPostProcessor.java:784) ~[spring-beans-6.2.15.jar:6.2.15]
	at org.springframework.beans.factory.annotation.AutowiredAnnotationBeanPostProcessor$AutowiredFieldElement.inject(AutowiredAnnotationBeanPostProcessor.java:767) ~[spring-beans-6.2.15.jar:6.2.15]
	at org.springframework.beans.factory.annotation.InjectionMetadata.inject(InjectionMetadata.java:146) ~[spring-beans-6.2.15.jar:6.2.15]
	at org.springframework.beans.factory.annotation.AutowiredAnnotationBeanPostProcessor.postProcessProperties(AutowiredAnnotationBeanPostProcessor.java:509) ~[spring-beans-6.2.15.jar:6.2.15]
	at org.springframework.beans.factory.support.AbstractAutowireCapableBeanFactory.populateBean(AbstractAutowireCapableBeanFactory.java:1459) ~[spring-beans-6.2.15.jar:6.2.15]
	at org.springframework.beans.factory.support.AbstractAutowireCapableBeanFactory.doCreateBean(AbstractAutowireCapableBeanFactory.java:606) ~[spring-beans-6.2.15.jar:6.2.15]
	at org.springframework.beans.factory.support.AbstractAutowireCapableBeanFactory.createBean(AbstractAutowireCapableBeanFactory.java:529) ~[spring-beans-6.2.15.jar:6.2.15]
	at org.springframework.beans.factory.support.AbstractBeanFactory.lambda$doGetBean$0(AbstractBeanFactory.java:339) ~[spring-beans-6.2.15.jar:6.2.15]
	at org.springframework.beans.factory.support.DefaultSingletonBeanRegistry.getSingleton(DefaultSingletonBeanRegistry.java:373) ~[spring-beans-6.2.15.jar:6.2.15]
	at org.springframework.beans.factory.support.AbstractBeanFactory.doGetBean(AbstractBeanFactory.java:337) ~[spring-beans-6.2.15.jar:6.2.15]
	at org.springframework.beans.factory.support.AbstractBeanFactory.getBean(AbstractBeanFactory.java:202) ~[spring-beans-6.2.15.jar:6.2.15]
	at org.springframework.beans.factory.config.DependencyDescriptor.resolveCandidate(DependencyDescriptor.java:254) ~[spring-beans-6.2.15.jar:6.2.15]
	at org.springframework.beans.factory.support.DefaultListableBeanFactory.doResolveDependency(DefaultListableBeanFactory.java:1770) ~[spring-beans-6.2.15.jar:6.2.15]
	at org.springframework.beans.factory.support.DefaultListableBeanFactory.resolveDependency(DefaultListableBeanFactory.java:1653) ~[spring-beans-6.2.15.jar:6.2.15]
	at org.springframework.beans.factory.annotation.AutowiredAnnotationBeanPostProcessor$AutowiredFieldElement.resolveFieldValue(AutowiredAnnotationBeanPostProcessor.java:784) ~[spring-beans-6.2.15.jar:6.2.15]
	at org.springframework.beans.factory.annotation.AutowiredAnnotationBeanPostProcessor$AutowiredFieldElement.inject(AutowiredAnnotationBeanPostProcessor.java:767) ~[spring-beans-6.2.15.jar:6.2.15]
	at org.springframework.beans.factory.annotation.InjectionMetadata.inject(InjectionMetadata.java:146) ~[spring-beans-6.2.15.jar:6.2.15]
	at org.springframework.beans.factory.annotation.AutowiredAnnotationBeanPostProcessor.postProcessProperties(AutowiredAnnotationBeanPostProcessor.java:509) ~[spring-beans-6.2.15.jar:6.2.15]
	at org.springframework.beans.factory.support.AbstractAutowireCapableBeanFactory.populateBean(AbstractAutowireCapableBeanFactory.java:1459) ~[spring-beans-6.2.15.jar:6.2.15]
	at org.springframework.beans.factory.support.AbstractAutowireCapableBeanFactory.doCreateBean(AbstractAutowireCapableBeanFactory.java:606) ~[spring-beans-6.2.15.jar:6.2.15]
	at org.springframework.beans.factory.support.AbstractAutowireCapableBeanFactory.createBean(AbstractAutowireCapableBeanFactory.java:529) ~[spring-beans-6.2.15.jar:6.2.15]
	at org.springframework.beans.factory.support.AbstractBeanFactory.lambda$doGetBean$0(AbstractBeanFactory.java:339) ~[spring-beans-6.2.15.jar:6.2.15]
	at org.springframework.beans.factory.support.DefaultSingletonBeanRegistry.getSingleton(DefaultSingletonBeanRegistry.java:373) ~[spring-beans-6.2.15.jar:6.2.15]
	at org.springframework.beans.factory.support.AbstractBeanFactory.doGetBean(AbstractBeanFactory.java:337) ~[spring-beans-6.2.15.jar:6.2.15]
	at org.springframework.beans.factory.support.AbstractBeanFactory.getBean(AbstractBeanFactory.java:207) ~[spring-beans-6.2.15.jar:6.2.15]
	at org.springframework.boot.web.servlet.ServletContextInitializerBeans.getOrderedBeansOfType(ServletContextInitializerBeans.java:230) ~[spring-boot-3.5.9.jar:3.5.9]
	at org.springframework.boot.web.servlet.ServletContextInitializerBeans.addAsRegistrationBean(ServletContextInitializerBeans.java:184) ~[spring-boot-3.5.9.jar:3.5.9]
	at org.springframework.boot.web.servlet.ServletContextInitializerBeans.addAsRegistrationBean(ServletContextInitializerBeans.java:179) ~[spring-boot-3.5.9.jar:3.5.9]
	at org.springframework.boot.web.servlet.ServletContextInitializerBeans.addAdaptableBeans(ServletContextInitializerBeans.java:164) ~[spring-boot-3.5.9.jar:3.5.9]
	at org.springframework.boot.web.servlet.ServletContextInitializerBeans.<init>(ServletContextInitializerBeans.java:96) ~[spring-boot-3.5.9.jar:3.5.9]
	at org.springframework.boot.web.servlet.context.ServletWebServerApplicationContext.getServletContextInitializerBeans(ServletWebServerApplicationContext.java:271) ~[spring-boot-3.5.9.jar:3.5.9]
	at org.springframework.boot.web.servlet.context.ServletWebServerApplicationContext.selfInitialize(ServletWebServerApplicationContext.java:245) ~[spring-boot-3.5.9.jar:3.5.9]
	at org.springframework.boot.web.embedded.tomcat.TomcatStarter.onStartup(TomcatStarter.java:52) ~[spring-boot-3.5.9.jar:3.5.9]
	at org.apache.catalina.core.StandardContext.startInternal(StandardContext.java:4452) ~[tomcat-embed-core-10.1.50.jar:10.1.50]
	at org.apache.catalina.util.LifecycleBase.start(LifecycleBase.java:164) ~[tomcat-embed-core-10.1.50.jar:10.1.50]
	at org.apache.catalina.core.ContainerBase$StartChild.call(ContainerBase.java:1201) ~[tomcat-embed-core-10.1.50.jar:10.1.50]
	at org.apache.catalina.core.ContainerBase$StartChild.call(ContainerBase.java:1191) ~[tomcat-embed-core-10.1.50.jar:10.1.50]
	at java.base/java.util.concurrent.FutureTask.run(FutureTask.java:264) ~[na:na]
	at org.apache.tomcat.util.threads.InlineExecutorService.execute(InlineExecutorService.java:81) ~[tomcat-embed-core-10.1.50.jar:10.1.50]
	at java.base/java.util.concurrent.AbstractExecutorService.submit(AbstractExecutorService.java:145) ~[na:na]
	at org.apache.catalina.core.ContainerBase.startInternal(ContainerBase.java:747) ~[tomcat-embed-core-10.1.50.jar:10.1.50]
	at org.apache.catalina.core.StandardHost.startInternal(StandardHost.java:783) ~[tomcat-embed-core-10.1.50.jar:10.1.50]
	at org.apache.catalina.util.LifecycleBase.start(LifecycleBase.java:164) ~[tomcat-embed-core-10.1.50.jar:10.1.50]
	at org.apache.catalina.core.ContainerBase$StartChild.call(ContainerBase.java:1201) ~[tomcat-embed-core-10.1.50.jar:10.1.50]
	at org.apache.catalina.core.ContainerBase$StartChild.call(ContainerBase.java:1191) ~[tomcat-embed-core-10.1.50.jar:10.1.50]
	at java.base/java.util.concurrent.FutureTask.run(FutureTask.java:264) ~[na:na]
	at org.apache.tomcat.util.threads.InlineExecutorService.execute(InlineExecutorService.java:81) ~[tomcat-embed-core-10.1.50.jar:10.1.50]
	at java.base/java.util.concurrent.AbstractExecutorService.submit(AbstractExecutorService.java:145) ~[na:na]
	at org.apache.catalina.core.ContainerBase.startInternal(ContainerBase.java:747) ~[tomcat-embed-core-10.1.50.jar:10.1.50]
	at org.apache.catalina.core.StandardEngine.startInternal(StandardEngine.java:201) ~[tomcat-embed-core-10.1.50.jar:10.1.50]
	at org.apache.catalina.util.LifecycleBase.start(LifecycleBase.java:164) ~[tomcat-embed-core-10.1.50.jar:10.1.50]
	at org.apache.catalina.core.StandardService.startInternal(StandardService.java:410) ~[tomcat-embed-core-10.1.50.jar:10.1.50]
	at org.apache.catalina.util.LifecycleBase.start(LifecycleBase.java:164) ~[tomcat-embed-core-10.1.50.jar:10.1.50]
	at org.apache.catalina.core.StandardServer.startInternal(StandardServer.java:868) ~[tomcat-embed-core-10.1.50.jar:10.1.50]
	at org.apache.catalina.util.LifecycleBase.start(LifecycleBase.java:164) ~[tomcat-embed-core-10.1.50.jar:10.1.50]
	at org.apache.catalina.startup.Tomcat.start(Tomcat.java:436) ~[tomcat-embed-core-10.1.50.jar:10.1.50]
	at org.springframework.boot.web.embedded.tomcat.TomcatWebServer.initialize(TomcatWebServer.java:128) ~[spring-boot-3.5.9.jar:3.5.9]
	at org.springframework.boot.web.embedded.tomcat.TomcatWebServer.<init>(TomcatWebServer.java:107) ~[spring-boot-3.5.9.jar:3.5.9]
	at org.springframework.boot.web.embedded.tomcat.TomcatServletWebServerFactory.getTomcatWebServer(TomcatServletWebServerFactory.java:517) ~[spring-boot-3.5.9.jar:3.5.9]
	at org.springframework.boot.web.embedded.tomcat.TomcatServletWebServerFactory.getWebServer(TomcatServletWebServerFactory.java:219) ~[spring-boot-3.5.9.jar:3.5.9]
	at org.springframework.boot.web.servlet.context.ServletWebServerApplicationContext.createWebServer(ServletWebServerApplicationContext.java:193) ~[spring-boot-3.5.9.jar:3.5.9]
	at org.springframework.boot.web.servlet.context.ServletWebServerApplicationContext.onRefresh(ServletWebServerApplicationContext.java:167) ~[spring-boot-3.5.9.jar:3.5.9]
	at org.springframework.context.support.AbstractApplicationContext.refresh(AbstractApplicationContext.java:621) ~[spring-context-6.2.15.jar:6.2.15]
	at org.springframework.boot.web.servlet.context.ServletWebServerApplicationContext.refresh(ServletWebServerApplicationContext.java:146) ~[spring-boot-3.5.9.jar:3.5.9]
	at org.springframework.boot.SpringApplication.refresh(SpringApplication.java:752) ~[spring-boot-3.5.9.jar:3.5.9]
	at org.springframework.boot.SpringApplication.refreshContext(SpringApplication.java:439) ~[spring-boot-3.5.9.jar:3.5.9]
	at org.springframework.boot.SpringApplication.run(SpringApplication.java:318) ~[spring-boot-3.5.9.jar:3.5.9]
	at org.springframework.boot.SpringApplication.run(SpringApplication.java:1361) ~[spring-boot-3.5.9.jar:3.5.9]
	at org.springframework.boot.SpringApplication.run(SpringApplication.java:1350) ~[spring-boot-3.5.9.jar:3.5.9]
	at com.marketplace.FreelancingServiceApplication.main(FreelancingServiceApplication.java:25) ~[classes/:na]
Caused by: org.postgresql.util.PSQLException: Connection to localhost:5432 refused. Check that the hostname and port are correct and that the postmaster is accepting TCP/IP connections.
	at org.postgresql.core.v3.ConnectionFactoryImpl.openConnectionImpl(ConnectionFactoryImpl.java:373) ~[postgresql-42.7.8.jar:42.7.8]
	at org.postgresql.core.ConnectionFactory.openConnection(ConnectionFactory.java:57) ~[postgresql-42.7.8.jar:42.7.8]
	at org.postgresql.jdbc.PgConnection.<init>(PgConnection.java:279) ~[postgresql-42.7.8.jar:42.7.8]
	at org.postgresql.Driver.makeConnection(Driver.java:448) ~[postgresql-42.7.8.jar:42.7.8]
	at org.postgresql.Driver.connect(Driver.java:298) ~[postgresql-42.7.8.jar:42.7.8]
	at com.zaxxer.hikari.util.DriverDataSource.getConnection(DriverDataSource.java:144) ~[HikariCP-6.3.3.jar:na]
	at com.zaxxer.hikari.pool.PoolBase.newConnection(PoolBase.java:370) ~[HikariCP-6.3.3.jar:na]
	at com.zaxxer.hikari.pool.PoolBase.newPoolEntry(PoolBase.java:207) ~[HikariCP-6.3.3.jar:na]
	at com.zaxxer.hikari.pool.HikariPool.createPoolEntry(HikariPool.java:488) ~[HikariCP-6.3.3.jar:na]
	at com.zaxxer.hikari.pool.HikariPool.checkFailFast(HikariPool.java:576) ~[HikariCP-6.3.3.jar:na]
	at com.zaxxer.hikari.pool.HikariPool.<init>(HikariPool.java:97) ~[HikariCP-6.3.3.jar:na]
	at com.zaxxer.hikari.HikariDataSource.getConnection(HikariDataSource.java:111) ~[HikariCP-6.3.3.jar:na]
	at org.hibernate.engine.jdbc.connections.internal.DatasourceConnectionProviderImpl.getConnection(DatasourceConnectionProviderImpl.java:126) ~[hibernate-core-6.6.39.Final.jar:6.6.39.Final]
	at org.hibernate.engine.jdbc.env.internal.JdbcEnvironmentInitiator$ConnectionProviderJdbcConnectionAccess.obtainConnection(JdbcEnvironmentInitiator.java:485) ~[hibernate-core-6.6.39.Final.jar:6.6.39.Final]
	at org.hibernate.resource.transaction.backend.jdbc.internal.JdbcIsolationDelegate.delegateWork(JdbcIsolationDelegate.java:61) ~[hibernate-core-6.6.39.Final.jar:6.6.39.Final]
	... 120 common frames omitted
Caused by: java.net.ConnectException: Connection refused: no further information
	at java.base/sun.nio.ch.Net.pollConnect(Native Method) ~[na:na]
	at java.base/sun.nio.ch.Net.pollConnectNow(Net.java:672) ~[na:na]
	at java.base/sun.nio.ch.NioSocketImpl.timedFinishConnect(NioSocketImpl.java:547) ~[na:na]
	at java.base/sun.nio.ch.NioSocketImpl.connect(NioSocketImpl.java:602) ~[na:na]
	at java.base/java.net.SocksSocketImpl.connect(SocksSocketImpl.java:327) ~[na:na]
	at java.base/java.net.Socket.connect(Socket.java:633) ~[na:na]
	at org.postgresql.core.PGStream.createSocket(PGStream.java:261) ~[postgresql-42.7.8.jar:42.7.8]
	at org.postgresql.core.PGStream.<init>(PGStream.java:122) ~[postgresql-42.7.8.jar:42.7.8]
	at org.postgresql.core.v3.ConnectionFactoryImpl.tryConnect(ConnectionFactoryImpl.java:146) ~[postgresql-42.7.8.jar:42.7.8]
	at org.postgresql.core.v3.ConnectionFactoryImpl.openConnectionImpl(ConnectionFactoryImpl.java:289) ~[postgresql-42.7.8.jar:42.7.8]
	... 134 common frames omitted

2026-02-17T13:55:46.807+05:30  WARN 4704 --- [main] org.hibernate.orm.deprecation            : HHH90000025: PostgreSQLDialect does not need to be specified explicitly using 'hibernate.dialect' (remove the property setting and it will be selected by default)
2026-02-17T13:55:46.861+05:30  INFO 4704 --- [main] org.hibernate.orm.connections.pooling    : HHH10001005: Database info:
	Database JDBC URL [Connecting through datasource 'HikariDataSource (null)']
	Database driver: undefined/unknown
	Database version: 12.0
	Autocommit mode: undefined/unknown
	Isolation level: undefined/unknown
	Minimum pool size: undefined/unknown
	Maximum pool size: undefined/unknown
2026-02-17T13:55:49.729+05:30  INFO 4704 --- [main] o.h.e.t.j.p.i.JtaPlatformInitiator       : HHH000489: No JTA platform available (set 'hibernate.transaction.jta.platform' to enable JTA platform integration)
2026-02-17T13:55:49.780+05:30  INFO 4704 --- [main] com.zaxxer.hikari.HikariDataSource       : HikariPool-1 - Starting...
2026-02-17T13:55:50.791+05:30  WARN 4704 --- [main] o.h.engine.jdbc.spi.SqlExceptionHelper   : SQL Error: 0, SQLState: 08001
2026-02-17T13:55:50.792+05:30 ERROR 4704 --- [main] o.h.engine.jdbc.spi.SqlExceptionHelper   : Connection to localhost:5432 refused. Check that the hostname and port are correct and that the postmaster is accepting TCP/IP connections.
2026-02-17T13:55:50.805+05:30 ERROR 4704 --- [main] j.LocalContainerEntityManagerFactoryBean : Failed to initialize JPA EntityManagerFactory: [PersistenceUnit: default] Unable to build Hibernate SessionFactory; nested exception is org.hibernate.exception.JDBCConnectionException: Unable to open JDBC Connection for DDL execution [Connection to localhost:5432 refused. Check that the hostname and port are correct and that the postmaster is accepting TCP/IP connections.] [n/a]
2026-02-17T13:55:50.808+05:30 ERROR 4704 --- [main] o.s.b.web.embedded.tomcat.TomcatStarter  : Error starting Tomcat context. Exception: org.springframework.beans.factory.UnsatisfiedDependencyException. Message: Error creating bean with name 'jwtFilter': Unsatisfied dependency expressed through field 'userDetailsService': Error creating bean with name 'customUserDetailsService': Unsatisfied dependency expressed through field 'userRepository': Error creating bean with name 'userRepository' defined in com.marketplace.user.UserRepository defined in @EnableJpaRepositories declared on JpaRepositoriesRegistrar.EnableJpaRepositoriesConfiguration: Cannot resolve reference to bean 'jpaSharedEM_entityManagerFactory' while setting bean property 'entityManager'
2026-02-17T13:55:50.876+05:30  INFO 4704 --- [main] o.apache.catalina.core.StandardService   : Stopping service [Tomcat]
2026-02-17T13:55:50.886+05:30  WARN 4704 --- [main] ConfigServletWebServerApplicationContext : Exception encountered during context initialization - cancelling refresh attempt: org.springframework.context.ApplicationContextException: Unable to start web server
2026-02-17T13:55:50.919+05:30  INFO 4704 --- [main] .s.b.a.l.ConditionEvaluationReportLogger : 

Error starting ApplicationContext. To display the condition evaluation report re-run your application with 'debug' enabled.
2026-02-17T13:55:50.967+05:30 ERROR 4704 --- [main] o.s.boot.SpringApplication               : Application run failed

org.springframework.context.ApplicationContextException: Unable to start web server
	at org.springframework.boot.web.servlet.context.ServletWebServerApplicationContext.onRefresh(ServletWebServerApplicationContext.java:170) ~[spring-boot-3.5.9.jar:3.5.9]
	at org.springframework.context.support.AbstractApplicationContext.refresh(AbstractApplicationContext.java:621) ~[spring-context-6.2.15.jar:6.2.15]
	at org.springframework.boot.web.servlet.context.ServletWebServerApplicationContext.refresh(ServletWebServerApplicationContext.java:146) ~[spring-boot-3.5.9.jar:3.5.9]
	at org.springframework.boot.SpringApplication.refresh(SpringApplication.java:752) ~[spring-boot-3.5.9.jar:3.5.9]
	at org.springframework.boot.SpringApplication.refreshContext(SpringApplication.java:439) ~[spring-boot-3.5.9.jar:3.5.9]
	at org.springframework.boot.SpringApplication.run(SpringApplication.java:318) ~[spring-boot-3.5.9.jar:3.5.9]
	at org.springframework.boot.SpringApplication.run(SpringApplication.java:1361) ~[spring-boot-3.5.9.jar:3.5.9]
	at org.springframework.boot.SpringApplication.run(SpringApplication.java:1350) ~[spring-boot-3.5.9.jar:3.5.9]
	at com.marketplace.FreelancingServiceApplication.main(FreelancingServiceApplication.java:25) ~[classes/:na]
Caused by: org.springframework.boot.web.server.WebServerException: Unable to start embedded Tomcat
	at org.springframework.boot.web.embedded.tomcat.TomcatWebServer.initialize(TomcatWebServer.java:147) ~[spring-boot-3.5.9.jar:3.5.9]
	at org.springframework.boot.web.embedded.tomcat.TomcatWebServer.<init>(TomcatWebServer.java:107) ~[spring-boot-3.5.9.jar:3.5.9]
	at org.springframework.boot.web.embedded.tomcat.TomcatServletWebServerFactory.getTomcatWebServer(TomcatServletWebServerFactory.java:517) ~[spring-boot-3.5.9.jar:3.5.9]
	at org.springframework.boot.web.embedded.tomcat.TomcatServletWebServerFactory.getWebServer(TomcatServletWebServerFactory.java:219) ~[spring-boot-3.5.9.jar:3.5.9]
	at org.springframework.boot.web.servlet.context.ServletWebServerApplicationContext.createWebServer(ServletWebServerApplicationContext.java:193) ~[spring-boot-3.5.9.jar:3.5.9]
	at org.springframework.boot.web.servlet.context.ServletWebServerApplicationContext.onRefresh(ServletWebServerApplicationContext.java:167) ~[spring-boot-3.5.9.jar:3.5.9]
	... 8 common frames omitted
Caused by: org.springframework.beans.factory.UnsatisfiedDependencyException: Error creating bean with name 'jwtFilter': Unsatisfied dependency expressed through field 'userDetailsService': Error creating bean with name 'customUserDetailsService': Unsatisfied dependency expressed through field 'userRepository': Error creating bean with name 'userRepository' defined in com.marketplace.user.UserRepository defined in @EnableJpaRepositories declared on JpaRepositoriesRegistrar.EnableJpaRepositoriesConfiguration: Cannot resolve reference to bean 'jpaSharedEM_entityManagerFactory' while setting bean property 'entityManager'
	at org.springframework.beans.factory.annotation.AutowiredAnnotationBeanPostProcessor$AutowiredFieldElement.resolveFieldValue(AutowiredAnnotationBeanPostProcessor.java:787) ~[spring-beans-6.2.15.jar:6.2.15]
	at org.springframework.beans.factory.annotation.AutowiredAnnotationBeanPostProcessor$AutowiredFieldElement.inject(AutowiredAnnotationBeanPostProcessor.java:767) ~[spring-beans-6.2.15.jar:6.2.15]
	at org.springframework.beans.factory.annotation.InjectionMetadata.inject(InjectionMetadata.java:146) ~[spring-beans-6.2.15.jar:6.2.15]
	at org.springframework.beans.factory.annotation.AutowiredAnnotationBeanPostProcessor.postProcessProperties(AutowiredAnnotationBeanPostProcessor.java:509) ~[spring-beans-6.2.15.jar:6.2.15]
	at org.springframework.beans.factory.support.AbstractAutowireCapableBeanFactory.populateBean(AbstractAutowireCapableBeanFactory.java:1459) ~[spring-beans-6.2.15.jar:6.2.15]
	at org.springframework.beans.factory.support.AbstractAutowireCapableBeanFactory.doCreateBean(AbstractAutowireCapableBeanFactory.java:606) ~[spring-beans-6.2.15.jar:6.2.15]
	at org.springframework.beans.factory.support.AbstractAutowireCapableBeanFactory.createBean(AbstractAutowireCapableBeanFactory.java:529) ~[spring-beans-6.2.15.jar:6.2.15]
	at org.springframework.beans.factory.support.AbstractBeanFactory.lambda$doGetBean$0(AbstractBeanFactory.java:339) ~[spring-beans-6.2.15.jar:6.2.15]
	at org.springframework.beans.factory.support.DefaultSingletonBeanRegistry.getSingleton(DefaultSingletonBeanRegistry.java:373) ~[spring-beans-6.2.15.jar:6.2.15]
	at org.springframework.beans.factory.support.AbstractBeanFactory.doGetBean(AbstractBeanFactory.java:337) ~[spring-beans-6.2.15.jar:6.2.15]
	at org.springframework.beans.factory.support.AbstractBeanFactory.getBean(AbstractBeanFactory.java:207) ~[spring-beans-6.2.15.jar:6.2.15]
	at org.springframework.boot.web.servlet.ServletContextInitializerBeans.getOrderedBeansOfType(ServletContextInitializerBeans.java:230) ~[spring-boot-3.5.9.jar:3.5.9]
	at org.springframework.boot.web.servlet.ServletContextInitializerBeans.addAsRegistrationBean(ServletContextInitializerBeans.java:184) ~[spring-boot-3.5.9.jar:3.5.9]
	at org.springframework.boot.web.servlet.ServletContextInitializerBeans.addAsRegistrationBean(ServletContextInitializerBeans.java:179) ~[spring-boot-3.5.9.jar:3.5.9]
	at org.springframework.boot.web.servlet.ServletContextInitializerBeans.addAdaptableBeans(ServletContextInitializerBeans.java:164) ~[spring-boot-3.5.9.jar:3.5.9]
	at org.springframework.boot.web.servlet.ServletContextInitializerBeans.<init>(ServletContextInitializerBeans.java:96) ~[spring-boot-3.5.9.jar:3.5.9]
	at org.springframework.boot.web.servlet.context.ServletWebServerApplicationContext.getServletContextInitializerBeans(ServletWebServerApplicationContext.java:271) ~[spring-boot-3.5.9.jar:3.5.9]
	at org.springframework.boot.web.servlet.context.ServletWebServerApplicationContext.selfInitialize(ServletWebServerApplicationContext.java:245) ~[spring-boot-3.5.9.jar:3.5.9]
	at org.springframework.boot.web.embedded.tomcat.TomcatStarter.onStartup(TomcatStarter.java:52) ~[spring-boot-3.5.9.jar:3.5.9]
	at org.apache.catalina.core.StandardContext.startInternal(StandardContext.java:4452) ~[tomcat-embed-core-10.1.50.jar:10.1.50]
	at org.apache.catalina.util.LifecycleBase.start(LifecycleBase.java:164) ~[tomcat-embed-core-10.1.50.jar:10.1.50]
	at org.apache.catalina.core.ContainerBase$StartChild.call(ContainerBase.java:1201) ~[tomcat-embed-core-10.1.50.jar:10.1.50]
	at org.apache.catalina.core.ContainerBase$StartChild.call(ContainerBase.java:1191) ~[tomcat-embed-core-10.1.50.jar:10.1.50]
	at java.base/java.util.concurrent.FutureTask.run(FutureTask.java:264) ~[na:na]
	at org.apache.tomcat.util.threads.InlineExecutorService.execute(InlineExecutorService.java:81) ~[tomcat-embed-core-10.1.50.jar:10.1.50]
	at java.base/java.util.concurrent.AbstractExecutorService.submit(AbstractExecutorService.java:145) ~[na:na]
	at org.apache.catalina.core.ContainerBase.startInternal(ContainerBase.java:747) ~[tomcat-embed-core-10.1.50.jar:10.1.50]
	at org.apache.catalina.core.StandardHost.startInternal(StandardHost.java:783) ~[tomcat-embed-core-10.1.50.jar:10.1.50]
	at org.apache.catalina.util.LifecycleBase.start(LifecycleBase.java:164) ~[tomcat-embed-core-10.1.50.jar:10.1.50]
	at org.apache.catalina.core.ContainerBase$StartChild.call(ContainerBase.java:1201) ~[tomcat-embed-core-10.1.50.jar:10.1.50]
	at org.apache.catalina.core.ContainerBase$StartChild.call(ContainerBase.java:1191) ~[tomcat-embed-core-10.1.50.jar:10.1.50]
	at java.base/java.util.concurrent.FutureTask.run(FutureTask.java:264) ~[na:na]
	at org.apache.tomcat.util.threads.InlineExecutorService.execute(InlineExecutorService.java:81) ~[tomcat-embed-core-10.1.50.jar:10.1.50]
	at java.base/java.util.concurrent.AbstractExecutorService.submit(AbstractExecutorService.java:145) ~[na:na]
	at org.apache.catalina.core.ContainerBase.startInternal(ContainerBase.java:747) ~[tomcat-embed-core-10.1.50.jar:10.1.50]
	at org.apache.catalina.core.StandardEngine.startInternal(StandardEngine.java:201) ~[tomcat-embed-core-10.1.50.jar:10.1.50]
	at org.apache.catalina.util.LifecycleBase.start(LifecycleBase.java:164) ~[tomcat-embed-core-10.1.50.jar:10.1.50]
	at org.apache.catalina.core.StandardService.startInternal(StandardService.java:410) ~[tomcat-embed-core-10.1.50.jar:10.1.50]
	at org.apache.catalina.util.LifecycleBase.start(LifecycleBase.java:164) ~[tomcat-embed-core-10.1.50.jar:10.1.50]
	at org.apache.catalina.core.StandardServer.startInternal(StandardServer.java:868) ~[tomcat-embed-core-10.1.50.jar:10.1.50]
	at org.apache.catalina.util.LifecycleBase.start(LifecycleBase.java:164) ~[tomcat-embed-core-10.1.50.jar:10.1.50]
	at org.apache.catalina.startup.Tomcat.start(Tomcat.java:436) ~[tomcat-embed-core-10.1.50.jar:10.1.50]
	at org.springframework.boot.web.embedded.tomcat.TomcatWebServer.initialize(TomcatWebServer.java:128) ~[spring-boot-3.5.9.jar:3.5.9]
	... 13 common frames omitted
Caused by: org.springframework.beans.factory.UnsatisfiedDependencyException: Error creating bean with name 'customUserDetailsService': Unsatisfied dependency expressed through field 'userRepository': Error creating bean with name 'userRepository' defined in com.marketplace.user.UserRepository defined in @EnableJpaRepositories declared on JpaRepositoriesRegistrar.EnableJpaRepositoriesConfiguration: Cannot resolve reference to bean 'jpaSharedEM_entityManagerFactory' while setting bean property 'entityManager'
	at org.springframework.beans.factory.annotation.AutowiredAnnotationBeanPostProcessor$AutowiredFieldElement.resolveFieldValue(AutowiredAnnotationBeanPostProcessor.java:787) ~[spring-beans-6.2.15.jar:6.2.15]
	at org.springframework.beans.factory.annotation.AutowiredAnnotationBeanPostProcessor$AutowiredFieldElement.inject(AutowiredAnnotationBeanPostProcessor.java:767) ~[spring-beans-6.2.15.jar:6.2.15]
	at org.springframework.beans.factory.annotation.InjectionMetadata.inject(InjectionMetadata.java:146) ~[spring-beans-6.2.15.jar:6.2.15]
	at org.springframework.beans.factory.annotation.AutowiredAnnotationBeanPostProcessor.postProcessProperties(AutowiredAnnotationBeanPostProcessor.java:509) ~[spring-beans-6.2.15.jar:6.2.15]
	at org.springframework.beans.factory.support.AbstractAutowireCapableBeanFactory.populateBean(AbstractAutowireCapableBeanFactory.java:1459) ~[spring-beans-6.2.15.jar:6.2.15]
	at org.springframework.beans.factory.support.AbstractAutowireCapableBeanFactory.doCreateBean(AbstractAutowireCapableBeanFactory.java:606) ~[spring-beans-6.2.15.jar:6.2.15]
	at org.springframework.beans.factory.support.AbstractAutowireCapableBeanFactory.createBean(AbstractAutowireCapableBeanFactory.java:529) ~[spring-beans-6.2.15.jar:6.2.15]
	at org.springframework.beans.factory.support.AbstractBeanFactory.lambda$doGetBean$0(AbstractBeanFactory.java:339) ~[spring-beans-6.2.15.jar:6.2.15]
	at org.springframework.beans.factory.support.DefaultSingletonBeanRegistry.getSingleton(DefaultSingletonBeanRegistry.java:373) ~[spring-beans-6.2.15.jar:6.2.15]
	at org.springframework.beans.factory.support.AbstractBeanFactory.doGetBean(AbstractBeanFactory.java:337) ~[spring-beans-6.2.15.jar:6.2.15]
	at org.springframework.beans.factory.support.AbstractBeanFactory.getBean(AbstractBeanFactory.java:202) ~[spring-beans-6.2.15.jar:6.2.15]
	at org.springframework.beans.factory.config.DependencyDescriptor.resolveCandidate(DependencyDescriptor.java:254) ~[spring-beans-6.2.15.jar:6.2.15]
	at org.springframework.beans.factory.support.DefaultListableBeanFactory.doResolveDependency(DefaultListableBeanFactory.java:1770) ~[spring-beans-6.2.15.jar:6.2.15]
	at org.springframework.beans.factory.support.DefaultListableBeanFactory.resolveDependency(DefaultListableBeanFactory.java:1653) ~[spring-beans-6.2.15.jar:6.2.15]
	at org.springframework.beans.factory.annotation.AutowiredAnnotationBeanPostProcessor$AutowiredFieldElement.resolveFieldValue(AutowiredAnnotationBeanPostProcessor.java:784) ~[spring-beans-6.2.15.jar:6.2.15]
	... 55 common frames omitted
Caused by: org.springframework.beans.factory.BeanCreationException: Error creating bean with name 'userRepository' defined in com.marketplace.user.UserRepository defined in @EnableJpaRepositories declared on JpaRepositoriesRegistrar.EnableJpaRepositoriesConfiguration: Cannot resolve reference to bean 'jpaSharedEM_entityManagerFactory' while setting bean property 'entityManager'
	at org.springframework.beans.factory.support.BeanDefinitionValueResolver.resolveReference(BeanDefinitionValueResolver.java:377) ~[spring-beans-6.2.15.jar:6.2.15]
	at org.springframework.beans.factory.support.BeanDefinitionValueResolver.resolveValueIfNecessary(BeanDefinitionValueResolver.java:135) ~[spring-beans-6.2.15.jar:6.2.15]
	at org.springframework.beans.factory.support.AbstractAutowireCapableBeanFactory.applyPropertyValues(AbstractAutowireCapableBeanFactory.java:1725) ~[spring-beans-6.2.15.jar:6.2.15]
	at org.springframework.beans.factory.support.AbstractAutowireCapableBeanFactory.populateBean(AbstractAutowireCapableBeanFactory.java:1474) ~[spring-beans-6.2.15.jar:6.2.15]
	at org.springframework.beans.factory.support.AbstractAutowireCapableBeanFactory.doCreateBean(AbstractAutowireCapableBeanFactory.java:606) ~[spring-beans-6.2.15.jar:6.2.15]
	at org.springframework.beans.factory.support.AbstractAutowireCapableBeanFactory.createBean(AbstractAutowireCapableBeanFactory.java:529) ~[spring-beans-6.2.15.jar:6.2.15]
	at org.springframework.beans.factory.support.AbstractBeanFactory.lambda$doGetBean$0(AbstractBeanFactory.java:339) ~[spring-beans-6.2.15.jar:6.2.15]
	at org.springframework.beans.factory.support.DefaultSingletonBeanRegistry.getSingleton(DefaultSingletonBeanRegistry.java:373) ~[spring-beans-6.2.15.jar:6.2.15]
	at org.springframework.beans.factory.support.AbstractBeanFactory.doGetBean(AbstractBeanFactory.java:337) ~[spring-beans-6.2.15.jar:6.2.15]
	at org.springframework.beans.factory.support.AbstractBeanFactory.getBean(AbstractBeanFactory.java:202) ~[spring-beans-6.2.15.jar:6.2.15]
	at org.springframework.beans.factory.support.DefaultListableBeanFactory.doResolveDependency(DefaultListableBeanFactory.java:1708) ~[spring-beans-6.2.15.jar:6.2.15]
	at org.springframework.beans.factory.support.DefaultListableBeanFactory.resolveDependency(DefaultListableBeanFactory.java:1653) ~[spring-beans-6.2.15.jar:6.2.15]
	at org.springframework.beans.factory.annotation.AutowiredAnnotationBeanPostProcessor$AutowiredFieldElement.resolveFieldValue(AutowiredAnnotationBeanPostProcessor.java:784) ~[spring-beans-6.2.15.jar:6.2.15]
	... 69 common frames omitted
Caused by: org.springframework.beans.factory.BeanCreationException: Error creating bean with name 'jpaSharedEM_entityManagerFactory': Cannot resolve reference to bean 'entityManagerFactory' while setting constructor argument
	at org.springframework.beans.factory.support.BeanDefinitionValueResolver.resolveReference(BeanDefinitionValueResolver.java:377) ~[spring-beans-6.2.15.jar:6.2.15]
	at org.springframework.beans.factory.support.BeanDefinitionValueResolver.resolveValueIfNecessary(BeanDefinitionValueResolver.java:135) ~[spring-beans-6.2.15.jar:6.2.15]
	at org.springframework.beans.factory.support.ConstructorResolver.resolveConstructorArguments(ConstructorResolver.java:691) ~[spring-beans-6.2.15.jar:6.2.15]
	at org.springframework.beans.factory.support.ConstructorResolver.instantiateUsingFactoryMethod(ConstructorResolver.java:513) ~[spring-beans-6.2.15.jar:6.2.15]
	at org.springframework.beans.factory.support.AbstractAutowireCapableBeanFactory.instantiateUsingFactoryMethod(AbstractAutowireCapableBeanFactory.java:1375) ~[spring-beans-6.2.15.jar:6.2.15]
	at org.springframework.beans.factory.support.AbstractAutowireCapableBeanFactory.createBeanInstance(AbstractAutowireCapableBeanFactory.java:1205) ~[spring-beans-6.2.15.jar:6.2.15]
	at org.springframework.beans.factory.support.AbstractAutowireCapableBeanFactory.doCreateBean(AbstractAutowireCapableBeanFactory.java:569) ~[spring-beans-6.2.15.jar:6.2.15]
	at org.springframework.beans.factory.support.AbstractAutowireCapableBeanFactory.createBean(AbstractAutowireCapableBeanFactory.java:529) ~[spring-beans-6.2.15.jar:6.2.15]
	at org.springframework.beans.factory.support.AbstractBeanFactory.lambda$doGetBean$0(AbstractBeanFactory.java:339) ~[spring-beans-6.2.15.jar:6.2.15]
	at org.springframework.beans.factory.support.DefaultSingletonBeanRegistry.getSingleton(DefaultSingletonBeanRegistry.java:373) ~[spring-beans-6.2.15.jar:6.2.15]
	at org.springframework.beans.factory.support.AbstractBeanFactory.doGetBean(AbstractBeanFactory.java:337) ~[spring-beans-6.2.15.jar:6.2.15]
	at org.springframework.beans.factory.support.AbstractBeanFactory.getBean(AbstractBeanFactory.java:202) ~[spring-beans-6.2.15.jar:6.2.15]
	at org.springframework.beans.factory.support.BeanDefinitionValueResolver.resolveReference(BeanDefinitionValueResolver.java:365) ~[spring-beans-6.2.15.jar:6.2.15]
	... 81 common frames omitted
Caused by: org.springframework.beans.factory.BeanCreationException: Error creating bean with name 'entityManagerFactory' defined in class path resource [org/springframework/boot/autoconfigure/orm/jpa/HibernateJpaConfiguration.class]: [PersistenceUnit: default] Unable to build Hibernate SessionFactory; nested exception is org.hibernate.exception.JDBCConnectionException: Unable to open JDBC Connection for DDL execution [Connection to localhost:5432 refused. Check that the hostname and port are correct and that the postmaster is accepting TCP/IP connections.] [n/a]
	at org.springframework.beans.factory.support.AbstractAutowireCapableBeanFactory.initializeBean(AbstractAutowireCapableBeanFactory.java:1826) ~[spring-beans-6.2.15.jar:6.2.15]
	at org.springframework.beans.factory.support.AbstractAutowireCapableBeanFactory.doCreateBean(AbstractAutowireCapableBeanFactory.java:607) ~[spring-beans-6.2.15.jar:6.2.15]
	at org.springframework.beans.factory.support.AbstractAutowireCapableBeanFactory.createBean(AbstractAutowireCapableBeanFactory.java:529) ~[spring-beans-6.2.15.jar:6.2.15]
	at org.springframework.beans.factory.support.AbstractBeanFactory.lambda$doGetBean$0(AbstractBeanFactory.java:339) ~[spring-beans-6.2.15.jar:6.2.15]
	at org.springframework.beans.factory.support.DefaultSingletonBeanRegistry.getSingleton(DefaultSingletonBeanRegistry.java:373) ~[spring-beans-6.2.15.jar:6.2.15]
	at org.springframework.beans.factory.support.AbstractBeanFactory.doGetBean(AbstractBeanFactory.java:337) ~[spring-beans-6.2.15.jar:6.2.15]
	at org.springframework.beans.factory.support.AbstractBeanFactory.getBean(AbstractBeanFactory.java:202) ~[spring-beans-6.2.15.jar:6.2.15]
	at org.springframework.beans.factory.support.BeanDefinitionValueResolver.resolveReference(BeanDefinitionValueResolver.java:365) ~[spring-beans-6.2.15.jar:6.2.15]
	... 93 common frames omitted
Caused by: jakarta.persistence.PersistenceException: [PersistenceUnit: default] Unable to build Hibernate SessionFactory; nested exception is org.hibernate.exception.JDBCConnectionException: Unable to open JDBC Connection for DDL execution [Connection to localhost:5432 refused. Check that the hostname and port are correct and that the postmaster is accepting TCP/IP connections.] [n/a]
	at org.springframework.orm.jpa.AbstractEntityManagerFactoryBean.buildNativeEntityManagerFactory(AbstractEntityManagerFactoryBean.java:431) ~[spring-orm-6.2.15.jar:6.2.15]
	at org.springframework.orm.jpa.AbstractEntityManagerFactoryBean.afterPropertiesSet(AbstractEntityManagerFactoryBean.java:400) ~[spring-orm-6.2.15.jar:6.2.15]
	at org.springframework.orm.jpa.LocalContainerEntityManagerFactoryBean.afterPropertiesSet(LocalContainerEntityManagerFactoryBean.java:366) ~[spring-orm-6.2.15.jar:6.2.15]
	at org.springframework.beans.factory.support.AbstractAutowireCapableBeanFactory.invokeInitMethods(AbstractAutowireCapableBeanFactory.java:1873) ~[spring-beans-6.2.15.jar:6.2.15]
	at org.springframework.beans.factory.support.AbstractAutowireCapableBeanFactory.initializeBean(AbstractAutowireCapableBeanFactory.java:1822) ~[spring-beans-6.2.15.jar:6.2.15]
	... 100 common frames omitted
Caused by: org.hibernate.exception.JDBCConnectionException: Unable to open JDBC Connection for DDL execution [Connection to localhost:5432 refused. Check that the hostname and port are correct and that the postmaster is accepting TCP/IP connections.] [n/a]
	at org.hibernate.exception.internal.SQLStateConversionDelegate.convert(SQLStateConversionDelegate.java:100) ~[hibernate-core-6.6.39.Final.jar:6.6.39.Final]
	at org.hibernate.exception.internal.StandardSQLExceptionConverter.convert(StandardSQLExceptionConverter.java:58) ~[hibernate-core-6.6.39.Final.jar:6.6.39.Final]
	at org.hibernate.engine.jdbc.spi.SqlExceptionHelper.convert(SqlExceptionHelper.java:108) ~[hibernate-core-6.6.39.Final.jar:6.6.39.Final]
	at org.hibernate.engine.jdbc.spi.SqlExceptionHelper.convert(SqlExceptionHelper.java:94) ~[hibernate-core-6.6.39.Final.jar:6.6.39.Final]
	at org.hibernate.resource.transaction.backend.jdbc.internal.DdlTransactionIsolatorNonJtaImpl.getIsolatedConnection(DdlTransactionIsolatorNonJtaImpl.java:74) ~[hibernate-core-6.6.39.Final.jar:6.6.39.Final]
	at org.hibernate.resource.transaction.backend.jdbc.internal.DdlTransactionIsolatorNonJtaImpl.getIsolatedConnection(DdlTransactionIsolatorNonJtaImpl.java:39) ~[hibernate-core-6.6.39.Final.jar:6.6.39.Final]
	at org.hibernate.tool.schema.internal.exec.ImprovedExtractionContextImpl.getJdbcConnection(ImprovedExtractionContextImpl.java:63) ~[hibernate-core-6.6.39.Final.jar:6.6.39.Final]
	at org.hibernate.tool.schema.extract.spi.ExtractionContext.getQueryResults(ExtractionContext.java:43) ~[hibernate-core-6.6.39.Final.jar:6.6.39.Final]
	at org.hibernate.tool.schema.extract.internal.SequenceInformationExtractorLegacyImpl.extractMetadata(SequenceInformationExtractorLegacyImpl.java:39) ~[hibernate-core-6.6.39.Final.jar:6.6.39.Final]
	at org.hibernate.tool.schema.extract.internal.DatabaseInformationImpl.initializeSequences(DatabaseInformationImpl.java:66) ~[hibernate-core-6.6.39.Final.jar:6.6.39.Final]
	at org.hibernate.tool.schema.extract.internal.DatabaseInformationImpl.<init>(DatabaseInformationImpl.java:60) ~[hibernate-core-6.6.39.Final.jar:6.6.39.Final]
	at org.hibernate.tool.schema.internal.Helper.buildDatabaseInformation(Helper.java:185) ~[hibernate-core-6.6.39.Final.jar:6.6.39.Final]
	at org.hibernate.tool.schema.internal.AbstractSchemaMigrator.doMigration(AbstractSchemaMigrator.java:93) ~[hibernate-core-6.6.39.Final.jar:6.6.39.Final]
	at org.hibernate.tool.schema.spi.SchemaManagementToolCoordinator.performDatabaseAction(SchemaManagementToolCoordinator.java:280) ~[hibernate-core-6.6.39.Final.jar:6.6.39.Final]
	at org.hibernate.tool.schema.spi.SchemaManagementToolCoordinator.lambda$process$5(SchemaManagementToolCoordinator.java:144) ~[hibernate-core-6.6.39.Final.jar:6.6.39.Final]
	at java.base/java.util.HashMap.forEach(HashMap.java:1421) ~[na:na]
	at org.hibernate.tool.schema.spi.SchemaManagementToolCoordinator.process(SchemaManagementToolCoordinator.java:141) ~[hibernate-core-6.6.39.Final.jar:6.6.39.Final]
	at org.hibernate.boot.internal.SessionFactoryObserverForSchemaExport.sessionFactoryCreated(SessionFactoryObserverForSchemaExport.java:37) ~[hibernate-core-6.6.39.Final.jar:6.6.39.Final]
	at org.hibernate.internal.SessionFactoryObserverChain.sessionFactoryCreated(SessionFactoryObserverChain.java:35) ~[hibernate-core-6.6.39.Final.jar:6.6.39.Final]
	at org.hibernate.internal.SessionFactoryImpl.<init>(SessionFactoryImpl.java:324) ~[hibernate-core-6.6.39.Final.jar:6.6.39.Final]
	at org.hibernate.boot.internal.SessionFactoryBuilderImpl.build(SessionFactoryBuilderImpl.java:463) ~[hibernate-core-6.6.39.Final.jar:6.6.39.Final]
	at org.hibernate.jpa.boot.internal.EntityManagerFactoryBuilderImpl.build(EntityManagerFactoryBuilderImpl.java:1517) ~[hibernate-core-6.6.39.Final.jar:6.6.39.Final]
	at org.springframework.orm.jpa.vendor.SpringHibernateJpaPersistenceProvider.createContainerEntityManagerFactory(SpringHibernateJpaPersistenceProvider.java:66) ~[spring-orm-6.2.15.jar:6.2.15]
	at org.springframework.orm.jpa.LocalContainerEntityManagerFactoryBean.createNativeEntityManagerFactory(LocalContainerEntityManagerFactoryBean.java:390) ~[spring-orm-6.2.15.jar:6.2.15]
	at org.springframework.orm.jpa.AbstractEntityManagerFactoryBean.buildNativeEntityManagerFactory(AbstractEntityManagerFactoryBean.java:419) ~[spring-orm-6.2.15.jar:6.2.15]
	... 104 common frames omitted
Caused by: org.postgresql.util.PSQLException: Connection to localhost:5432 refused. Check that the hostname and port are correct and that the postmaster is accepting TCP/IP connections.
	at org.postgresql.core.v3.ConnectionFactoryImpl.openConnectionImpl(ConnectionFactoryImpl.java:373) ~[postgresql-42.7.8.jar:42.7.8]
	at org.postgresql.core.ConnectionFactory.openConnection(ConnectionFactory.java:57) ~[postgresql-42.7.8.jar:42.7.8]
	at org.postgresql.jdbc.PgConnection.<init>(PgConnection.java:279) ~[postgresql-42.7.8.jar:42.7.8]
	at org.postgresql.Driver.makeConnection(Driver.java:448) ~[postgresql-42.7.8.jar:42.7.8]
	at org.postgresql.Driver.connect(Driver.java:298) ~[postgresql-42.7.8.jar:42.7.8]
	at com.zaxxer.hikari.util.DriverDataSource.getConnection(DriverDataSource.java:144) ~[HikariCP-6.3.3.jar:na]
	at com.zaxxer.hikari.pool.PoolBase.newConnection(PoolBase.java:370) ~[HikariCP-6.3.3.jar:na]
	at com.zaxxer.hikari.pool.PoolBase.newPoolEntry(PoolBase.java:207) ~[HikariCP-6.3.3.jar:na]
	at com.zaxxer.hikari.pool.HikariPool.createPoolEntry(HikariPool.java:488) ~[HikariCP-6.3.3.jar:na]
	at com.zaxxer.hikari.pool.HikariPool.checkFailFast(HikariPool.java:576) ~[HikariCP-6.3.3.jar:na]
	at com.zaxxer.hikari.pool.HikariPool.<init>(HikariPool.java:97) ~[HikariCP-6.3.3.jar:na]
	at com.zaxxer.hikari.HikariDataSource.getConnection(HikariDataSource.java:111) ~[HikariCP-6.3.3.jar:na]
	at org.hibernate.engine.jdbc.connections.internal.DatasourceConnectionProviderImpl.getConnection(DatasourceConnectionProviderImpl.java:126) ~[hibernate-core-6.6.39.Final.jar:6.6.39.Final]
	at org.hibernate.engine.jdbc.env.internal.JdbcEnvironmentInitiator$ConnectionProviderJdbcConnectionAccess.obtainConnection(JdbcEnvironmentInitiator.java:485) ~[hibernate-core-6.6.39.Final.jar:6.6.39.Final]
	at org.hibernate.resource.transaction.backend.jdbc.internal.DdlTransactionIsolatorNonJtaImpl.getIsolatedConnection(DdlTransactionIsolatorNonJtaImpl.java:46) ~[hibernate-core-6.6.39.Final.jar:6.6.39.Final]
	... 124 common frames omitted
Caused by: java.net.ConnectException: Connection refused: no further information
	at java.base/sun.nio.ch.Net.pollConnect(Native Method) ~[na:na]
	at java.base/sun.nio.ch.Net.pollConnectNow(Net.java:672) ~[na:na]
	at java.base/sun.nio.ch.NioSocketImpl.timedFinishConnect(NioSocketImpl.java:547) ~[na:na]
	at java.base/sun.nio.ch.NioSocketImpl.connect(NioSocketImpl.java:602) ~[na:na]
	at java.base/java.net.SocksSocketImpl.connect(SocksSocketImpl.java:327) ~[na:na]
	at java.base/java.net.Socket.connect(Socket.java:633) ~[na:na]
	at org.postgresql.core.PGStream.createSocket(PGStream.java:261) ~[postgresql-42.7.8.jar:42.7.8]
	at org.postgresql.core.PGStream.<init>(PGStream.java:122) ~[postgresql-42.7.8.jar:42.7.8]
	at org.postgresql.core.v3.ConnectionFactoryImpl.tryConnect(ConnectionFactoryImpl.java:146) ~[postgresql-42.7.8.jar:42.7.8]
	at org.postgresql.core.v3.ConnectionFactoryImpl.openConnectionImpl(ConnectionFactoryImpl.java:289) ~[postgresql-42.7.8.jar:42.7.8]
	... 138 common frames omitted

